[2025-04-12T20:10:39.493Z] RC VERBOSE 6 {
  "racer_name": "Aspiry",
  "action": "ADD"
}
[2025-04-12T20:10:39.495Z] RC VERBOSE 6 {
  "racer_name": "ikonos33",
  "action": "ADD"
}
[2025-04-12T20:10:39.497Z] RC VERBOSE 6 {
  "racer_name": "Terraformer9",
  "action": "ADD"
}
[2025-04-12T20:10:39.499Z] RC VERBOSE 6 {
  "racer_name": "Miesneus",
  "action": "ADD"
}
[2025-04-12T20:10:39.501Z] RC VERBOSE 6 {
  "racer_name": "biloblue",
  "action": "ADD"
}
[2025-04-12T20:10:39.502Z] RC VERBOSE 6 {
  "racer_name": "duxq",
  "action": "ADD"
}
[2025-04-12T20:10:39.505Z] RC VERBOSE 6 {
  "racer_name": "MarsCitadel",
  "action": "ADD"
}
[2025-04-12T20:10:39.507Z] RC VERBOSE 6 {
  "racer_name": "Samuelle1411",
  "action": "ADD"
}
[2025-04-12T20:10:39.509Z] RC VERBOSE 6 {
  "racer_name": "aChaoticGod",
  "action": "ADD"
}
[2025-04-12T20:10:39.511Z] RC VERBOSE 6 {
  "racer_name": "_AmazingAstro",
  "action": "ADD"
}
[2025-04-12T20:10:39.512Z] RC VERBOSE 6 {
  "racer_name": "T1AL_",
  "action": "ADD"
}
[2025-04-12T20:10:39.514Z] RC VERBOSE 6 {
  "racer_name": "TheAlphaGamer787",
  "action": "ADD"
}
[2025-04-12T20:10:39.516Z] RC VERBOSE 6 {
  "racer_name": "Alger1no",
  "action": "ADD"
}
[2025-04-12T20:10:39.518Z] RC VERBOSE 6 {
  "racer_name": "SubayAdamm",
  "action": "ADD"
}
[2025-04-12T20:10:39.520Z] RC VERBOSE 6 {
  "racer_name": "Loganbestone",
  "action": "ADD"
}
[2025-04-12T20:10:39.522Z] RC VERBOSE 6 {
  "racer_name": "DJBLOCKM0NSTER",
  "action": "ADD"
}
[2025-04-12T20:10:39.524Z] RC VERBOSE 6 {
  "racer_name": "GiftedTuba",
  "action": "ADD"
}
[2025-04-12T20:10:39.526Z] RC VERBOSE 6 {
  "racer_name": "Niszara",
  "action": "ADD"
}
[2025-04-12T20:10:39.528Z] RC VERBOSE 6 {
  "racer_name": "Tomycero74",
  "action": "ADD"
}
[2025-04-12T20:13:59.678Z] RC VERBOSE 9 {
  "state": "RACE"
}
[2025-04-12T20:14:25.081Z] RC VERBOSE 9 {
  "state": "RACE"
}
[2025-04-12T20:14:25.197Z] RC VERBOSE 2 {"timestamp":1744488865196,"checkpoint_crosses":{"0":["Aspiry"]}}
[2025-04-12T20:14:25.398Z] RC VERBOSE 2 {"timestamp":1744488865395,"checkpoint_crosses":{"0":["ikonos33"]}}
[2025-04-12T20:14:26.048Z] RC VERBOSE 2 {"timestamp":1744488866046,"checkpoint_crosses":{"0":["Terraformer9"]}}
[2025-04-12T20:14:26.299Z] RC VERBOSE 2 {"timestamp":1744488866297,"checkpoint_crosses":{"0":["Miesneus"]}}
[2025-04-12T20:14:27.047Z] RC VERBOSE 2 {"timestamp":1744488867046,"checkpoint_crosses":{"0":["duxq"]}}
[2025-04-12T20:14:27.448Z] RC VERBOSE 2 {"timestamp":1744488867447,"checkpoint_crosses":{"0":["biloblue"]}}
[2025-04-12T20:14:28.099Z] RC VERBOSE 2 {"timestamp":1744488868096,"checkpoint_crosses":{"0":["Samuelle1411"]}}
[2025-04-12T20:14:28.547Z] RC VERBOSE 2 {"timestamp":1744488868546,"checkpoint_crosses":{"0":["MarsCitadel"]}}
[2025-04-12T20:14:28.597Z] RC VERBOSE 2 {"timestamp":1744488868596,"checkpoint_crosses":{"0":["_AmazingAstro"]}}
[2025-04-12T20:14:29.248Z] RC VERBOSE 2 {"timestamp":1744488869247,"checkpoint_crosses":{"0":["aChaoticGod"]}}
[2025-04-12T20:14:29.646Z] RC VERBOSE 2 {"timestamp":1744488869646,"checkpoint_crosses":{"1":["Aspiry"]}}
[2025-04-12T20:14:29.949Z] RC VERBOSE 2 {"timestamp":1744488869947,"checkpoint_crosses":{"0":["Alger1no"]}}
[2025-04-12T20:14:30.099Z] RC VERBOSE 2 {"timestamp":1744488870096,"checkpoint_crosses":{"0":["T1AL_"]}}
[2025-04-12T20:14:30.248Z] RC VERBOSE 2 {"timestamp":1744488870246,"checkpoint_crosses":{"0":["TheAlphaGamer787"]}}
[2025-04-12T20:14:30.549Z] RC VERBOSE 2 {"timestamp":1744488870547,"checkpoint_crosses":{"0":["SubayAdamm"]}}
[2025-04-12T20:14:30.747Z] RC VERBOSE 2 {"timestamp":1744488870745,"checkpoint_crosses":{"1":["ikonos33"]}}
[2025-04-12T20:14:30.798Z] RC VERBOSE 2 {"timestamp":1744488870796,"checkpoint_crosses":{"1":["Miesneus"]}}
[2025-04-12T20:14:31.300Z] RC VERBOSE 2 {"timestamp":1744488871298,"checkpoint_crosses":{"1":["Terraformer9"]}}
[2025-04-12T20:14:31.548Z] RC VERBOSE 2 {"timestamp":1744488871546,"checkpoint_crosses":{"0":["Loganbestone"]}}
[2025-04-12T20:14:31.648Z] RC VERBOSE 2 {"timestamp":1744488871647,"checkpoint_crosses":{"0":["DJBLOCKM0NSTER"]}}
[2025-04-12T20:14:32.598Z] RC VERBOSE 2 {"timestamp":1744488872596,"checkpoint_crosses":{"0":["Niszara"]}}
[2025-04-12T20:14:32.647Z] RC VERBOSE 2 {"timestamp":1744488872646,"checkpoint_crosses":{"1":["duxq"]}}
[2025-04-12T20:14:32.748Z] RC VERBOSE 2 {"timestamp":1744488872746,"checkpoint_crosses":{"1":["_AmazingAstro"]}}
[2025-04-12T20:14:32.848Z] RC VERBOSE 2 {"timestamp":1744488872846,"checkpoint_crosses":{"0":["GiftedTuba"]}}
[2025-04-12T20:14:33.648Z] RC VERBOSE 2 {"timestamp":1744488873646,"checkpoint_crosses":{"0":["Tomycero74"]}}
[2025-04-12T20:14:33.998Z] RC VERBOSE 2 {"timestamp":1744488873996,"checkpoint_crosses":{"1":["Samuelle1411"]}}
[2025-04-12T20:14:34.148Z] RC VERBOSE 2 {"timestamp":1744488874147,"checkpoint_crosses":{"1":["MarsCitadel","aChaoticGod"]}}
[2025-04-12T20:14:34.598Z] RC VERBOSE 2 {"timestamp":1744488874597,"checkpoint_crosses":{"1":["Alger1no"]}}
[2025-04-12T20:14:35.200Z] RC VERBOSE 2 {"timestamp":1744488875198,"checkpoint_crosses":{"1":["TheAlphaGamer787"]}}
[2025-04-12T20:14:35.248Z] RC VERBOSE 2 {"timestamp":1744488875247,"checkpoint_crosses":{"1":["T1AL_","SubayAdamm"]}}
[2025-04-12T20:14:36.349Z] RC VERBOSE 2 {"timestamp":1744488876347,"checkpoint_crosses":{"1":["DJBLOCKM0NSTER"]}}
[2025-04-12T20:14:36.849Z] RC VERBOSE 2 {"timestamp":1744488876848,"checkpoint_crosses":{"1":["Loganbestone"]}}
[2025-04-12T20:14:37.497Z] RC VERBOSE 2 {"timestamp":1744488877496,"checkpoint_crosses":{"1":["Niszara"]}}
[2025-04-12T20:14:38.149Z] RC VERBOSE 2 {"timestamp":1744488878147,"checkpoint_crosses":{"1":["biloblue"]}}
[2025-04-12T20:14:38.848Z] RC VERBOSE 2 {"timestamp":1744488878847,"checkpoint_crosses":{"1":["Tomycero74"]}}
[2025-04-12T20:14:40.447Z] RC VERBOSE 2 {"timestamp":1744488880445,"checkpoint_crosses":{"1":["GiftedTuba"]}}
[2025-04-12T20:14:55.097Z] RC VERBOSE 2 {"timestamp":1744488895096,"checkpoint_crosses":{"2":["Aspiry"]}}
[2025-04-12T20:14:56.898Z] RC VERBOSE 2 {"timestamp":1744488896896,"checkpoint_crosses":{"2":["ikonos33"]}}
[2025-04-12T20:14:57.548Z] RC VERBOSE 2 {"timestamp":1744488897547,"checkpoint_crosses":{"2":["duxq"]}}
[2025-04-12T20:14:58.947Z] RC VERBOSE 2 {"timestamp":1744488898946,"checkpoint_crosses":{"2":["_AmazingAstro"]}}
[2025-04-12T20:14:59.347Z] RC VERBOSE 2 {"timestamp":1744488899345,"checkpoint_crosses":{"2":["Terraformer9"]}}
[2025-04-12T20:14:59.948Z] RC VERBOSE 2 {"timestamp":1744488899946,"checkpoint_crosses":{"2":["MarsCitadel"]}}
[2025-04-12T20:15:00.748Z] RC VERBOSE 2 {"timestamp":1744488900747,"checkpoint_crosses":{"2":["Miesneus"]}}
[2025-04-12T20:15:01.497Z] RC VERBOSE 2 {"timestamp":1744488901496,"checkpoint_crosses":{"2":["Samuelle1411"]}}
[2025-04-12T20:15:02.597Z] RC VERBOSE 2 {"timestamp":1744488902596,"checkpoint_crosses":{"2":["TheAlphaGamer787"]}}
[2025-04-12T20:15:02.897Z] RC VERBOSE 2 {"timestamp":1744488902895,"checkpoint_crosses":{"2":["T1AL_"]}}
[2025-04-12T20:15:04.446Z] RC VERBOSE 2 {"timestamp":1744488904446,"checkpoint_crosses":{"2":["aChaoticGod"]}}
[2025-04-12T20:15:06.448Z] RC VERBOSE 2 {"timestamp":1744488906446,"checkpoint_crosses":{"2":["Alger1no"]}}
[2025-04-12T20:15:07.298Z] RC VERBOSE 2 {"timestamp":1744488907297,"checkpoint_crosses":{"2":["DJBLOCKM0NSTER"]}}
[2025-04-12T20:15:07.399Z] RC VERBOSE 2 {"timestamp":1744488907397,"checkpoint_crosses":{"2":["SubayAdamm"]}}
[2025-04-12T20:15:09.948Z] RC VERBOSE 2 {"timestamp":1744488909946,"checkpoint_crosses":{"2":["Niszara"]}}
[2025-04-12T20:15:10.098Z] RC VERBOSE 2 {"timestamp":1744488910096,"checkpoint_crosses":{"2":["GiftedTuba"]}}
[2025-04-12T20:15:11.498Z] RC VERBOSE 2 {"timestamp":1744488911496,"checkpoint_crosses":{"2":["Loganbestone"]}}
[2025-04-12T20:15:13.298Z] RC VERBOSE 2 {"timestamp":1744488913296,"checkpoint_crosses":{"2":["biloblue"]}}
[2025-04-12T20:15:14.974Z] RC VERBOSE 2 {"timestamp":1744488914896,"checkpoint_crosses":{"2":["Tomycero74"]}}
[2025-04-12T20:15:21.900Z] RC VERBOSE 2 {"timestamp":1744488921898,"checkpoint_crosses":{"0":["Aspiry"]}}
[2025-04-12T20:15:21.901Z] RACE INFO Aspiry finished lap 1 with a time of 56.702
[2025-04-12T20:15:21.901Z] RACE INFO Aspiry just aquired a new fastest lap 56702 on lap 1
[2025-04-12T20:15:25.049Z] RC VERBOSE 2 {"timestamp":1744488925047,"checkpoint_crosses":{"0":["duxq"]}}
[2025-04-12T20:15:25.050Z] RACE INFO duxq finished lap 1 with a time of 58.001
[2025-04-12T20:15:25.750Z] RC VERBOSE 2 {"timestamp":1744488925747,"checkpoint_crosses":{"1":["Aspiry"]}}
[2025-04-12T20:15:25.947Z] RC VERBOSE 2 {"timestamp":1744488925947,"checkpoint_crosses":{"0":["ikonos33"]}}
[2025-04-12T20:15:25.948Z] RACE INFO ikonos33 finished lap 1 with a time of 60.552
[2025-04-12T20:15:27.607Z] RC VERBOSE 2 {"timestamp":1744488927596,"checkpoint_crosses":{"0":["_AmazingAstro"]}}
[2025-04-12T20:15:27.652Z] RACE INFO _AmazingAstro finished lap 1 with a time of 59
[2025-04-12T20:15:28.600Z] RC VERBOSE 2 {"timestamp":1744488928598,"checkpoint_crosses":{"0":["MarsCitadel"]}}
[2025-04-12T20:15:28.600Z] RACE INFO MarsCitadel finished lap 1 with a time of 60.052
[2025-04-12T20:15:28.848Z] RC VERBOSE 2 {"timestamp":1744488928847,"checkpoint_crosses":{"1":["duxq"]}}
[2025-04-12T20:15:29.588Z] RC VERBOSE 2 {"timestamp":1744488929497,"checkpoint_crosses":{"1":["ikonos33"]}}
[2025-04-12T20:15:29.597Z] RC VERBOSE 2 {"timestamp":1744488929596,"checkpoint_crosses":{"0":["Terraformer9"]}}
[2025-04-12T20:15:29.600Z] RACE INFO Terraformer9 finished lap 1 with a time of 63.55
[2025-04-12T20:15:30.602Z] RC VERBOSE 2 {"timestamp":1744488930599,"checkpoint_crosses":{"0":["Miesneus"]}}
[2025-04-12T20:15:30.604Z] RACE INFO Miesneus finished lap 1 with a time of 64.302
[2025-04-12T20:15:31.397Z] RC VERBOSE 2 {"timestamp":1744488931396,"checkpoint_crosses":{"1":["_AmazingAstro"]}}
[2025-04-12T20:15:32.398Z] RC VERBOSE 2 {"timestamp":1744488932396,"checkpoint_crosses":{"1":["MarsCitadel"]}}
[2025-04-12T20:15:32.947Z] RC VERBOSE 2 {"timestamp":1744488932946,"checkpoint_crosses":{"0":["Samuelle1411"]}}
[2025-04-12T20:15:32.948Z] RACE INFO Samuelle1411 finished lap 1 with a time of 64.85
[2025-04-12T20:15:33.898Z] RC VERBOSE 2 {"timestamp":1744488933896,"checkpoint_crosses":{"1":["Terraformer9"]}}
[2025-04-12T20:15:34.648Z] RC VERBOSE 2 {"timestamp":1744488934646,"checkpoint_crosses":{"1":["Miesneus"]}}
[2025-04-12T20:15:34.748Z] RC VERBOSE 2 {"timestamp":1744488934746,"checkpoint_crosses":{"0":["TheAlphaGamer787"]}}
[2025-04-12T20:15:34.748Z] RACE INFO TheAlphaGamer787 finished lap 1 with a time of 64.5
[2025-04-12T20:15:34.850Z] RC VERBOSE 2 {"timestamp":1744488934848,"checkpoint_crosses":{"0":["aChaoticGod"]}}
[2025-04-12T20:15:34.851Z] RACE INFO aChaoticGod finished lap 1 with a time of 65.601
[2025-04-12T20:15:36.147Z] RC VERBOSE 2 {"timestamp":1744488936147,"checkpoint_crosses":{"0":["T1AL_"]}}
[2025-04-12T20:15:36.148Z] RACE INFO T1AL_ finished lap 1 with a time of 66.051
[2025-04-12T20:15:36.847Z] RC VERBOSE 2 {"timestamp":1744488936846,"checkpoint_crosses":{"1":["Samuelle1411"]}}
[2025-04-12T20:15:37.498Z] RC VERBOSE 2 {"timestamp":1744488937497,"checkpoint_crosses":{"0":["Alger1no"]}}
[2025-04-12T20:15:37.499Z] RACE INFO Alger1no finished lap 1 with a time of 67.55
[2025-04-12T20:15:38.749Z] RC VERBOSE 2 {"timestamp":1744488938748,"checkpoint_crosses":{"1":["TheAlphaGamer787","aChaoticGod"]}}
[2025-04-12T20:15:39.998Z] RC VERBOSE 2 {"timestamp":1744488939996,"checkpoint_crosses":{"0":["DJBLOCKM0NSTER"]}}
[2025-04-12T20:15:39.999Z] RACE INFO DJBLOCKM0NSTER finished lap 1 with a time of 68.349
[2025-04-12T20:15:40.348Z] RC VERBOSE 2 {"timestamp":1744488940346,"checkpoint_crosses":{"1":["T1AL_"]}}
[2025-04-12T20:15:40.499Z] RC VERBOSE 2 {"timestamp":1744488940498,"checkpoint_crosses":{"0":["Niszara"]}}
[2025-04-12T20:15:40.500Z] RACE INFO Niszara finished lap 1 with a time of 67.902
[2025-04-12T20:15:41.398Z] RC VERBOSE 2 {"timestamp":1744488941396,"checkpoint_crosses":{"1":["Alger1no"]}}
[2025-04-12T20:15:41.749Z] RC VERBOSE 2 {"timestamp":1744488941748,"checkpoint_crosses":{"0":["SubayAdamm"]}}
[2025-04-12T20:15:41.750Z] RACE INFO SubayAdamm finished lap 1 with a time of 71.201
[2025-04-12T20:15:43.899Z] RC VERBOSE 2 {"timestamp":1744488943898,"checkpoint_crosses":{"1":["DJBLOCKM0NSTER"]}}
[2025-04-12T20:15:43.998Z] RC VERBOSE 2 {"timestamp":1744488943997,"checkpoint_crosses":{"0":["GiftedTuba"]}}
[2025-04-12T20:15:43.999Z] RACE INFO GiftedTuba finished lap 1 with a time of 71.151
[2025-04-12T20:15:44.549Z] RC VERBOSE 2 {"timestamp":1744488944547,"checkpoint_crosses":{"1":["Niszara"]}}
[2025-04-12T20:15:46.348Z] RC VERBOSE 2 {"timestamp":1744488946348,"checkpoint_crosses":{"1":["SubayAdamm"]}}
[2025-04-12T20:15:47.998Z] RC VERBOSE 2 {"timestamp":1744488947996,"checkpoint_crosses":{"1":["GiftedTuba"]}}
[2025-04-12T20:15:48.399Z] RC VERBOSE 2 {"timestamp":1744488948397,"checkpoint_crosses":{"0":["Loganbestone"]}}
[2025-04-12T20:15:48.400Z] RACE INFO Loganbestone finished lap 1 with a time of 76.851
[2025-04-12T20:15:48.898Z] RC VERBOSE 2 {"timestamp":1744488948897,"checkpoint_crosses":{"0":["Tomycero74"]}}
[2025-04-12T20:15:48.899Z] RACE INFO Tomycero74 finished lap 1 with a time of 75.251
[2025-04-12T20:15:50.448Z] RC VERBOSE 2 {"timestamp":1744488950447,"checkpoint_crosses":{"2":["Aspiry"]}}
[2025-04-12T20:15:52.400Z] RC VERBOSE 16 {"timestamp":1744488952396,"pit_enter_crosses":["biloblue"]}
[2025-04-12T20:15:52.448Z] RC VERBOSE 2 {"timestamp":1744488952446,"checkpoint_crosses":{"1":["Loganbestone"]}}
[2025-04-12T20:15:53.699Z] RC VERBOSE 2 {"timestamp":1744488953697,"checkpoint_crosses":{"2":["duxq"]}}
[2025-04-12T20:15:53.748Z] RC VERBOSE 2 {"timestamp":1744488953746,"checkpoint_crosses":{"1":["Tomycero74"]}}
[2025-04-12T20:15:55.798Z] RC VERBOSE 2 {"timestamp":1744488955797,"checkpoint_crosses":{"2":["ikonos33"]}}
[2025-04-12T20:15:56.299Z] RC VERBOSE 2 {"timestamp":1744488956295,"checkpoint_crosses":{"0":["biloblue"]}}
[2025-04-12T20:15:56.300Z] RACE INFO biloblue finished lap 1 with a time of 88.848
[2025-04-12T20:15:56.306Z] RC VERBOSE 8 {"timestamp":1744488956295,"pit_crosses":["biloblue"]}
[2025-04-12T20:15:57.348Z] RC VERBOSE 2 {"timestamp":1744488957347,"checkpoint_crosses":{"2":["_AmazingAstro"]}}
[2025-04-12T20:15:58.697Z] RC VERBOSE 2 {"timestamp":1744488958696,"checkpoint_crosses":{"2":["Terraformer9"]}}
[2025-04-12T20:16:02.097Z] RC VERBOSE 2 {"timestamp":1744488962095,"checkpoint_crosses":{"2":["Samuelle1411"]}}
[2025-04-12T20:16:02.297Z] RC VERBOSE 2 {"timestamp":1744488962296,"checkpoint_crosses":{"2":["MarsCitadel"]}}
[2025-04-12T20:16:03.697Z] RC VERBOSE 2 {"timestamp":1744488963696,"checkpoint_crosses":{"2":["Miesneus"]}}
[2025-04-12T20:16:05.299Z] RC VERBOSE 2 {"timestamp":1744488965298,"checkpoint_crosses":{"2":["aChaoticGod"]}}
[2025-04-12T20:16:05.948Z] RC VERBOSE 2 {"timestamp":1744488965947,"checkpoint_crosses":{"1":["biloblue"]}}
[2025-04-12T20:16:06.848Z] RC VERBOSE 2 {"timestamp":1744488966846,"checkpoint_crosses":{"2":["Alger1no"]}}
[2025-04-12T20:16:06.949Z] RC VERBOSE 2 {"timestamp":1744488966947,"checkpoint_crosses":{"2":["T1AL_"]}}
[2025-04-12T20:16:08.550Z] RC VERBOSE 2 {"timestamp":1744488968548,"checkpoint_crosses":{"2":["TheAlphaGamer787"]}}
[2025-04-12T20:16:10.097Z] RC VERBOSE 2 {"timestamp":1744488970095,"checkpoint_crosses":{"2":["DJBLOCKM0NSTER"]}}
[2025-04-12T20:16:11.897Z] RC VERBOSE 2 {"timestamp":1744488971896,"checkpoint_crosses":{"2":["Niszara"]}}
[2025-04-12T20:16:14.151Z] RC VERBOSE 2 {"timestamp":1744488974147,"checkpoint_crosses":{"2":["SubayAdamm"]}}
[2025-04-12T20:16:15.947Z] RC VERBOSE 2 {"timestamp":1744488975946,"checkpoint_crosses":{"2":["GiftedTuba"]}}
[2025-04-12T20:16:18.799Z] RC VERBOSE 2 {"timestamp":1744488978797,"checkpoint_crosses":{"0":["Aspiry"]}}
[2025-04-12T20:16:18.799Z] RACE INFO Aspiry finished lap 2 with a time of 56.899
[2025-04-12T20:16:22.199Z] RC VERBOSE 2 {"timestamp":1744488982197,"checkpoint_crosses":{"2":["Loganbestone"]}}
[2025-04-12T20:16:22.699Z] RC VERBOSE 2 {"timestamp":1744488982698,"checkpoint_crosses":{"1":["Aspiry"]}}
[2025-04-12T20:16:23.048Z] RC VERBOSE 2 {"timestamp":1744488983047,"checkpoint_crosses":{"0":["duxq"]}}
[2025-04-12T20:16:23.049Z] RACE INFO duxq finished lap 2 with a time of 58
[2025-04-12T20:16:24.698Z] RC VERBOSE 2 {"timestamp":1744488984696,"checkpoint_crosses":{"0":["ikonos33"]}}
[2025-04-12T20:16:24.700Z] RACE INFO ikonos33 finished lap 2 with a time of 58.749
[2025-04-12T20:16:25.897Z] RC VERBOSE 2 {"timestamp":1744488985896,"checkpoint_crosses":{"2":["Tomycero74"]}}
[2025-04-12T20:16:26.849Z] RC VERBOSE 2 {"timestamp":1744488986847,"checkpoint_crosses":{"1":["duxq"]}}
[2025-04-12T20:16:27.598Z] RC VERBOSE 2 {"timestamp":1744488987596,"checkpoint_crosses":{"0":["Terraformer9"]}}
[2025-04-12T20:16:27.598Z] RACE INFO Terraformer9 finished lap 2 with a time of 58
[2025-04-12T20:16:28.550Z] RC VERBOSE 2 {"timestamp":1744488988547,"checkpoint_crosses":{"1":["ikonos33"]}}
[2025-04-12T20:16:28.997Z] RC VERBOSE 2 {"timestamp":1744488988995,"checkpoint_crosses":{"0":["MarsCitadel"]}}
[2025-04-12T20:16:28.998Z] RACE INFO MarsCitadel finished lap 2 with a time of 60.397
[2025-04-12T20:16:30.898Z] RC VERBOSE 2 {"timestamp":1744488990897,"checkpoint_crosses":{"0":["Samuelle1411"]}}
[2025-04-12T20:16:30.899Z] RACE INFO Samuelle1411 finished lap 2 with a time of 57.951
[2025-04-12T20:16:31.398Z] RC VERBOSE 2 {"timestamp":1744488991396,"checkpoint_crosses":{"1":["Terraformer9"],"2":["biloblue"]}}
[2025-04-12T20:16:31.548Z] RC VERBOSE 16 {"timestamp":1744488991546,"pit_enter_crosses":["_AmazingAstro"]}
[2025-04-12T20:16:32.147Z] RC VERBOSE 2 {"timestamp":1744488992146,"checkpoint_crosses":{"0":["Miesneus"]}}
[2025-04-12T20:16:32.148Z] RACE INFO Miesneus finished lap 2 with a time of 61.547
[2025-04-12T20:16:32.799Z] RC VERBOSE 2 {"timestamp":1744488992797,"checkpoint_crosses":{"1":["MarsCitadel"]}}
[2025-04-12T20:16:34.598Z] RC VERBOSE 2 {"timestamp":1744488994597,"checkpoint_crosses":{"0":["aChaoticGod"]}}
[2025-04-12T20:16:34.599Z] RACE INFO aChaoticGod finished lap 2 with a time of 59.749
[2025-04-12T20:16:34.697Z] RC VERBOSE 2 {"timestamp":1744488994695,"checkpoint_crosses":{"1":["Samuelle1411"]}}
[2025-04-12T20:16:35.397Z] RC VERBOSE 2 {"timestamp":1744488995396,"checkpoint_crosses":{"0":["_AmazingAstro"]}}
[2025-04-12T20:16:35.398Z] RACE INFO _AmazingAstro finished lap 2 with a time of 67.8
[2025-04-12T20:16:35.399Z] RC VERBOSE 8 {"timestamp":1744488995396,"pit_crosses":["_AmazingAstro"]}
[2025-04-12T20:16:35.848Z] RC VERBOSE 2 {"timestamp":1744488995847,"checkpoint_crosses":{"0":["T1AL_"]}}
[2025-04-12T20:16:35.849Z] RACE INFO T1AL_ finished lap 2 with a time of 59.7
[2025-04-12T20:16:35.899Z] RC VERBOSE 2 {"timestamp":1744488995897,"checkpoint_crosses":{"1":["Miesneus"]}}
[2025-04-12T20:16:36.000Z] RC VERBOSE 2 {"timestamp":1744488995998,"checkpoint_crosses":{"0":["Alger1no"]}}
[2025-04-12T20:16:36.001Z] RACE INFO Alger1no finished lap 2 with a time of 58.501
[2025-04-12T20:16:38.498Z] RC VERBOSE 2 {"timestamp":1744488998498,"checkpoint_crosses":{"1":["aChaoticGod"]}}
[2025-04-12T20:16:39.949Z] RC VERBOSE 2 {"timestamp":1744488999948,"checkpoint_crosses":{"1":["Alger1no"]}}
[2025-04-12T20:16:40.448Z] RC VERBOSE 2 {"timestamp":1744489000446,"checkpoint_crosses":{"1":["T1AL_"]}}
[2025-04-12T20:16:40.797Z] RC VERBOSE 2 {"timestamp":1744489000795,"checkpoint_crosses":{"0":["Niszara"]}}
[2025-04-12T20:16:40.798Z] RACE INFO Niszara finished lap 2 with a time of 60.297
[2025-04-12T20:16:42.499Z] RC VERBOSE 2 {"timestamp":1744489002498,"checkpoint_crosses":{"0":["DJBLOCKM0NSTER"]}}
[2025-04-12T20:16:42.500Z] RACE INFO DJBLOCKM0NSTER finished lap 2 with a time of 62.502
[2025-04-12T20:16:43.398Z] RC VERBOSE 16 {"timestamp":1744489003397,"pit_enter_crosses":["TheAlphaGamer787"]}
[2025-04-12T20:16:44.247Z] RC VERBOSE 2 {"timestamp":1744489004246,"checkpoint_crosses":{"0":["SubayAdamm"]}}
[2025-04-12T20:16:44.248Z] RACE INFO SubayAdamm finished lap 2 with a time of 62.498
[2025-04-12T20:16:44.749Z] RC VERBOSE 2 {"timestamp":1744489004747,"checkpoint_crosses":{"1":["Niszara"]}}
[2025-04-12T20:16:44.948Z] RC VERBOSE 2 {"timestamp":1744489004947,"checkpoint_crosses":{"1":["_AmazingAstro"]}}
[2025-04-12T20:16:45.148Z] RC VERBOSE 2 {"timestamp":1744489005147,"checkpoint_crosses":{"0":["GiftedTuba"]}}
[2025-04-12T20:16:45.149Z] RACE INFO GiftedTuba finished lap 2 with a time of 61.15
[2025-04-12T20:16:46.399Z] RC VERBOSE 2 {"timestamp":1744489006397,"checkpoint_crosses":{"1":["DJBLOCKM0NSTER"]}}
[2025-04-12T20:16:47.279Z] RC VERBOSE 2 {"timestamp":1744489007195,"checkpoint_crosses":{"0":["TheAlphaGamer787"]}}
[2025-04-12T20:16:47.365Z] RACE INFO TheAlphaGamer787 finished lap 2 with a time of 72.449
[2025-04-12T20:16:47.369Z] RC VERBOSE 8 {"timestamp":1744489007195,"pit_crosses":["TheAlphaGamer787"]}
[2025-04-12T20:16:48.098Z] RC VERBOSE 2 {"timestamp":1744489008096,"checkpoint_crosses":{"1":["SubayAdamm"]}}
[2025-04-12T20:16:49.249Z] RC VERBOSE 2 {"timestamp":1744489009247,"checkpoint_crosses":{"1":["GiftedTuba"]}}
[2025-04-12T20:16:49.647Z] RC VERBOSE 2 {"timestamp":1744489009646,"checkpoint_crosses":{"2":["Aspiry"]}}
[2025-04-12T20:16:50.047Z] RC VERBOSE 2 {"timestamp":1744489010046,"checkpoint_crosses":{"2":["duxq"]}}
[2025-04-12T20:16:51.498Z] RC VERBOSE 2 {"timestamp":1744489011497,"checkpoint_crosses":{"2":["ikonos33"]}}
[2025-04-12T20:16:54.298Z] RC VERBOSE 2 {"timestamp":1744489014296,"checkpoint_crosses":{"0":["Loganbestone"]}}
[2025-04-12T20:16:54.299Z] RACE INFO Loganbestone finished lap 2 with a time of 65.899
[2025-04-12T20:16:56.199Z] RC VERBOSE 2 {"timestamp":1744489016197,"checkpoint_crosses":{"1":["TheAlphaGamer787"]}}
[2025-04-12T20:16:57.099Z] RC VERBOSE 2 {"timestamp":1744489017098,"checkpoint_crosses":{"0":["Tomycero74"]}}
[2025-04-12T20:16:57.100Z] RACE INFO Tomycero74 finished lap 2 with a time of 68.201
[2025-04-12T20:16:57.648Z] RC VERBOSE 2 {"timestamp":1744489017646,"checkpoint_crosses":{"2":["MarsCitadel"]}}
[2025-04-12T20:16:58.297Z] RC VERBOSE 2 {"timestamp":1744489018296,"checkpoint_crosses":{"1":["Loganbestone"]}}
[2025-04-12T20:16:58.997Z] RC VERBOSE 2 {"timestamp":1744489018996,"checkpoint_crosses":{"2":["Terraformer9"]}}
[2025-04-12T20:16:59.199Z] RC VERBOSE 2 {"timestamp":1744489019197,"checkpoint_crosses":{"0":["biloblue"]}}
[2025-04-12T20:16:59.200Z] RACE INFO biloblue finished lap 2 with a time of 62.902
[2025-04-12T20:17:00.899Z] RC VERBOSE 2 {"timestamp":1744489020896,"checkpoint_crosses":{"2":["Miesneus"]}}
[2025-04-12T20:17:01.247Z] RC VERBOSE 2 {"timestamp":1744489021246,"checkpoint_crosses":{"2":["Samuelle1411"]}}
[2025-04-12T20:17:01.648Z] RC VERBOSE 2 {"timestamp":1744489021646,"checkpoint_crosses":{"1":["Tomycero74"]}}
[2025-04-12T20:17:02.999Z] RC VERBOSE 2 {"timestamp":1744489022997,"checkpoint_crosses":{"1":["biloblue"]}}
[2025-04-12T20:17:04.597Z] RC VERBOSE 2 {"timestamp":1744489024596,"checkpoint_crosses":{"2":["aChaoticGod"]}}
[2025-04-12T20:17:06.499Z] RC VERBOSE 2 {"timestamp":1744489026497,"checkpoint_crosses":{"2":["T1AL_"]}}
[2025-04-12T20:17:08.848Z] RC VERBOSE 2 {"timestamp":1744489028846,"checkpoint_crosses":{"2":["_AmazingAstro"]}}
[2025-04-12T20:17:09.497Z] RC VERBOSE 2 {"timestamp":1744489029496,"checkpoint_crosses":{"2":["Alger1no"]}}
[2025-04-12T20:17:13.048Z] RC VERBOSE 2 {"timestamp":1744489033046,"checkpoint_crosses":{"2":["Niszara"]}}
[2025-04-12T20:17:15.648Z] RC VERBOSE 2 {"timestamp":1744489035647,"checkpoint_crosses":{"2":["GiftedTuba"]}}
[2025-04-12T20:17:16.247Z] RC VERBOSE 2 {"timestamp":1744489036245,"checkpoint_crosses":{"0":["Aspiry"]}}
[2025-04-12T20:17:16.248Z] RACE INFO Aspiry finished lap 3 with a time of 57.448
[2025-04-12T20:17:16.598Z] RC VERBOSE 2 {"timestamp":1744489036597,"checkpoint_crosses":{"2":["SubayAdamm"]}}
[2025-04-12T20:17:17.949Z] RC VERBOSE 2 {"timestamp":1744489037948,"checkpoint_crosses":{"0":["duxq"]}}
[2025-04-12T20:17:17.949Z] RACE INFO duxq finished lap 3 with a time of 54.901
[2025-04-12T20:17:17.950Z] RACE INFO duxq just aquired a new fastest lap 54901 on lap 3
[2025-04-12T20:17:17.997Z] RC VERBOSE 2 {"timestamp":1744489037996,"checkpoint_crosses":{"2":["DJBLOCKM0NSTER"]}}
[2025-04-12T20:17:18.997Z] RC VERBOSE 2 {"timestamp":1744489038996,"checkpoint_crosses":{"0":["ikonos33"]}}
[2025-04-12T20:17:18.998Z] RACE INFO ikonos33 finished lap 3 with a time of 54.3
[2025-04-12T20:17:18.999Z] RACE INFO ikonos33 just aquired a new fastest lap 54300 on lap 3
[2025-04-12T20:17:20.048Z] RC VERBOSE 2 {"timestamp":1744489040047,"checkpoint_crosses":{"1":["Aspiry"]}}
[2025-04-12T20:17:21.798Z] RC VERBOSE 2 {"timestamp":1744489041796,"checkpoint_crosses":{"1":["duxq"]}}
[2025-04-12T20:17:22.847Z] RC VERBOSE 2 {"timestamp":1744489042846,"checkpoint_crosses":{"1":["ikonos33"]}}
[2025-04-12T20:17:24.849Z] RC VERBOSE 2 {"timestamp":1744489044847,"checkpoint_crosses":{"0":["MarsCitadel"]}}
[2025-04-12T20:17:24.849Z] RACE INFO MarsCitadel finished lap 3 with a time of 55.852
[2025-04-12T20:17:25.397Z] RC VERBOSE 2 {"timestamp":1744489045395,"checkpoint_crosses":{"2":["TheAlphaGamer787"]}}
[2025-04-12T20:17:27.047Z] RC VERBOSE 2 {"timestamp":1744489047046,"checkpoint_crosses":{"2":["Loganbestone"]}}
[2025-04-12T20:17:28.099Z] RC VERBOSE 2 {"timestamp":1744489048097,"checkpoint_crosses":{"0":["Miesneus"]}}
[2025-04-12T20:17:28.099Z] RACE INFO Miesneus finished lap 3 with a time of 55.951
[2025-04-12T20:17:28.697Z] RC VERBOSE 2 {"timestamp":1744489048696,"checkpoint_crosses":{"1":["MarsCitadel"]}}
[2025-04-12T20:17:29.949Z] RC VERBOSE 2 {"timestamp":1744489049947,"checkpoint_crosses":{"0":["Samuelle1411"]}}
[2025-04-12T20:17:29.949Z] RACE INFO Samuelle1411 finished lap 3 with a time of 59.05
[2025-04-12T20:17:30.148Z] RC VERBOSE 2 {"timestamp":1744489050147,"checkpoint_crosses":{"2":["biloblue"]}}
[2025-04-12T20:17:31.854Z] RC VERBOSE 16 {"timestamp":1744489051847,"pit_enter_crosses":["Terraformer9"]}
[2025-04-12T20:17:32.032Z] RC VERBOSE 2 {"timestamp":1744489051946,"checkpoint_crosses":{"1":["Miesneus"]}}
[2025-04-12T20:17:33.397Z] RC VERBOSE 2 {"timestamp":1744489053396,"checkpoint_crosses":{"0":["aChaoticGod"]}}
[2025-04-12T20:17:33.397Z] RACE INFO aChaoticGod finished lap 3 with a time of 58.799
[2025-04-12T20:17:33.649Z] RC VERBOSE 2 {"timestamp":1744489053648,"checkpoint_crosses":{"2":["Tomycero74"]}}
[2025-04-12T20:17:33.749Z] RC VERBOSE 2 {"timestamp":1744489053747,"checkpoint_crosses":{"1":["Samuelle1411"]}}
[2025-04-12T20:17:34.997Z] RC VERBOSE 2 {"timestamp":1744489054996,"checkpoint_crosses":{"0":["T1AL_"]}}
[2025-04-12T20:17:34.998Z] RACE INFO T1AL_ finished lap 3 with a time of 59.149
[2025-04-12T20:17:35.748Z] RC VERBOSE 2 {"timestamp":1744489055747,"checkpoint_crosses":{"0":["Terraformer9"]}}
[2025-04-12T20:17:35.749Z] RACE INFO Terraformer9 finished lap 3 with a time of 68.151
[2025-04-12T20:17:35.750Z] RC VERBOSE 8 {"timestamp":1744489055747,"pit_crosses":["Terraformer9"]}
[2025-04-12T20:17:36.249Z] RC VERBOSE 2 {"timestamp":1744489056247,"checkpoint_crosses":{"0":["_AmazingAstro"]}}
[2025-04-12T20:17:36.249Z] RACE INFO _AmazingAstro finished lap 3 with a time of 60.851
[2025-04-12T20:17:37.197Z] RC VERBOSE 2 {"timestamp":1744489057195,"checkpoint_crosses":{"1":["aChaoticGod"]}}
[2025-04-12T20:17:38.847Z] RC VERBOSE 2 {"timestamp":1744489058846,"checkpoint_crosses":{"1":["T1AL_"]}}
[2025-04-12T20:17:39.649Z] RC VERBOSE 2 {"timestamp":1744489059647,"checkpoint_crosses":{"0":["Alger1no"]}}
[2025-04-12T20:17:39.650Z] RACE INFO Alger1no finished lap 3 with a time of 63.649
[2025-04-12T20:17:40.098Z] RC VERBOSE 2 {"timestamp":1744489060096,"checkpoint_crosses":{"1":["_AmazingAstro"]}}
[2025-04-12T20:17:42.512Z] RC VERBOSE 2 {"timestamp":1744489062497,"checkpoint_crosses":{"0":["Niszara"]}}
[2025-04-12T20:17:42.515Z] RACE INFO Niszara finished lap 3 with a time of 61.702
[2025-04-12T20:17:43.598Z] RC VERBOSE 2 {"timestamp":1744489063596,"checkpoint_crosses":{"1":["Alger1no"]}}
[2025-04-12T20:17:44.299Z] RC VERBOSE 2 {"timestamp":1744489064297,"checkpoint_crosses":{"2":["Aspiry"]}}
[2025-04-12T20:17:44.499Z] RC VERBOSE 2 {"timestamp":1744489064497,"checkpoint_crosses":{"0":["GiftedTuba"]}}
[2025-04-12T20:17:44.499Z] RACE INFO GiftedTuba finished lap 3 with a time of 59.35
[2025-04-12T20:17:44.999Z] RC VERBOSE 2 {"timestamp":1744489064997,"checkpoint_crosses":{"2":["duxq"]}}
[2025-04-12T20:17:45.747Z] RC VERBOSE 2 {"timestamp":1744489065745,"checkpoint_crosses":{"1":["Terraformer9"]}}
[2025-04-12T20:17:46.799Z] RC VERBOSE 2 {"timestamp":1744489066798,"checkpoint_crosses":{"1":["Niszara"]}}
[2025-04-12T20:17:46.948Z] RC VERBOSE 2 {"timestamp":1744489066948,"checkpoint_crosses":{"2":["ikonos33"]}}
[2025-04-12T20:17:48.399Z] RC VERBOSE 2 {"timestamp":1744489068397,"checkpoint_crosses":{"0":["DJBLOCKM0NSTER"]}}
[2025-04-12T20:17:48.399Z] RACE INFO DJBLOCKM0NSTER finished lap 3 with a time of 65.899
[2025-04-12T20:17:48.448Z] RC VERBOSE 2 {"timestamp":1744489068447,"checkpoint_crosses":{"1":["GiftedTuba"]}}
[2025-04-12T20:17:51.349Z] RC VERBOSE 16 {"timestamp":1744489071348,"pit_enter_crosses":["SubayAdamm"]}
[2025-04-12T20:17:52.547Z] RC VERBOSE 2 {"timestamp":1744489072546,"checkpoint_crosses":{"1":["DJBLOCKM0NSTER"]}}
[2025-04-12T20:17:53.499Z] RC VERBOSE 2 {"timestamp":1744489073497,"checkpoint_crosses":{"0":["TheAlphaGamer787"]}}
[2025-04-12T20:17:53.499Z] RACE INFO TheAlphaGamer787 finished lap 3 with a time of 66.302
[2025-04-12T20:17:54.799Z] RC VERBOSE 2 {"timestamp":1744489074798,"checkpoint_crosses":{"2":["MarsCitadel"]}}
[2025-04-12T20:17:55.247Z] RC VERBOSE 2 {"timestamp":1744489075246,"checkpoint_crosses":{"0":["SubayAdamm"]}}
[2025-04-12T20:17:55.248Z] RACE INFO SubayAdamm finished lap 3 with a time of 71
[2025-04-12T20:17:55.249Z] RC VERBOSE 8 {"timestamp":1744489075246,"pit_crosses":["SubayAdamm"]}
[2025-04-12T20:17:56.599Z] RC VERBOSE 2 {"timestamp":1744489076597,"checkpoint_crosses":{"2":["Miesneus"]}}
[2025-04-12T20:17:57.299Z] RC VERBOSE 2 {"timestamp":1744489077297,"checkpoint_crosses":{"1":["TheAlphaGamer787"]}}
[2025-04-12T20:17:58.598Z] RC VERBOSE 2 {"timestamp":1744489078596,"checkpoint_crosses":{"0":["biloblue"]}}
[2025-04-12T20:17:58.598Z] RACE INFO biloblue finished lap 3 with a time of 59.399
[2025-04-12T20:18:01.597Z] RC VERBOSE 2 {"timestamp":1744489081596,"checkpoint_crosses":{"2":["aChaoticGod"]}}
[2025-04-12T20:18:02.498Z] RC VERBOSE 2 {"timestamp":1744489082497,"checkpoint_crosses":{"1":["biloblue"]}}
[2025-04-12T20:18:03.248Z] RC VERBOSE 16 {"timestamp":1744489083246,"pit_enter_crosses":["Loganbestone"]}
[2025-04-12T20:18:04.048Z] RC VERBOSE 2 {"timestamp":1744489084046,"checkpoint_crosses":{"2":["T1AL_"]}}
[2025-04-12T20:18:04.299Z] RC VERBOSE 2 {"timestamp":1744489084298,"checkpoint_crosses":{"1":["SubayAdamm"]}}
[2025-04-12T20:18:05.897Z] RC VERBOSE 2 {"timestamp":1744489085896,"checkpoint_crosses":{"2":["Samuelle1411"]}}
[2025-04-12T20:18:06.399Z] RC VERBOSE 2 {"timestamp":1744489086397,"checkpoint_crosses":{"0":["Tomycero74"]}}
[2025-04-12T20:18:06.399Z] RACE INFO Tomycero74 finished lap 3 with a time of 69.299
[2025-04-12T20:18:07.098Z] RC VERBOSE 2 {"timestamp":1744489087096,"checkpoint_crosses":{"0":["Loganbestone"],"2":["_AmazingAstro"]}}
[2025-04-12T20:18:07.098Z] RACE INFO Loganbestone finished lap 3 with a time of 72.8
[2025-04-12T20:18:07.099Z] RC VERBOSE 8 {"timestamp":1744489087096,"pit_crosses":["Loganbestone"]}
[2025-04-12T20:18:10.448Z] RC VERBOSE 2 {"timestamp":1744489090447,"checkpoint_crosses":{"2":["Terraformer9"]}}
[2025-04-12T20:18:10.498Z] RC VERBOSE 2 {"timestamp":1744489090497,"checkpoint_crosses":{"2":["Alger1no"]}}
[2025-04-12T20:18:11.198Z] RC VERBOSE 2 {"timestamp":1744489091198,"checkpoint_crosses":{"0":["Aspiry"],"1":["Tomycero74"]}}
[2025-04-12T20:18:11.199Z] RACE INFO Aspiry finished lap 4 with a time of 54.953
[2025-04-12T20:18:12.998Z] RC VERBOSE 2 {"timestamp":1744489092997,"checkpoint_crosses":{"0":["duxq"]}}
[2025-04-12T20:18:12.999Z] RACE INFO duxq finished lap 4 with a time of 55.049
[2025-04-12T20:18:13.398Z] RC VERBOSE 2 {"timestamp":1744489093397,"checkpoint_crosses":{"2":["Niszara"]}}
[2025-04-12T20:18:15.049Z] RC VERBOSE 2 {"timestamp":1744489095047,"checkpoint_crosses":{"1":["Aspiry"]}}
[2025-04-12T20:18:15.998Z] RC VERBOSE 2 {"timestamp":1744489095997,"checkpoint_crosses":{"0":["ikonos33"]}}
[2025-04-12T20:18:15.999Z] RACE INFO ikonos33 finished lap 4 with a time of 57.001
[2025-04-12T20:18:16.347Z] RC VERBOSE 2 {"timestamp":1744489096346,"checkpoint_crosses":{"1":["Loganbestone"]}}
[2025-04-12T20:18:17.698Z] RC VERBOSE 2 {"timestamp":1744489097697,"checkpoint_crosses":{"2":["GiftedTuba"]}}
[2025-04-12T20:18:18.949Z] RC VERBOSE 2 {"timestamp":1744489098947,"checkpoint_crosses":{"1":["duxq"]}}
[2025-04-12T20:18:19.998Z] RC VERBOSE 2 {"timestamp":1744489099996,"checkpoint_crosses":{"1":["ikonos33"]}}
[2025-04-12T20:18:21.498Z] RC VERBOSE 2 {"timestamp":1744489101496,"checkpoint_crosses":{"0":["MarsCitadel"]}}
[2025-04-12T20:18:21.499Z] RACE INFO MarsCitadel finished lap 4 with a time of 56.649
[2025-04-12T20:18:23.048Z] RC VERBOSE 2 {"timestamp":1744489103046,"checkpoint_crosses":{"2":["TheAlphaGamer787"]}}
[2025-04-12T20:18:23.400Z] RC VERBOSE 2 {"timestamp":1744489103397,"checkpoint_crosses":{"2":["DJBLOCKM0NSTER"]}}
[2025-04-12T20:18:25.299Z] RC VERBOSE 2 {"timestamp":1744489105298,"checkpoint_crosses":{"1":["MarsCitadel"]}}
[2025-04-12T20:18:25.898Z] RC VERBOSE 2 {"timestamp":1744489105896,"checkpoint_crosses":{"0":["Miesneus"]}}
[2025-04-12T20:18:25.898Z] RACE INFO Miesneus finished lap 4 with a time of 57.799
[2025-04-12T20:18:26.747Z] RC VERBOSE 2 {"timestamp":1744489106746,"checkpoint_crosses":{"2":["biloblue"]}}
[2025-04-12T20:18:29.199Z] RC VERBOSE 2 {"timestamp":1744489109198,"checkpoint_crosses":{"0":["aChaoticGod"]}}
[2025-04-12T20:18:29.200Z] RACE INFO aChaoticGod finished lap 4 with a time of 55.802
[2025-04-12T20:18:29.699Z] RC VERBOSE 2 {"timestamp":1744489109698,"checkpoint_crosses":{"1":["Miesneus"]}}
[2025-04-12T20:18:29.797Z] RC VERBOSE 2 {"timestamp":1744489109795,"checkpoint_crosses":{"2":["SubayAdamm"]}}
[2025-04-12T20:18:32.948Z] RC VERBOSE 2 {"timestamp":1744489112946,"checkpoint_crosses":{"1":["aChaoticGod"]}}
[2025-04-12T20:18:34.898Z] RC VERBOSE 2 {"timestamp":1744489114897,"checkpoint_crosses":{"0":["T1AL_"]}}
[2025-04-12T20:18:34.899Z] RACE INFO T1AL_ finished lap 4 with a time of 59.901
[2025-04-12T20:18:37.997Z] RC VERBOSE 2 {"timestamp":1744489117996,"checkpoint_crosses":{"0":["_AmazingAstro"]}}
[2025-04-12T20:18:37.998Z] RACE INFO _AmazingAstro finished lap 4 with a time of 61.749
[2025-04-12T20:18:38.698Z] RC VERBOSE 2 {"timestamp":1744489118696,"checkpoint_crosses":{"1":["T1AL_"]}}
[2025-04-12T20:18:39.498Z] RC VERBOSE 2 {"timestamp":1744489119496,"checkpoint_crosses":{"0":["Terraformer9"]}}
[2025-04-12T20:18:39.500Z] RACE INFO Terraformer9 finished lap 4 with a time of 63.749
[2025-04-12T20:18:41.099Z] RC VERBOSE 2 {"timestamp":1744489121097,"checkpoint_crosses":{"2":["Aspiry"]}}
[2025-04-12T20:18:41.749Z] RC VERBOSE 16 {"timestamp":1744489121748,"pit_enter_crosses":["Samuelle1411"]}
[2025-04-12T20:18:41.849Z] RC VERBOSE 2 {"timestamp":1744489121847,"checkpoint_crosses":{"0":["Alger1no"],"1":["_AmazingAstro"]}}
[2025-04-12T20:18:41.850Z] RACE INFO Alger1no finished lap 4 with a time of 62.2
[2025-04-12T20:18:42.248Z] RC VERBOSE 2 {"timestamp":1744489122246,"checkpoint_crosses":{"2":["Loganbestone"]}}
[2025-04-12T20:18:43.297Z] RC VERBOSE 2 {"timestamp":1744489123296,"checkpoint_crosses":{"0":["Niszara"]}}
[2025-04-12T20:18:43.299Z] RACE INFO Niszara finished lap 4 with a time of 60.799
[2025-04-12T20:18:43.448Z] RC VERBOSE 2 {"timestamp":1744489123445,"checkpoint_crosses":{"1":["Terraformer9"]}}
[2025-04-12T20:18:43.652Z] RC VERBOSE 2 {"timestamp":1744489123496,"checkpoint_crosses":{"2":["ikonos33"]}}
[2025-04-12T20:18:43.707Z] RC VERBOSE 2 {"timestamp":1744489123697,"checkpoint_crosses":{"2":["duxq"]}}
[2025-04-12T20:18:45.749Z] RC VERBOSE 2 {"timestamp":1744489125748,"checkpoint_crosses":{"1":["Alger1no"]}}
[2025-04-12T20:18:46.148Z] RC VERBOSE 2 {"timestamp":1744489126146,"checkpoint_crosses":{"2":["Tomycero74"]}}
[2025-04-12T20:18:46.197Z] RC VERBOSE 2 {"timestamp":1744489126196,"checkpoint_crosses":{"0":["Samuelle1411"]}}
[2025-04-12T20:18:46.202Z] RACE INFO Samuelle1411 finished lap 4 with a time of 76.249
[2025-04-12T20:18:46.203Z] RC VERBOSE 8 {"timestamp":1744489126196,"pit_crosses":["Samuelle1411"]}
[2025-04-12T20:18:46.348Z] RC VERBOSE 2 {"timestamp":1744489126347,"checkpoint_crosses":{"0":["GiftedTuba"]}}
[2025-04-12T20:18:46.349Z] RACE INFO GiftedTuba finished lap 4 with a time of 61.85
[2025-04-12T20:18:47.298Z] RC VERBOSE 2 {"timestamp":1744489127296,"checkpoint_crosses":{"1":["Niszara"]}}
[2025-04-12T20:18:50.199Z] RC VERBOSE 2 {"timestamp":1744489130198,"checkpoint_crosses":{"1":["GiftedTuba"]}}
[2025-04-12T20:18:52.047Z] RC VERBOSE 2 {"timestamp":1744489132045,"checkpoint_crosses":{"2":["MarsCitadel"]}}
[2025-04-12T20:18:52.398Z] RC VERBOSE 2 {"timestamp":1744489132397,"checkpoint_crosses":{"0":["DJBLOCKM0NSTER"]}}
[2025-04-12T20:18:52.399Z] RACE INFO DJBLOCKM0NSTER finished lap 4 with a time of 64
[2025-04-12T20:18:53.599Z] RC VERBOSE 2 {"timestamp":1744489133598,"checkpoint_crosses":{"0":["TheAlphaGamer787"]}}
[2025-04-12T20:18:53.600Z] RACE INFO TheAlphaGamer787 finished lap 4 with a time of 60.101
[2025-04-12T20:18:54.598Z] RC VERBOSE 2 {"timestamp":1744489134597,"checkpoint_crosses":{"0":["biloblue"]}}
[2025-04-12T20:18:54.599Z] RACE INFO biloblue finished lap 4 with a time of 56.001
[2025-04-12T20:18:54.797Z] RC VERBOSE 2 {"timestamp":1744489134796,"checkpoint_crosses":{"2":["Miesneus"]}}
[2025-04-12T20:18:55.197Z] RC VERBOSE 2 {"timestamp":1744489135196,"checkpoint_crosses":{"1":["Samuelle1411"]}}
[2025-04-12T20:18:56.249Z] RC VERBOSE 2 {"timestamp":1744489136247,"checkpoint_crosses":{"1":["DJBLOCKM0NSTER"]}}
[2025-04-12T20:18:57.549Z] RC VERBOSE 2 {"timestamp":1744489137547,"checkpoint_crosses":{"1":["TheAlphaGamer787"]}}
[2025-04-12T20:18:57.999Z] RC VERBOSE 2 {"timestamp":1744489137997,"checkpoint_crosses":{"2":["aChaoticGod"]}}
[2025-04-12T20:18:58.248Z] RC VERBOSE 2 {"timestamp":1744489138246,"checkpoint_crosses":{"0":["SubayAdamm"]}}
[2025-04-12T20:18:58.248Z] RACE INFO SubayAdamm finished lap 4 with a time of 63
[2025-04-12T20:18:58.896Z] RC VERBOSE 2 {"timestamp":1744489138896,"checkpoint_crosses":{"1":["biloblue"]}}
[2025-04-12T20:19:02.148Z] RC VERBOSE 2 {"timestamp":1744489142145,"checkpoint_crosses":{"1":["SubayAdamm"]}}
[2025-04-12T20:19:05.598Z] RC VERBOSE 2 {"timestamp":1744489145596,"checkpoint_crosses":{"2":["T1AL_"]}}
[2025-04-12T20:19:06.698Z] RC VERBOSE 2 {"timestamp":1744489146697,"checkpoint_crosses":{"2":["_AmazingAstro"]}}
[2025-04-12T20:19:07.299Z] RC VERBOSE 2 {"timestamp":1744489147296,"checkpoint_crosses":{"2":["Terraformer9"]}}
[2025-04-12T20:19:07.599Z] RC VERBOSE 2 {"timestamp":1744489147597,"checkpoint_crosses":{"0":["Aspiry"]}}
[2025-04-12T20:19:07.600Z] RACE INFO Aspiry finished lap 5 with a time of 56.399
[2025-04-12T20:19:11.498Z] RC VERBOSE 2 {"timestamp":1744489151497,"checkpoint_crosses":{"1":["Aspiry"]}}
[2025-04-12T20:19:11.599Z] RC VERBOSE 2 {"timestamp":1744489151597,"checkpoint_crosses":{"0":["Loganbestone"]}}
[2025-04-12T20:19:11.600Z] RACE INFO Loganbestone finished lap 4 with a time of 64.501
[2025-04-12T20:19:12.548Z] RC VERBOSE 2 {"timestamp":1744489152546,"checkpoint_crosses":{"0":["ikonos33"]}}
[2025-04-12T20:19:12.548Z] RACE INFO ikonos33 finished lap 5 with a time of 56.549
[2025-04-12T20:19:13.548Z] RC VERBOSE 2 {"timestamp":1744489153547,"checkpoint_crosses":{"0":["duxq"]}}
[2025-04-12T20:19:13.549Z] RACE INFO duxq finished lap 5 with a time of 60.55
[2025-04-12T20:19:15.147Z] RC VERBOSE 2 {"timestamp":1744489155145,"checkpoint_crosses":{"2":["Niszara"]}}
[2025-04-12T20:19:15.398Z] RC VERBOSE 2 {"timestamp":1744489155397,"checkpoint_crosses":{"1":["Loganbestone"]}}
[2025-04-12T20:19:15.899Z] RC VERBOSE 2 {"timestamp":1744489155897,"checkpoint_crosses":{"2":["Alger1no"]}}
[2025-04-12T20:19:16.477Z] RC VERBOSE 2 {"timestamp":1744489156448,"checkpoint_crosses":{"0":["Tomycero74"]}}
[2025-04-12T20:19:16.490Z] RACE INFO Tomycero74 finished lap 4 with a time of 70.051
[2025-04-12T20:19:16.648Z] RC VERBOSE 2 {"timestamp":1744489156646,"checkpoint_crosses":{"1":["ikonos33"]}}
[2025-04-12T20:19:17.098Z] RC VERBOSE 2 {"timestamp":1744489157096,"checkpoint_crosses":{"2":["GiftedTuba"]}}
[2025-04-12T20:19:17.547Z] RC VERBOSE 2 {"timestamp":1744489157545,"checkpoint_crosses":{"1":["duxq"]}}
[2025-04-12T20:19:20.299Z] RC VERBOSE 2 {"timestamp":1744489160298,"checkpoint_crosses":{"0":["MarsCitadel"]}}
[2025-04-12T20:19:20.300Z] RACE INFO MarsCitadel finished lap 5 with a time of 58.802
[2025-04-12T20:19:20.448Z] RC VERBOSE 2 {"timestamp":1744489160446,"checkpoint_crosses":{"2":["Samuelle1411"]}}
[2025-04-12T20:19:21.247Z] RC VERBOSE 2 {"timestamp":1744489161246,"checkpoint_crosses":{"1":["Tomycero74"]}}
[2025-04-12T20:19:23.247Z] RC VERBOSE 2 {"timestamp":1744489163245,"checkpoint_crosses":{"0":["Miesneus"]}}
[2025-04-12T20:19:23.248Z] RACE INFO Miesneus finished lap 5 with a time of 57.349
[2025-04-12T20:19:24.148Z] RC VERBOSE 2 {"timestamp":1744489164147,"checkpoint_crosses":{"1":["MarsCitadel"]}}
[2025-04-12T20:19:24.248Z] RC VERBOSE 2 {"timestamp":1744489164247,"checkpoint_crosses":{"2":["TheAlphaGamer787"]}}
[2025-04-12T20:19:25.798Z] RC VERBOSE 2 {"timestamp":1744489165797,"checkpoint_crosses":{"0":["aChaoticGod"]}}
[2025-04-12T20:19:25.798Z] RACE INFO aChaoticGod finished lap 5 with a time of 56.599
[2025-04-12T20:19:27.054Z] RC VERBOSE 2 {"timestamp":1744489167047,"checkpoint_crosses":{"2":["DJBLOCKM0NSTER"]}}
[2025-04-12T20:19:27.308Z] RC VERBOSE 2 {"timestamp":1744489167097,"checkpoint_crosses":{"1":["Miesneus"]}}
[2025-04-12T20:19:28.500Z] RC VERBOSE 2 {"timestamp":1744489168497,"checkpoint_crosses":{"2":["biloblue"]}}
[2025-04-12T20:19:29.597Z] RC VERBOSE 2 {"timestamp":1744489169596,"checkpoint_crosses":{"1":["aChaoticGod"]}}
[2025-04-12T20:19:30.152Z] RC VERBOSE 2 {"timestamp":1744489170146,"checkpoint_crosses":{"2":["SubayAdamm"]}}
[2025-04-12T20:19:34.998Z] RC VERBOSE 2 {"timestamp":1744489174996,"checkpoint_crosses":{"0":["Terraformer9"]}}
[2025-04-12T20:19:34.999Z] RACE INFO Terraformer9 finished lap 5 with a time of 55.5
[2025-04-12T20:19:35.549Z] RC VERBOSE 2 {"timestamp":1744489175547,"checkpoint_crosses":{"2":["Aspiry"]}}
[2025-04-12T20:19:36.447Z] RC VERBOSE 2 {"timestamp":1744489176447,"checkpoint_crosses":{"0":["_AmazingAstro"]}}
[2025-04-12T20:19:36.451Z] RACE INFO _AmazingAstro finished lap 5 with a time of 58.451
[2025-04-12T20:19:38.848Z] RC VERBOSE 2 {"timestamp":1744489178847,"checkpoint_crosses":{"1":["Terraformer9"]}}
[2025-04-12T20:19:39.997Z] RC VERBOSE 16 {"timestamp":1744489179996,"pit_enter_crosses":["T1AL_"]}
[2025-04-12T20:19:40.250Z] RC VERBOSE 2 {"timestamp":1744489180247,"checkpoint_crosses":{"1":["_AmazingAstro"]}}
[2025-04-12T20:19:41.697Z] RC VERBOSE 2 {"timestamp":1744489181696,"checkpoint_crosses":{"2":["Loganbestone"]}}
[2025-04-12T20:19:41.998Z] RC VERBOSE 2 {"timestamp":1744489181997,"checkpoint_crosses":{"2":["ikonos33"]}}
[2025-04-12T20:19:43.850Z] RC VERBOSE 2 {"timestamp":1744489183846,"checkpoint_crosses":{"0":["T1AL_"]}}
[2025-04-12T20:19:43.851Z] RACE INFO T1AL_ finished lap 5 with a time of 68.949
[2025-04-12T20:19:43.852Z] RC VERBOSE 8 {"timestamp":1744489183846,"pit_crosses":["T1AL_"]}
[2025-04-12T20:19:44.648Z] RC VERBOSE 2 {"timestamp":1744489184647,"checkpoint_crosses":{"2":["duxq"]}}
[2025-04-12T20:19:44.848Z] RC VERBOSE 2 {"timestamp":1744489184846,"checkpoint_crosses":{"0":["Niszara"]}}
[2025-04-12T20:19:44.848Z] RACE INFO Niszara finished lap 5 with a time of 61.55
[2025-04-12T20:19:45.997Z] RC VERBOSE 2 {"timestamp":1744489185995,"checkpoint_crosses":{"0":["Alger1no"]}}
[2025-04-12T20:19:45.998Z] RACE INFO Alger1no finished lap 5 with a time of 64.148
[2025-04-12T20:19:46.747Z] RC VERBOSE 2 {"timestamp":1744489186746,"checkpoint_crosses":{"0":["GiftedTuba"]}}
[2025-04-12T20:19:46.748Z] RACE INFO GiftedTuba finished lap 5 with a time of 60.399
[2025-04-12T20:19:47.999Z] RC VERBOSE 2 {"timestamp":1744489187996,"checkpoint_crosses":{"0":["Samuelle1411"]}}
[2025-04-12T20:19:47.999Z] RACE INFO Samuelle1411 finished lap 5 with a time of 61.8
[2025-04-12T20:19:48.697Z] RC VERBOSE 2 {"timestamp":1744489188697,"checkpoint_crosses":{"1":["Niszara"]}}
[2025-04-12T20:19:48.899Z] RC VERBOSE 2 {"timestamp":1744489188898,"checkpoint_crosses":{"2":["MarsCitadel"]}}
[2025-04-12T20:19:49.998Z] RC VERBOSE 2 {"timestamp":1744489189997,"checkpoint_crosses":{"1":["Alger1no"]}}
[2025-04-12T20:19:50.998Z] RC VERBOSE 2 {"timestamp":1744489190997,"checkpoint_crosses":{"1":["GiftedTuba"]}}
[2025-04-12T20:19:51.697Z] RC VERBOSE 2 {"timestamp":1744489191696,"checkpoint_crosses":{"2":["Tomycero74"]}}
[2025-04-12T20:19:51.948Z] RC VERBOSE 2 {"timestamp":1744489191947,"checkpoint_crosses":{"1":["Samuelle1411"]}}
[2025-04-12T20:19:52.199Z] RC VERBOSE 2 {"timestamp":1744489192198,"checkpoint_crosses":{"2":["Miesneus"]}}
[2025-04-12T20:19:52.948Z] RC VERBOSE 2 {"timestamp":1744489192946,"checkpoint_crosses":{"0":["TheAlphaGamer787"]}}
[2025-04-12T20:19:52.949Z] RACE INFO TheAlphaGamer787 finished lap 5 with a time of 59.348
[2025-04-12T20:19:53.447Z] RC VERBOSE 2 {"timestamp":1744489193446,"checkpoint_crosses":{"1":["T1AL_"]}}
[2025-04-12T20:19:55.097Z] RC VERBOSE 2 {"timestamp":1744489195096,"checkpoint_crosses":{"2":["aChaoticGod"]}}
[2025-04-12T20:19:55.347Z] RC VERBOSE 2 {"timestamp":1744489195346,"checkpoint_crosses":{"0":["DJBLOCKM0NSTER"]}}
[2025-04-12T20:19:55.347Z] RACE INFO DJBLOCKM0NSTER finished lap 5 with a time of 62.949
[2025-04-12T20:19:56.599Z] RC VERBOSE 2 {"timestamp":1744489196598,"checkpoint_crosses":{"0":["biloblue"]}}
[2025-04-12T20:19:56.600Z] RACE INFO biloblue finished lap 5 with a time of 62.001
[2025-04-12T20:19:56.898Z] RC VERBOSE 2 {"timestamp":1744489196896,"checkpoint_crosses":{"1":["TheAlphaGamer787"]}}
[2025-04-12T20:19:58.499Z] RC VERBOSE 2 {"timestamp":1744489198496,"checkpoint_crosses":{"0":["SubayAdamm"]}}
[2025-04-12T20:19:58.500Z] RACE INFO SubayAdamm finished lap 5 with a time of 60.25
[2025-04-12T20:19:59.299Z] RC VERBOSE 2 {"timestamp":1744489199297,"checkpoint_crosses":{"1":["DJBLOCKM0NSTER"]}}
[2025-04-12T20:20:00.447Z] RC VERBOSE 2 {"timestamp":1744489200446,"checkpoint_crosses":{"1":["biloblue"]}}
[2025-04-12T20:20:02.302Z] RC VERBOSE 2 {"timestamp":1744489202297,"checkpoint_crosses":{"1":["SubayAdamm"]}}
[2025-04-12T20:20:02.349Z] RC VERBOSE 2 {"timestamp":1744489202347,"checkpoint_crosses":{"0":["Aspiry"]}}
[2025-04-12T20:20:02.350Z] RACE INFO Aspiry finished lap 6 with a time of 54.75
[2025-04-12T20:20:02.898Z] RC VERBOSE 2 {"timestamp":1744489202896,"checkpoint_crosses":{"2":["Terraformer9"]}}
[2025-04-12T20:20:04.847Z] RC VERBOSE 2 {"timestamp":1744489204846,"checkpoint_crosses":{"2":["_AmazingAstro"]}}
[2025-04-12T20:20:06.297Z] RC VERBOSE 2 {"timestamp":1744489206295,"checkpoint_crosses":{"1":["Aspiry"]}}
[2025-04-12T20:20:09.648Z] RC VERBOSE 2 {"timestamp":1744489209646,"checkpoint_crosses":{"0":["ikonos33"]}}
[2025-04-12T20:20:09.649Z] RACE INFO ikonos33 finished lap 6 with a time of 57.1
[2025-04-12T20:20:13.398Z] RC VERBOSE 2 {"timestamp":1744489213396,"checkpoint_crosses":{"1":["ikonos33"]}}
[2025-04-12T20:20:13.747Z] RC VERBOSE 2 {"timestamp":1744489213746,"checkpoint_crosses":{"0":["duxq"]}}
[2025-04-12T20:20:13.748Z] RACE INFO duxq finished lap 6 with a time of 60.199
[2025-04-12T20:20:14.597Z] RC VERBOSE 2 {"timestamp":1744489214595,"checkpoint_crosses":{"2":["Niszara"]}}
[2025-04-12T20:20:15.901Z] RC VERBOSE 2 {"timestamp":1744489215896,"checkpoint_crosses":{"0":["MarsCitadel"],"2":["Alger1no"]}}
[2025-04-12T20:20:15.902Z] RACE INFO MarsCitadel finished lap 6 with a time of 55.598
[2025-04-12T20:20:17.297Z] RC VERBOSE 2 {"timestamp":1744489217296,"checkpoint_crosses":{"2":["Samuelle1411"]}}
[2025-04-12T20:20:17.448Z] RC VERBOSE 2 {"timestamp":1744489217447,"checkpoint_crosses":{"1":["duxq"]}}
[2025-04-12T20:20:19.548Z] RC VERBOSE 2 {"timestamp":1744489219547,"checkpoint_crosses":{"0":["Loganbestone"]}}
[2025-04-12T20:20:19.549Z] RACE INFO Loganbestone finished lap 5 with a time of 67.95
[2025-04-12T20:20:19.797Z] RC VERBOSE 2 {"timestamp":1744489219796,"checkpoint_crosses":{"1":["MarsCitadel"],"2":["GiftedTuba"]}}
[2025-04-12T20:20:19.849Z] RC VERBOSE 2 {"timestamp":1744489219847,"checkpoint_crosses":{"2":["T1AL_"]}}
[2025-04-12T20:20:20.947Z] RC VERBOSE 2 {"timestamp":1744489220946,"checkpoint_crosses":{"0":["Miesneus"]}}
[2025-04-12T20:20:20.948Z] RACE INFO Miesneus finished lap 6 with a time of 57.701
[2025-04-12T20:20:23.399Z] RC VERBOSE 2 {"timestamp":1744489223397,"checkpoint_crosses":{"1":["Loganbestone"]}}
[2025-04-12T20:20:23.648Z] RC VERBOSE 2 {"timestamp":1744489223646,"checkpoint_crosses":{"0":["aChaoticGod"]}}
[2025-04-12T20:20:23.648Z] RACE INFO aChaoticGod finished lap 6 with a time of 57.849
[2025-04-12T20:20:24.397Z] RC VERBOSE 2 {"timestamp":1744489224395,"checkpoint_crosses":{"0":["Tomycero74"]}}
[2025-04-12T20:20:24.397Z] RACE INFO Tomycero74 finished lap 5 with a time of 67.947
[2025-04-12T20:20:24.799Z] RC VERBOSE 2 {"timestamp":1744489224797,"checkpoint_crosses":{"1":["Miesneus"]}}
[2025-04-12T20:20:24.897Z] RC VERBOSE 2 {"timestamp":1744489224896,"checkpoint_crosses":{"2":["TheAlphaGamer787"]}}
[2025-04-12T20:20:27.697Z] RC VERBOSE 2 {"timestamp":1744489227696,"checkpoint_crosses":{"1":["aChaoticGod"]}}
[2025-04-12T20:20:29.199Z] RC VERBOSE 2 {"timestamp":1744489229196,"checkpoint_crosses":{"2":["biloblue"]}}
[2025-04-12T20:20:29.849Z] RC VERBOSE 2 {"timestamp":1744489229847,"checkpoint_crosses":{"1":["Tomycero74"]}}
[2025-04-12T20:20:29.897Z] RC VERBOSE 2 {"timestamp":1744489229896,"checkpoint_crosses":{"0":["Terraformer9"]}}
[2025-04-12T20:20:29.898Z] RACE INFO Terraformer9 finished lap 6 with a time of 54.9
[2025-04-12T20:20:30.396Z] RC VERBOSE 2 {"timestamp":1744489230396,"checkpoint_crosses":{"2":["Aspiry"]}}
[2025-04-12T20:20:31.018Z] RC VERBOSE 2 {"timestamp":1744489230947,"checkpoint_crosses":{"2":["SubayAdamm"]}}
[2025-04-12T20:20:32.798Z] RC VERBOSE 2 {"timestamp":1744489232797,"checkpoint_crosses":{"2":["DJBLOCKM0NSTER"]}}
[2025-04-12T20:20:32.947Z] RC VERBOSE 2 {"timestamp":1744489232946,"checkpoint_crosses":{"0":["_AmazingAstro"]}}
[2025-04-12T20:20:32.948Z] RACE INFO _AmazingAstro finished lap 6 with a time of 56.499
[2025-04-12T20:20:33.748Z] RC VERBOSE 2 {"timestamp":1744489233747,"checkpoint_crosses":{"1":["Terraformer9"]}}
[2025-04-12T20:20:36.848Z] RC VERBOSE 2 {"timestamp":1744489236847,"checkpoint_crosses":{"1":["_AmazingAstro"]}}
[2025-04-12T20:20:38.698Z] RC VERBOSE 2 {"timestamp":1744489238696,"checkpoint_crosses":{"2":["ikonos33"]}}
[2025-04-12T20:20:40.999Z] RC VERBOSE 2 {"timestamp":1744489240997,"checkpoint_crosses":{"2":["duxq"]}}
[2025-04-12T20:20:44.548Z] RC VERBOSE 2 {"timestamp":1744489244546,"checkpoint_crosses":{"2":["MarsCitadel"]}}
[2025-04-12T20:20:45.199Z] RC VERBOSE 2 {"timestamp":1744489245197,"checkpoint_crosses":{"0":["Niszara"]}}
[2025-04-12T20:20:45.200Z] RACE INFO Niszara finished lap 6 with a time of 60.351
[2025-04-12T20:20:46.597Z] RC VERBOSE 2 {"timestamp":1744489246596,"checkpoint_crosses":{"0":["Samuelle1411"]}}
[2025-04-12T20:20:46.598Z] RACE INFO Samuelle1411 finished lap 6 with a time of 58.6
[2025-04-12T20:20:49.049Z] RC VERBOSE 2 {"timestamp":1744489249047,"checkpoint_crosses":{"2":["Miesneus"]}}
[2025-04-12T20:20:49.099Z] RC VERBOSE 2 {"timestamp":1744489249098,"checkpoint_crosses":{"1":["Niszara"]}}
[2025-04-12T20:20:49.147Z] RC VERBOSE 2 {"timestamp":1744489249146,"checkpoint_crosses":{"0":["GiftedTuba"],"2":["Loganbestone"]}}
[2025-04-12T20:20:49.148Z] RACE INFO GiftedTuba finished lap 6 with a time of 62.4
[2025-04-12T20:20:50.549Z] RC VERBOSE 2 {"timestamp":1744489250547,"checkpoint_crosses":{"1":["Samuelle1411"]}}
[2025-04-12T20:20:52.697Z] RC VERBOSE 2 {"timestamp":1744489252696,"checkpoint_crosses":{"2":["aChaoticGod"]}}
[2025-04-12T20:20:52.998Z] RC VERBOSE 2 {"timestamp":1744489252996,"checkpoint_crosses":{"0":["TheAlphaGamer787"]}}
[2025-04-12T20:20:52.999Z] RACE INFO TheAlphaGamer787 finished lap 6 with a time of 60.05
[2025-04-12T20:20:53.049Z] RC VERBOSE 2 {"timestamp":1744489253047,"checkpoint_crosses":{"1":["GiftedTuba"]}}
[2025-04-12T20:20:53.749Z] RC VERBOSE 16 {"timestamp":1744489253748,"pit_enter_crosses":["T1AL_"]}
[2025-04-12T20:20:53.848Z] RC VERBOSE 16 {"timestamp":1744489253847,"pit_enter_crosses":["Alger1no"]}
[2025-04-12T20:20:56.247Z] RC VERBOSE 2 {"timestamp":1744489256246,"checkpoint_crosses":{"0":["biloblue"]}}
[2025-04-12T20:20:56.248Z] RACE INFO biloblue finished lap 6 with a time of 59.648
[2025-04-12T20:20:56.948Z] RC VERBOSE 2 {"timestamp":1744489256947,"checkpoint_crosses":{"1":["TheAlphaGamer787"]}}
[2025-04-12T20:20:57.448Z] RC VERBOSE 2 {"timestamp":1744489257447,"checkpoint_crosses":{"2":["Tomycero74"]}}
[2025-04-12T20:20:57.598Z] RC VERBOSE 2 {"timestamp":1744489257596,"checkpoint_crosses":{"0":["T1AL_"]}}
[2025-04-12T20:20:57.599Z] RACE INFO T1AL_ finished lap 6 with a time of 73.75
[2025-04-12T20:20:57.600Z] RC VERBOSE 8 {"timestamp":1744489257596,"pit_crosses":["T1AL_"]}
[2025-04-12T20:20:57.698Z] RC VERBOSE 2 {"timestamp":1744489257696,"checkpoint_crosses":{"0":["Alger1no"]}}
[2025-04-12T20:20:57.699Z] RACE INFO Alger1no finished lap 6 with a time of 71.701
[2025-04-12T20:20:57.700Z] RC VERBOSE 8 {"timestamp":1744489257696,"pit_crosses":["Alger1no"]}
[2025-04-12T20:20:57.998Z] RC VERBOSE 2 {"timestamp":1744489257997,"checkpoint_crosses":{"0":["Aspiry"]}}
[2025-04-12T20:20:57.999Z] RACE INFO Aspiry finished lap 7 with a time of 55.65
[2025-04-12T20:20:58.699Z] RC VERBOSE 2 {"timestamp":1744489258697,"checkpoint_crosses":{"2":["Terraformer9"]}}
[2025-04-12T20:21:00.398Z] RC VERBOSE 2 {"timestamp":1744489260396,"checkpoint_crosses":{"0":["SubayAdamm"]}}
[2025-04-12T20:21:00.399Z] RACE INFO SubayAdamm finished lap 6 with a time of 61.9
[2025-04-12T20:21:00.598Z] RC VERBOSE 2 {"timestamp":1744489260597,"checkpoint_crosses":{"1":["biloblue"]}}
[2025-04-12T20:21:01.948Z] RC VERBOSE 2 {"timestamp":1744489261946,"checkpoint_crosses":{"1":["Aspiry"]}}
[2025-04-12T20:21:01.998Z] RC VERBOSE 2 {"timestamp":1744489261997,"checkpoint_crosses":{"0":["DJBLOCKM0NSTER"]}}
[2025-04-12T20:21:01.999Z] RACE INFO DJBLOCKM0NSTER finished lap 6 with a time of 66.651
[2025-04-12T20:21:03.798Z] RC VERBOSE 2 {"timestamp":1744489263796,"checkpoint_crosses":{"2":["_AmazingAstro"]}}
[2025-04-12T20:21:04.199Z] RC VERBOSE 2 {"timestamp":1744489264198,"checkpoint_crosses":{"1":["SubayAdamm"]}}
[2025-04-12T20:21:06.299Z] RC VERBOSE 2 {"timestamp":1744489266297,"checkpoint_crosses":{"1":["DJBLOCKM0NSTER"]}}
[2025-04-12T20:21:06.698Z] RC VERBOSE 2 {"timestamp":1744489266696,"checkpoint_crosses":{"1":["T1AL_"]}}
[2025-04-12T20:21:06.798Z] RC VERBOSE 2 {"timestamp":1744489266796,"checkpoint_crosses":{"0":["ikonos33"]}}
[2025-04-12T20:21:06.799Z] RACE INFO ikonos33 finished lap 7 with a time of 57.15
[2025-04-12T20:21:07.597Z] RC VERBOSE 2 {"timestamp":1744489267596,"checkpoint_crosses":{"1":["Alger1no"]}}
[2025-04-12T20:21:08.947Z] RC VERBOSE 2 {"timestamp":1744489268946,"checkpoint_crosses":{"0":["duxq"]}}
[2025-04-12T20:21:08.948Z] RACE INFO duxq finished lap 7 with a time of 55.2
[2025-04-12T20:21:10.648Z] RC VERBOSE 2 {"timestamp":1744489270646,"checkpoint_crosses":{"1":["ikonos33"]}}
[2025-04-12T20:21:11.247Z] RC VERBOSE 2 {"timestamp":1744489271246,"checkpoint_crosses":{"0":["MarsCitadel"]}}
[2025-04-12T20:21:11.248Z] RACE INFO MarsCitadel finished lap 7 with a time of 55.35
[2025-04-12T20:21:12.699Z] RC VERBOSE 2 {"timestamp":1744489272697,"checkpoint_crosses":{"1":["duxq"]}}
[2025-04-12T20:21:14.398Z] RC VERBOSE 2 {"timestamp":1744489274396,"checkpoint_crosses":{"2":["Niszara"]}}
[2025-04-12T20:21:15.098Z] RC VERBOSE 2 {"timestamp":1744489275096,"checkpoint_crosses":{"1":["MarsCitadel"]}}
[2025-04-12T20:21:15.548Z] RC VERBOSE 2 {"timestamp":1744489275546,"checkpoint_crosses":{"2":["Samuelle1411"]}}
[2025-04-12T20:21:16.849Z] RC VERBOSE 2 {"timestamp":1744489276847,"checkpoint_crosses":{"0":["Miesneus"]}}
[2025-04-12T20:21:16.849Z] RACE INFO Miesneus finished lap 7 with a time of 55.901
[2025-04-12T20:21:18.347Z] RC VERBOSE 2 {"timestamp":1744489278347,"checkpoint_crosses":{"2":["GiftedTuba"]}}
[2025-04-12T20:21:18.599Z] RC VERBOSE 2 {"timestamp":1744489278597,"checkpoint_crosses":{"0":["Loganbestone"]}}
[2025-04-12T20:21:18.629Z] RACE INFO Loganbestone finished lap 6 with a time of 59.05
[2025-04-12T20:21:20.698Z] RC VERBOSE 2 {"timestamp":1744489280696,"checkpoint_crosses":{"1":["Miesneus"]}}
[2025-04-12T20:21:21.997Z] RC VERBOSE 2 {"timestamp":1744489281996,"checkpoint_crosses":{"2":["TheAlphaGamer787"]}}
[2025-04-12T20:21:22.398Z] RC VERBOSE 2 {"timestamp":1744489282397,"checkpoint_crosses":{"1":["Loganbestone"]}}
[2025-04-12T20:21:25.547Z] RC VERBOSE 2 {"timestamp":1744489285546,"checkpoint_crosses":{"2":["biloblue"]}}
[2025-04-12T20:21:26.048Z] RC VERBOSE 2 {"timestamp":1744489286047,"checkpoint_crosses":{"2":["Aspiry"]}}
[2025-04-12T20:21:27.097Z] RC VERBOSE 16 {"timestamp":1744489287095,"pit_enter_crosses":["aChaoticGod"]}
[2025-04-12T20:21:28.047Z] RC VERBOSE 2 {"timestamp":1744489288046,"checkpoint_crosses":{"0":["Tomycero74"]}}
[2025-04-12T20:21:28.048Z] RACE INFO Tomycero74 finished lap 6 with a time of 63.651
[2025-04-12T20:21:28.999Z] RC VERBOSE 2 {"timestamp":1744489288998,"checkpoint_crosses":{"0":["Terraformer9"]}}
[2025-04-12T20:21:28.999Z] RACE INFO Terraformer9 finished lap 7 with a time of 59.102
[2025-04-12T20:21:30.947Z] RC VERBOSE 2 {"timestamp":1744489290946,"checkpoint_crosses":{"0":["aChaoticGod"]}}
[2025-04-12T20:21:30.948Z] RACE INFO aChaoticGod finished lap 7 with a time of 67.3
[2025-04-12T20:21:30.948Z] RC VERBOSE 8 {"timestamp":1744489290946,"pit_crosses":["aChaoticGod"]}
[2025-04-12T20:21:31.549Z] RC VERBOSE 2 {"timestamp":1744489291547,"checkpoint_crosses":{"2":["T1AL_"]}}
[2025-04-12T20:21:32.498Z] RC VERBOSE 2 {"timestamp":1744489292497,"checkpoint_crosses":{"1":["Tomycero74"]}}
[2025-04-12T20:21:33.148Z] RC VERBOSE 2 {"timestamp":1744489293146,"checkpoint_crosses":{"2":["DJBLOCKM0NSTER"]}}
[2025-04-12T20:21:33.548Z] RC VERBOSE 2 {"timestamp":1744489293548,"checkpoint_crosses":{"1":["Terraformer9"]}}
[2025-04-12T20:21:34.400Z] RC VERBOSE 2 {"timestamp":1744489294398,"checkpoint_crosses":{"2":["Alger1no"]}}
[2025-04-12T20:21:34.998Z] RC VERBOSE 2 {"timestamp":1744489294998,"checkpoint_crosses":{"2":["SubayAdamm"]}}
[2025-04-12T20:21:35.747Z] RC VERBOSE 2 {"timestamp":1744489295746,"checkpoint_crosses":{"2":["ikonos33"]}}
[2025-04-12T20:21:37.247Z] RC VERBOSE 16 {"timestamp":1744489297246,"pit_enter_crosses":["_AmazingAstro"]}
[2025-04-12T20:21:38.747Z] RC VERBOSE 2 {"timestamp":1744489298746,"checkpoint_crosses":{"2":["duxq"]}}
[2025-04-12T20:21:39.899Z] RC VERBOSE 2 {"timestamp":1744489299897,"checkpoint_crosses":{"2":["MarsCitadel"]}}
[2025-04-12T20:21:39.997Z] RC VERBOSE 2 {"timestamp":1744489299995,"checkpoint_crosses":{"1":["aChaoticGod"]}}
[2025-04-12T20:21:41.098Z] RC VERBOSE 2 {"timestamp":1744489301097,"checkpoint_crosses":{"0":["_AmazingAstro"]}}
[2025-04-12T20:21:41.099Z] RACE INFO _AmazingAstro finished lap 7 with a time of 68.151
[2025-04-12T20:21:41.100Z] RC VERBOSE 8 {"timestamp":1744489301097,"pit_crosses":["_AmazingAstro"]}
[2025-04-12T20:21:42.997Z] RC VERBOSE 2 {"timestamp":1744489302996,"checkpoint_crosses":{"0":["Niszara"]}}
[2025-04-12T20:21:42.998Z] RACE INFO Niszara finished lap 7 with a time of 57.799
[2025-04-12T20:21:44.648Z] RC VERBOSE 2 {"timestamp":1744489304646,"checkpoint_crosses":{"2":["Miesneus"]}}
[2025-04-12T20:21:46.447Z] RC VERBOSE 2 {"timestamp":1744489306446,"checkpoint_crosses":{"0":["GiftedTuba"]}}
[2025-04-12T20:21:46.448Z] RACE INFO GiftedTuba finished lap 7 with a time of 57.3
[2025-04-12T20:21:46.997Z] RC VERBOSE 2 {"timestamp":1744489306995,"checkpoint_crosses":{"1":["Niszara"]}}
[2025-04-12T20:21:47.897Z] RC VERBOSE 2 {"timestamp":1744489307895,"checkpoint_crosses":{"2":["Loganbestone"]}}
[2025-04-12T20:21:49.848Z] RC VERBOSE 16 {"timestamp":1744489309847,"pit_enter_crosses":["Samuelle1411"]}
[2025-04-12T20:21:50.398Z] RC VERBOSE 2 {"timestamp":1744489310396,"checkpoint_crosses":{"1":["GiftedTuba"]}}
[2025-04-12T20:21:51.349Z] RC VERBOSE 2 {"timestamp":1744489311347,"checkpoint_crosses":{"1":["_AmazingAstro"]}}
[2025-04-12T20:21:52.897Z] RC VERBOSE 2 {"timestamp":1744489312895,"checkpoint_crosses":{"0":["Aspiry"]}}
[2025-04-12T20:21:52.898Z] RACE INFO Aspiry finished lap 8 with a time of 54.898
[2025-04-12T20:21:53.698Z] RC VERBOSE 2 {"timestamp":1744489313696,"checkpoint_crosses":{"0":["Samuelle1411"]}}
[2025-04-12T20:21:53.699Z] RACE INFO Samuelle1411 finished lap 7 with a time of 67.1
[2025-04-12T20:21:53.700Z] RC VERBOSE 8 {"timestamp":1744489313696,"pit_crosses":["Samuelle1411"]}
[2025-04-12T20:21:55.048Z] RC VERBOSE 2 {"timestamp":1744489315047,"checkpoint_crosses":{"0":["biloblue"]}}
[2025-04-12T20:21:55.049Z] RACE INFO biloblue finished lap 7 with a time of 58.801
[2025-04-12T20:21:56.798Z] RC VERBOSE 2 {"timestamp":1744489316796,"checkpoint_crosses":{"1":["Aspiry"]}}
[2025-04-12T20:21:57.047Z] RC VERBOSE 16 {"timestamp":1744489317046,"pit_enter_crosses":["TheAlphaGamer787"]}
[2025-04-12T20:21:58.948Z] RC VERBOSE 2 {"timestamp":1744489318947,"checkpoint_crosses":{"1":["biloblue"]}}
[2025-04-12T20:22:00.648Z] RC VERBOSE 2 {"timestamp":1744489320646,"checkpoint_crosses":{"2":["Tomycero74"]}}
[2025-04-12T20:22:00.797Z] RC VERBOSE 2 {"timestamp":1744489320796,"checkpoint_crosses":{"0":["T1AL_"]}}
[2025-04-12T20:22:00.798Z] RACE INFO T1AL_ finished lap 7 with a time of 63.2
[2025-04-12T20:22:00.898Z] RC VERBOSE 2 {"timestamp":1744489320896,"checkpoint_crosses":{"0":["TheAlphaGamer787"],"2":["Terraformer9"]}}
[2025-04-12T20:22:00.899Z] RACE INFO TheAlphaGamer787 finished lap 7 with a time of 67.9
[2025-04-12T20:22:00.899Z] RC VERBOSE 8 {"timestamp":1744489320896,"pit_crosses":["TheAlphaGamer787"]}
[2025-04-12T20:22:02.398Z] RC VERBOSE 2 {"timestamp":1744489322396,"checkpoint_crosses":{"0":["DJBLOCKM0NSTER"]}}
[2025-04-12T20:22:02.398Z] RACE INFO DJBLOCKM0NSTER finished lap 7 with a time of 60.399
[2025-04-12T20:22:02.849Z] RC VERBOSE 2 {"timestamp":1744489322848,"checkpoint_crosses":{"1":["Samuelle1411"]}}
[2025-04-12T20:22:04.649Z] RC VERBOSE 2 {"timestamp":1744489324648,"checkpoint_crosses":{"1":["T1AL_"]}}
[2025-04-12T20:22:04.749Z] RC VERBOSE 2 {"timestamp":1744489324748,"checkpoint_crosses":{"0":["Alger1no"]}}
[2025-04-12T20:22:04.750Z] RACE INFO Alger1no finished lap 7 with a time of 67.052
[2025-04-12T20:22:04.947Z] RC VERBOSE 2 {"timestamp":1744489324946,"checkpoint_crosses":{"2":["aChaoticGod"]}}
[2025-04-12T20:22:05.998Z] RC VERBOSE 2 {"timestamp":1744489325996,"checkpoint_crosses":{"0":["ikonos33"]}}
[2025-04-12T20:22:05.999Z] RACE INFO ikonos33 finished lap 8 with a time of 59.2
[2025-04-12T20:22:07.498Z] RC VERBOSE 2 {"timestamp":1744489327496,"checkpoint_crosses":{"1":["DJBLOCKM0NSTER"]}}
[2025-04-12T20:22:07.797Z] RC VERBOSE 2 {"timestamp":1744489327797,"checkpoint_crosses":{"0":["MarsCitadel"]}}
[2025-04-12T20:22:07.798Z] RACE INFO MarsCitadel finished lap 8 with a time of 56.551
[2025-04-12T20:22:08.549Z] RC VERBOSE 2 {"timestamp":1744489328548,"checkpoint_crosses":{"0":["duxq"]}}
[2025-04-12T20:22:08.549Z] RACE INFO duxq finished lap 8 with a time of 59.602
[2025-04-12T20:22:08.898Z] RC VERBOSE 2 {"timestamp":1744489328897,"checkpoint_crosses":{"1":["Alger1no"]}}
[2025-04-12T20:22:09.897Z] RC VERBOSE 2 {"timestamp":1744489329896,"checkpoint_crosses":{"1":["ikonos33"]}}
[2025-04-12T20:22:10.547Z] RC VERBOSE 2 {"timestamp":1744489330546,"checkpoint_crosses":{"1":["TheAlphaGamer787"]}}
[2025-04-12T20:22:11.749Z] RC VERBOSE 2 {"timestamp":1744489331747,"checkpoint_crosses":{"1":["MarsCitadel"]}}
[2025-04-12T20:22:12.549Z] RC VERBOSE 16 {"timestamp":1744489332547,"pit_enter_crosses":["SubayAdamm"]}
[2025-04-12T20:22:12.799Z] RC VERBOSE 2 {"timestamp":1744489332798,"checkpoint_crosses":{"0":["Miesneus"]}}
[2025-04-12T20:22:12.800Z] RACE INFO Miesneus finished lap 8 with a time of 55.951
[2025-04-12T20:22:13.248Z] RC VERBOSE 2 {"timestamp":1744489333246,"checkpoint_crosses":{"2":["Niszara"]}}
[2025-04-12T20:22:14.598Z] RC VERBOSE 2 {"timestamp":1744489334596,"checkpoint_crosses":{"1":["duxq"]}}
[2025-04-12T20:22:16.298Z] RC VERBOSE 2 {"timestamp":1744489336296,"checkpoint_crosses":{"0":["Loganbestone"]}}
[2025-04-12T20:22:16.299Z] RACE INFO Loganbestone finished lap 7 with a time of 57.699
[2025-04-12T20:22:16.398Z] RC VERBOSE 2 {"timestamp":1744489336398,"checkpoint_crosses":{"0":["SubayAdamm"]}}
[2025-04-12T20:22:16.399Z] RACE INFO SubayAdamm finished lap 7 with a time of 76.002
[2025-04-12T20:22:16.400Z] RC VERBOSE 8 {"timestamp":1744489336398,"pit_crosses":["SubayAdamm"]}
[2025-04-12T20:22:16.599Z] RC VERBOSE 2 {"timestamp":1744489336597,"checkpoint_crosses":{"1":["Miesneus"]}}
[2025-04-12T20:22:16.997Z] RC VERBOSE 2 {"timestamp":1744489336996,"checkpoint_crosses":{"2":["GiftedTuba"]}}
[2025-04-12T20:22:20.097Z] RC VERBOSE 2 {"timestamp":1744489340095,"checkpoint_crosses":{"1":["Loganbestone"]}}
[2025-04-12T20:22:21.047Z] RC VERBOSE 2 {"timestamp":1744489341046,"checkpoint_crosses":{"2":["Aspiry"]}}
[2025-04-12T20:22:21.248Z] RC VERBOSE 2 {"timestamp":1744489341246,"checkpoint_crosses":{"2":["_AmazingAstro"]}}
[2025-04-12T20:22:24.049Z] RC VERBOSE 2 {"timestamp":1744489344047,"checkpoint_crosses":{"2":["biloblue"]}}
[2025-04-12T20:22:25.249Z] RC VERBOSE 2 {"timestamp":1744489345247,"checkpoint_crosses":{"1":["SubayAdamm"]}}
[2025-04-12T20:22:27.549Z] RC VERBOSE 2 {"timestamp":1744489347548,"checkpoint_crosses":{"2":["Samuelle1411"]}}
[2025-04-12T20:22:28.948Z] RC VERBOSE 2 {"timestamp":1744489348947,"checkpoint_crosses":{"0":["Terraformer9"]}}
[2025-04-12T20:22:28.949Z] RACE INFO Terraformer9 finished lap 8 with a time of 59.949
[2025-04-12T20:22:29.435Z] RC VERBOSE 2 {"timestamp":1744489349347,"checkpoint_crosses":{"2":["T1AL_"]}}
[2025-04-12T20:22:32.697Z] RC VERBOSE 2 {"timestamp":1744489352696,"checkpoint_crosses":{"1":["Terraformer9"]}}
[2025-04-12T20:22:34.998Z] RC VERBOSE 2 {"timestamp":1744489354997,"checkpoint_crosses":{"2":["DJBLOCKM0NSTER"]}}
[2025-04-12T20:22:36.398Z] RC VERBOSE 2 {"timestamp":1744489356396,"checkpoint_crosses":{"2":["Alger1no"]}}
[2025-04-12T20:22:36.447Z] RC VERBOSE 2 {"timestamp":1744489356445,"checkpoint_crosses":{"0":["aChaoticGod"]}}
[2025-04-12T20:22:36.448Z] RACE INFO aChaoticGod finished lap 8 with a time of 65.499
[2025-04-12T20:22:38.247Z] RC VERBOSE 2 {"timestamp":1744489358246,"checkpoint_crosses":{"2":["MarsCitadel"]}}
[2025-04-12T20:22:39.449Z] RC VERBOSE 2 {"timestamp":1744489359447,"checkpoint_crosses":{"2":["TheAlphaGamer787"]}}
[2025-04-12T20:22:40.397Z] RC VERBOSE 2 {"timestamp":1744489360396,"checkpoint_crosses":{"2":["duxq"]}}
[2025-04-12T20:22:40.499Z] RC VERBOSE 2 {"timestamp":1744489360497,"checkpoint_crosses":{"1":["aChaoticGod"]}}
[2025-04-12T20:22:41.199Z] RC VERBOSE 2 {"timestamp":1744489361197,"checkpoint_crosses":{"2":["ikonos33"]}}
[2025-04-12T20:22:41.849Z] RC VERBOSE 16 {"timestamp":1744489361847,"pit_enter_crosses":["Tomycero74"]}
[2025-04-12T20:22:42.298Z] RC VERBOSE 2 {"timestamp":1744489362297,"checkpoint_crosses":{"2":["Miesneus"]}}
[2025-04-12T20:22:45.647Z] RC VERBOSE 2 {"timestamp":1744489365646,"checkpoint_crosses":{"0":["Tomycero74"]}}
[2025-04-12T20:22:45.647Z] RACE INFO Tomycero74 finished lap 7 with a time of 77.6
[2025-04-12T20:22:45.648Z] RC VERBOSE 8 {"timestamp":1744489365646,"pit_crosses":["Tomycero74"]}
[2025-04-12T20:22:46.898Z] RC VERBOSE 2 {"timestamp":1744489366897,"checkpoint_crosses":{"2":["Loganbestone"]}}
[2025-04-12T20:22:47.997Z] RC VERBOSE 16 {"timestamp":1744489367996,"pit_enter_crosses":["Niszara"]}
[2025-04-12T20:22:48.047Z] RC VERBOSE 2 {"timestamp":1744489368046,"checkpoint_crosses":{"0":["Aspiry"]}}
[2025-04-12T20:22:48.048Z] RACE INFO Aspiry finished lap 9 with a time of 55.151
[2025-04-12T20:22:49.949Z] RC VERBOSE 16 {"timestamp":1744489369948,"pit_enter_crosses":["GiftedTuba"]}
[2025-04-12T20:22:50.097Z] RC VERBOSE 2 {"timestamp":1744489370095,"checkpoint_crosses":{"2":["SubayAdamm"]}}
[2025-04-12T20:22:51.348Z] RC VERBOSE 2 {"timestamp":1744489371346,"checkpoint_crosses":{"0":["_AmazingAstro"]}}
[2025-04-12T20:22:51.349Z] RACE INFO _AmazingAstro finished lap 8 with a time of 70.249
[2025-04-12T20:22:51.847Z] RC VERBOSE 2 {"timestamp":1744489371845,"checkpoint_crosses":{"0":["Niszara"],"1":["Aspiry"]}}
[2025-04-12T20:22:51.848Z] RACE INFO Niszara finished lap 8 with a time of 68.849
[2025-04-12T20:22:51.849Z] RC VERBOSE 8 {"timestamp":1744489371845,"pit_crosses":["Niszara"]}
[2025-04-12T20:22:53.298Z] RC VERBOSE 2 {"timestamp":1744489373296,"checkpoint_crosses":{"0":["biloblue"]}}
[2025-04-12T20:22:53.299Z] RACE INFO biloblue finished lap 8 with a time of 58.249
[2025-04-12T20:22:53.750Z] RC VERBOSE 2 {"timestamp":1744489373747,"checkpoint_crosses":{"0":["GiftedTuba"]}}
[2025-04-12T20:22:53.750Z] RACE INFO GiftedTuba finished lap 8 with a time of 67.301
[2025-04-12T20:22:53.751Z] RC VERBOSE 8 {"timestamp":1744489373747,"pit_crosses":["GiftedTuba"]}
[2025-04-12T20:22:54.697Z] RC VERBOSE 2 {"timestamp":1744489374696,"checkpoint_crosses":{"0":["Samuelle1411"]}}
[2025-04-12T20:22:54.698Z] RACE INFO Samuelle1411 finished lap 8 with a time of 61
[2025-04-12T20:22:55.450Z] RC VERBOSE 2 {"timestamp":1744489375448,"checkpoint_crosses":{"1":["_AmazingAstro"]}}
[2025-04-12T20:22:56.099Z] RC VERBOSE 2 {"timestamp":1744489376096,"checkpoint_crosses":{"1":["Tomycero74"]}}
[2025-04-12T20:22:57.449Z] RC VERBOSE 2 {"timestamp":1744489377448,"checkpoint_crosses":{"2":["Terraformer9"]}}
[2025-04-12T20:22:57.500Z] RC VERBOSE 2 {"timestamp":1744489377498,"checkpoint_crosses":{"1":["biloblue"]}}
[2025-04-12T20:22:58.150Z] RC VERBOSE 2 {"timestamp":1744489378149,"checkpoint_crosses":{"0":["T1AL_"]}}
[2025-04-12T20:22:58.151Z] RACE INFO T1AL_ finished lap 8 with a time of 57.353
[2025-04-12T20:22:58.450Z] RC VERBOSE 2 {"timestamp":1744489378448,"checkpoint_crosses":{"1":["Samuelle1411"]}}
[2025-04-12T20:23:00.999Z] RC VERBOSE 2 {"timestamp":1744489380998,"checkpoint_crosses":{"1":["Niszara"]}}
[2025-04-12T20:23:02.199Z] RC VERBOSE 2 {"timestamp":1744489382197,"checkpoint_crosses":{"1":["T1AL_"]}}
[2025-04-12T20:23:02.848Z] RC VERBOSE 2 {"timestamp":1744489382846,"checkpoint_crosses":{"1":["GiftedTuba"]}}
[2025-04-12T20:23:05.099Z] RC VERBOSE 2 {"timestamp":1744489385098,"checkpoint_crosses":{"0":["Alger1no"]}}
[2025-04-12T20:23:05.100Z] RACE INFO Alger1no finished lap 8 with a time of 60.35
[2025-04-12T20:23:05.199Z] RC VERBOSE 2 {"timestamp":1744489385197,"checkpoint_crosses":{"2":["aChaoticGod"]}}
[2025-04-12T20:23:08.797Z] RC VERBOSE 16 {"timestamp":1744489388796,"pit_enter_crosses":["DJBLOCKM0NSTER"]}
[2025-04-12T20:23:09.048Z] RC VERBOSE 2 {"timestamp":1744489389047,"checkpoint_crosses":{"1":["Alger1no"]}}
[2025-04-12T20:23:12.248Z] RC VERBOSE 2 {"timestamp":1744489392247,"checkpoint_crosses":{"0":["ikonos33"]}}
[2025-04-12T20:23:12.248Z] RACE INFO ikonos33 finished lap 9 with a time of 66.251
[2025-04-12T20:23:12.497Z] RC VERBOSE 16 {"timestamp":1744489392496,"pit_enter_crosses":["MarsCitadel"]}
[2025-04-12T20:23:12.695Z] RC VERBOSE 2 {"timestamp":1744489392647,"checkpoint_crosses":{"0":["DJBLOCKM0NSTER"]}}
[2025-04-12T20:23:12.696Z] RACE INFO DJBLOCKM0NSTER finished lap 8 with a time of 70.251
[2025-04-12T20:23:12.696Z] RC VERBOSE 8 {"timestamp":1744489392647,"pit_crosses":["DJBLOCKM0NSTER"]}
[2025-04-12T20:23:13.948Z] RC VERBOSE 16 {"timestamp":1744489393947,"pit_enter_crosses":["duxq"]}
[2025-04-12T20:23:15.998Z] RC VERBOSE 2 {"timestamp":1744489395997,"checkpoint_crosses":{"2":["Aspiry"]}}
[2025-04-12T20:23:16.048Z] RC VERBOSE 2 {"timestamp":1744489396047,"checkpoint_crosses":{"1":["ikonos33"]}}
[2025-04-12T20:23:16.147Z] RC VERBOSE 16 {"timestamp":1744489396146,"pit_enter_crosses":["TheAlphaGamer787"]}
[2025-04-12T20:23:16.350Z] RC VERBOSE 2 {"timestamp":1744489396347,"checkpoint_crosses":{"0":["MarsCitadel"]}}
[2025-04-12T20:23:16.350Z] RACE INFO MarsCitadel finished lap 9 with a time of 68.55
[2025-04-12T20:23:16.350Z] RC VERBOSE 8 {"timestamp":1744489396347,"pit_crosses":["MarsCitadel"]}
[2025-04-12T20:23:17.698Z] RC VERBOSE 16 {"timestamp":1744489397696,"pit_enter_crosses":["Miesneus"]}
[2025-04-12T20:23:17.798Z] RC VERBOSE 2 {"timestamp":1744489397797,"checkpoint_crosses":{"0":["duxq"]}}
[2025-04-12T20:23:17.799Z] RACE INFO duxq finished lap 9 with a time of 69.249
[2025-04-12T20:23:17.800Z] RC VERBOSE 8 {"timestamp":1744489397797,"pit_crosses":["duxq"]}
[2025-04-12T20:23:19.699Z] RC VERBOSE 2 {"timestamp":1744489399697,"checkpoint_crosses":{"2":["_AmazingAstro"]}}
[2025-04-12T20:23:19.999Z] RC VERBOSE 2 {"timestamp":1744489399997,"checkpoint_crosses":{"0":["TheAlphaGamer787"]}}
[2025-04-12T20:23:19.999Z] RACE INFO TheAlphaGamer787 finished lap 8 with a time of 79.101
[2025-04-12T20:23:20.000Z] RC VERBOSE 8 {"timestamp":1744489399997,"pit_crosses":["TheAlphaGamer787"]}
[2025-04-12T20:23:21.549Z] RC VERBOSE 2 {"timestamp":1744489401547,"checkpoint_crosses":{"0":["Miesneus"]}}
[2025-04-12T20:23:21.550Z] RACE INFO Miesneus finished lap 9 with a time of 68.749
[2025-04-12T20:23:21.550Z] RC VERBOSE 8 {"timestamp":1744489401547,"pit_crosses":["Miesneus"]}
[2025-04-12T20:23:21.899Z] RC VERBOSE 2 {"timestamp":1744489401897,"checkpoint_crosses":{"1":["DJBLOCKM0NSTER"]}}
[2025-04-12T20:23:21.949Z] RC VERBOSE 16 {"timestamp":1744489401947,"pit_enter_crosses":["Loganbestone"]}
[2025-04-12T20:23:23.198Z] RC VERBOSE 2 {"timestamp":1744489403197,"checkpoint_crosses":{"2":["Samuelle1411"]}}
[2025-04-12T20:23:25.198Z] RC VERBOSE 2 {"timestamp":1744489405197,"checkpoint_crosses":{"0":["Terraformer9"]}}
[2025-04-12T20:23:25.199Z] RACE INFO Terraformer9 finished lap 9 with a time of 56.25
[2025-04-12T20:23:25.248Z] RC VERBOSE 2 {"timestamp":1744489405246,"checkpoint_crosses":{"1":["MarsCitadel"]}}
[2025-04-12T20:23:25.800Z] RC VERBOSE 2 {"timestamp":1744489405798,"checkpoint_crosses":{"0":["Loganbestone"]}}
[2025-04-12T20:23:25.801Z] RACE INFO Loganbestone finished lap 8 with a time of 69.502
[2025-04-12T20:23:25.801Z] RC VERBOSE 8 {"timestamp":1744489405798,"pit_crosses":["Loganbestone"]}
[2025-04-12T20:23:26.748Z] RC VERBOSE 2 {"timestamp":1744489406746,"checkpoint_crosses":{"1":["duxq"]}}
[2025-04-12T20:23:27.247Z] RC VERBOSE 2 {"timestamp":1744489407246,"checkpoint_crosses":{"2":["T1AL_"]}}
[2025-04-12T20:23:27.548Z] RC VERBOSE 16 {"timestamp":1744489407547,"pit_enter_crosses":["SubayAdamm"]}
[2025-04-12T20:23:27.847Z] RC VERBOSE 2 {"timestamp":1744489407846,"checkpoint_crosses":{"2":["Tomycero74"]}}
[2025-04-12T20:23:28.148Z] RC VERBOSE 2 {"timestamp":1744489408146,"checkpoint_crosses":{"2":["Niszara"]}}
[2025-04-12T20:23:29.098Z] RC VERBOSE 2 {"timestamp":1744489409097,"checkpoint_crosses":{"1":["TheAlphaGamer787"]}}
[2025-04-12T20:23:29.499Z] RC VERBOSE 2 {"timestamp":1744489409497,"checkpoint_crosses":{"2":["biloblue"]}}
[2025-04-12T20:23:30.148Z] RC VERBOSE 2 {"timestamp":1744489410146,"checkpoint_crosses":{"1":["Terraformer9"]}}
[2025-04-12T20:23:30.397Z] RC VERBOSE 2 {"timestamp":1744489410396,"checkpoint_crosses":{"1":["Miesneus"]}}
[2025-04-12T20:23:30.748Z] RC VERBOSE 2 {"timestamp":1744489410745,"checkpoint_crosses":{"2":["GiftedTuba"]}}
[2025-04-12T20:23:31.347Z] RC VERBOSE 2 {"timestamp":1744489411346,"checkpoint_crosses":{"0":["SubayAdamm"]}}
[2025-04-12T20:23:31.348Z] RACE INFO SubayAdamm finished lap 8 with a time of 74.948
[2025-04-12T20:23:31.349Z] RC VERBOSE 8 {"timestamp":1744489411346,"pit_crosses":["SubayAdamm"]}
[2025-04-12T20:23:32.898Z] RC VERBOSE 2 {"timestamp":1744489412897,"checkpoint_crosses":{"0":["aChaoticGod"]}}
[2025-04-12T20:23:32.898Z] RACE INFO aChaoticGod finished lap 9 with a time of 56.452
[2025-04-12T20:23:33.648Z] RC VERBOSE 2 {"timestamp":1744489413646,"checkpoint_crosses":{"2":["Alger1no"]}}
[2025-04-12T20:23:34.896Z] RC VERBOSE 2 {"timestamp":1744489414895,"checkpoint_crosses":{"1":["Loganbestone"]}}
[2025-04-12T20:23:36.698Z] RC VERBOSE 2 {"timestamp":1744489416697,"checkpoint_crosses":{"1":["aChaoticGod"]}}
[2025-04-12T20:23:40.247Z] RC VERBOSE 2 {"timestamp":1744489420245,"checkpoint_crosses":{"1":["SubayAdamm"]}}
[2025-04-12T20:23:42.548Z] RC VERBOSE 2 {"timestamp":1744489422547,"checkpoint_crosses":{"0":["Aspiry"]}}
[2025-04-12T20:23:42.548Z] RACE INFO Aspiry finished lap 10 with a time of 54.501
[2025-04-12T20:23:42.599Z] RC VERBOSE 2 {"timestamp":1744489422597,"checkpoint_crosses":{"2":["ikonos33"]}}
[2025-04-12T20:23:46.349Z] RC VERBOSE 2 {"timestamp":1744489426347,"checkpoint_crosses":{"1":["Aspiry"]}}
[2025-04-12T20:23:47.498Z] RC VERBOSE 2 {"timestamp":1744489427497,"checkpoint_crosses":{"0":["_AmazingAstro"]}}
[2025-04-12T20:23:47.498Z] RACE INFO _AmazingAstro finished lap 9 with a time of 56.151
[2025-04-12T20:23:48.950Z] RC VERBOSE 2 {"timestamp":1744489428948,"checkpoint_crosses":{"2":["DJBLOCKM0NSTER"]}}
[2025-04-12T20:23:50.448Z] RC VERBOSE 2 {"timestamp":1744489430446,"checkpoint_crosses":{"2":["MarsCitadel"]}}
[2025-04-12T20:23:51.499Z] RC VERBOSE 2 {"timestamp":1744489431497,"checkpoint_crosses":{"1":["_AmazingAstro"]}}
[2025-04-12T20:23:51.698Z] RC VERBOSE 2 {"timestamp":1744489431696,"checkpoint_crosses":{"0":["Samuelle1411"]}}
[2025-04-12T20:23:51.699Z] RACE INFO Samuelle1411 finished lap 9 with a time of 57
[2025-04-12T20:23:52.149Z] RC VERBOSE 2 {"timestamp":1744489432148,"checkpoint_crosses":{"2":["duxq"]}}
[2025-04-12T20:23:55.347Z] RC VERBOSE 2 {"timestamp":1744489435346,"checkpoint_crosses":{"2":["TheAlphaGamer787"]}}
[2025-04-12T20:23:55.448Z] RC VERBOSE 2 {"timestamp":1744489435447,"checkpoint_crosses":{"1":["Samuelle1411"]}}
[2025-04-12T20:23:56.397Z] RC VERBOSE 2 {"timestamp":1744489436396,"checkpoint_crosses":{"2":["Terraformer9"]}}
[2025-04-12T20:23:57.100Z] RC VERBOSE 2 {"timestamp":1744489437098,"checkpoint_crosses":{"0":["T1AL_"]}}
[2025-04-12T20:23:57.100Z] RACE INFO T1AL_ finished lap 9 with a time of 58.949
[2025-04-12T20:23:58.798Z] RC VERBOSE 2 {"timestamp":1744489438796,"checkpoint_crosses":{"2":["Miesneus"]}}
[2025-04-12T20:24:00.498Z] RC VERBOSE 2 {"timestamp":1744489440496,"checkpoint_crosses":{"0":["Niszara"]}}
[2025-04-12T20:24:00.499Z] RACE INFO Niszara finished lap 9 with a time of 68.651
[2025-04-12T20:24:00.950Z] RC VERBOSE 2 {"timestamp":1744489440949,"checkpoint_crosses":{"1":["T1AL_"]}}
[2025-04-12T20:24:01.298Z] RC VERBOSE 2 {"timestamp":1744489441296,"checkpoint_crosses":{"0":["Tomycero74"]}}
[2025-04-12T20:24:01.299Z] RACE INFO Tomycero74 finished lap 8 with a time of 75.65
[2025-04-12T20:24:01.598Z] RC VERBOSE 2 {"timestamp":1744489441597,"checkpoint_crosses":{"2":["aChaoticGod"]}}
[2025-04-12T20:24:03.597Z] RC VERBOSE 2 {"timestamp":1744489443596,"checkpoint_crosses":{"0":["GiftedTuba"]}}
[2025-04-12T20:24:03.598Z] RACE INFO GiftedTuba finished lap 9 with a time of 69.849
[2025-04-12T20:24:04.499Z] RC VERBOSE 2 {"timestamp":1744489444496,"checkpoint_crosses":{"1":["Niszara"],"2":["Loganbestone"]}}
[2025-04-12T20:24:05.498Z] RC VERBOSE 2 {"timestamp":1744489445496,"checkpoint_crosses":{"1":["Tomycero74"]}}
[2025-04-12T20:24:06.851Z] RC VERBOSE 2 {"timestamp":1744489446845,"checkpoint_crosses":{"2":["SubayAdamm"]}}
[2025-04-12T20:24:07.648Z] RC VERBOSE 2 {"timestamp":1744489447645,"checkpoint_crosses":{"1":["GiftedTuba"]}}
[2025-04-12T20:24:07.997Z] RC VERBOSE 16 {"timestamp":1744489447996,"pit_enter_crosses":["biloblue"]}
[2025-04-12T20:24:09.748Z] RC VERBOSE 2 {"timestamp":1744489449747,"checkpoint_crosses":{"0":["ikonos33"]}}
[2025-04-12T20:24:09.749Z] RACE INFO ikonos33 finished lap 10 with a time of 57.5
[2025-04-12T20:24:10.597Z] RC VERBOSE 2 {"timestamp":1744489450595,"checkpoint_crosses":{"2":["Aspiry"]}}
[2025-04-12T20:24:11.099Z] RC VERBOSE 16 {"timestamp":1744489451097,"pit_enter_crosses":["Alger1no"]}
[2025-04-12T20:24:11.848Z] RC VERBOSE 2 {"timestamp":1744489451846,"checkpoint_crosses":{"0":["biloblue"]}}
[2025-04-12T20:24:11.850Z] RACE INFO biloblue finished lap 9 with a time of 78.55
[2025-04-12T20:24:11.854Z] RC VERBOSE 8 {"timestamp":1744489451846,"pit_crosses":["biloblue"]}
[2025-04-12T20:24:13.548Z] RC VERBOSE 2 {"timestamp":1744489453546,"checkpoint_crosses":{"1":["ikonos33"]}}
[2025-04-12T20:24:14.999Z] RC VERBOSE 2 {"timestamp":1744489454997,"checkpoint_crosses":{"0":["Alger1no"]}}
[2025-04-12T20:24:15.000Z] RACE INFO Alger1no finished lap 9 with a time of 69.899
[2025-04-12T20:24:15.000Z] RC VERBOSE 8 {"timestamp":1744489454997,"pit_crosses":["Alger1no"]}
[2025-04-12T20:24:17.099Z] RC VERBOSE 2 {"timestamp":1744489457097,"checkpoint_crosses":{"0":["MarsCitadel"]}}
[2025-04-12T20:24:17.099Z] RACE INFO MarsCitadel finished lap 10 with a time of 60.75
[2025-04-12T20:24:18.697Z] RC VERBOSE 2 {"timestamp":1744489458696,"checkpoint_crosses":{"2":["_AmazingAstro"]}}
[2025-04-12T20:24:19.649Z] RC VERBOSE 2 {"timestamp":1744489459646,"checkpoint_crosses":{"0":["duxq"]}}
[2025-04-12T20:24:19.650Z] RACE INFO duxq finished lap 10 with a time of 61.849
[2025-04-12T20:24:20.748Z] RC VERBOSE 2 {"timestamp":1744489460746,"checkpoint_crosses":{"1":["biloblue"]}}
[2025-04-12T20:24:21.397Z] RC VERBOSE 2 {"timestamp":1744489461397,"checkpoint_crosses":{"2":["Samuelle1411"]}}
[2025-04-12T20:24:21.771Z] RC VERBOSE 2 {"timestamp":1744489461697,"checkpoint_crosses":{"1":["MarsCitadel"]}}
[2025-04-12T20:24:23.549Z] RC VERBOSE 2 {"timestamp":1744489463548,"checkpoint_crosses":{"1":["duxq"]}}
[2025-04-12T20:24:23.899Z] RC VERBOSE 2 {"timestamp":1744489463897,"checkpoint_crosses":{"0":["TheAlphaGamer787"]}}
[2025-04-12T20:24:23.900Z] RACE INFO TheAlphaGamer787 finished lap 9 with a time of 63.9
[2025-04-12T20:24:24.450Z] RC VERBOSE 2 {"timestamp":1744489464447,"checkpoint_crosses":{"1":["Alger1no"]}}
[2025-04-12T20:24:25.098Z] RC VERBOSE 16 {"timestamp":1744489465097,"pit_enter_crosses":["DJBLOCKM0NSTER"]}
[2025-04-12T20:24:25.948Z] RC VERBOSE 2 {"timestamp":1744489465947,"checkpoint_crosses":{"2":["T1AL_"]}}
[2025-04-12T20:24:26.798Z] RC VERBOSE 2 {"timestamp":1744489466797,"checkpoint_crosses":{"0":["Miesneus"]}}
[2025-04-12T20:24:26.799Z] RACE INFO Miesneus finished lap 10 with a time of 65.25
[2025-04-12T20:24:27.797Z] RC VERBOSE 2 {"timestamp":1744489467796,"checkpoint_crosses":{"1":["TheAlphaGamer787"]}}
[2025-04-12T20:24:28.947Z] RC VERBOSE 2 {"timestamp":1744489468946,"checkpoint_crosses":{"0":["DJBLOCKM0NSTER"]}}
[2025-04-12T20:24:28.948Z] RACE INFO DJBLOCKM0NSTER finished lap 9 with a time of 76.299
[2025-04-12T20:24:28.949Z] RC VERBOSE 8 {"timestamp":1744489468946,"pit_crosses":["DJBLOCKM0NSTER"]}
[2025-04-12T20:24:29.197Z] RC VERBOSE 2 {"timestamp":1744489469196,"checkpoint_crosses":{"0":["aChaoticGod"]}}
[2025-04-12T20:24:29.198Z] RACE INFO aChaoticGod finished lap 10 with a time of 56.299
[2025-04-12T20:24:30.448Z] RC VERBOSE 2 {"timestamp":1744489470446,"checkpoint_crosses":{"2":["Niszara"]}}
[2025-04-12T20:24:30.648Z] RC VERBOSE 2 {"timestamp":1744489470647,"checkpoint_crosses":{"1":["Miesneus"]}}
[2025-04-12T20:24:30.999Z] RC VERBOSE 16 {"timestamp":1744489470998,"pit_enter_crosses":["Terraformer9"]}
[2025-04-12T20:24:32.648Z] RC VERBOSE 2 {"timestamp":1744489472646,"checkpoint_crosses":{"0":["Loganbestone"]}}
[2025-04-12T20:24:32.648Z] RACE INFO Loganbestone finished lap 9 with a time of 66.848
[2025-04-12T20:24:32.949Z] RC VERBOSE 2 {"timestamp":1744489472947,"checkpoint_crosses":{"2":["Tomycero74"]}}
[2025-04-12T20:24:33.148Z] RC VERBOSE 2 {"timestamp":1744489473147,"checkpoint_crosses":{"1":["aChaoticGod"]}}
[2025-04-12T20:24:34.746Z] RC VERBOSE 2 {"timestamp":1744489474746,"checkpoint_crosses":{"0":["SubayAdamm"]}}
[2025-04-12T20:24:34.747Z] RACE INFO SubayAdamm finished lap 9 with a time of 63.4
[2025-04-12T20:24:34.797Z] RC VERBOSE 2 {"timestamp":1744489474796,"checkpoint_crosses":{"0":["Terraformer9"]}}
[2025-04-12T20:24:34.798Z] RACE INFO Terraformer9 finished lap 10 with a time of 69.599
[2025-04-12T20:24:34.799Z] RC VERBOSE 8 {"timestamp":1744489474796,"pit_crosses":["Terraformer9"]}
[2025-04-12T20:24:36.447Z] RC VERBOSE 2 {"timestamp":1744489476445,"checkpoint_crosses":{"1":["Loganbestone"]}}
[2025-04-12T20:24:37.348Z] RC VERBOSE 2 {"timestamp":1744489477346,"checkpoint_crosses":{"0":["Aspiry"]}}
[2025-04-12T20:24:37.349Z] RACE INFO Aspiry finished lap 11 with a time of 54.799
[2025-04-12T20:24:38.048Z] RC VERBOSE 2 {"timestamp":1744489478046,"checkpoint_crosses":{"1":["DJBLOCKM0NSTER"]}}
[2025-04-12T20:24:39.299Z] RC VERBOSE 2 {"timestamp":1744489479298,"checkpoint_crosses":{"2":["GiftedTuba"]}}
[2025-04-12T20:24:39.398Z] RC VERBOSE 2 {"timestamp":1744489479396,"checkpoint_crosses":{"2":["ikonos33"]}}
[2025-04-12T20:24:39.448Z] RC VERBOSE 2 {"timestamp":1744489479446,"checkpoint_crosses":{"1":["SubayAdamm"]}}
[2025-04-12T20:24:41.198Z] RC VERBOSE 2 {"timestamp":1744489481196,"checkpoint_crosses":{"1":["Aspiry"]}}
[2025-04-12T20:24:43.548Z] RC VERBOSE 2 {"timestamp":1744489483546,"checkpoint_crosses":{"1":["Terraformer9"]}}
[2025-04-12T20:24:45.449Z] RC VERBOSE 2 {"timestamp":1744489485447,"checkpoint_crosses":{"2":["biloblue"]}}
[2025-04-12T20:24:45.998Z] RC VERBOSE 2 {"timestamp":1744489485997,"checkpoint_crosses":{"2":["MarsCitadel"]}}
[2025-04-12T20:24:46.599Z] RC VERBOSE 2 {"timestamp":1744489486597,"checkpoint_crosses":{"0":["_AmazingAstro"]}}
[2025-04-12T20:24:46.599Z] RACE INFO _AmazingAstro finished lap 10 with a time of 59.1
[2025-04-12T20:24:47.998Z] RC VERBOSE 2 {"timestamp":1744489487996,"checkpoint_crosses":{"2":["duxq"]}}
[2025-04-12T20:24:49.097Z] RC VERBOSE 2 {"timestamp":1744489489096,"checkpoint_crosses":{"0":["Samuelle1411"]}}
[2025-04-12T20:24:49.098Z] RACE INFO Samuelle1411 finished lap 10 with a time of 57.4
[2025-04-12T20:24:50.098Z] RC VERBOSE 2 {"timestamp":1744489490097,"checkpoint_crosses":{"2":["Alger1no"]}}
[2025-04-12T20:24:50.397Z] RC VERBOSE 2 {"timestamp":1744489490396,"checkpoint_crosses":{"1":["_AmazingAstro"]}}
[2025-04-12T20:24:52.798Z] RC VERBOSE 2 {"timestamp":1744489492797,"checkpoint_crosses":{"2":["TheAlphaGamer787"]}}
[2025-04-12T20:24:52.849Z] RC VERBOSE 2 {"timestamp":1744489492847,"checkpoint_crosses":{"1":["Samuelle1411"]}}
[2025-04-12T20:24:54.148Z] RC VERBOSE 2 {"timestamp":1744489494146,"checkpoint_crosses":{"0":["T1AL_"]}}
[2025-04-12T20:24:54.149Z] RACE INFO T1AL_ finished lap 10 with a time of 57.048
[2025-04-12T20:24:54.348Z] RC VERBOSE 2 {"timestamp":1744489494346,"checkpoint_crosses":{"2":["Miesneus"]}}
[2025-04-12T20:24:58.048Z] RC VERBOSE 2 {"timestamp":1744489498046,"checkpoint_crosses":{"1":["T1AL_"]}}
[2025-04-12T20:24:58.498Z] RC VERBOSE 2 {"timestamp":1744489498497,"checkpoint_crosses":{"2":["aChaoticGod"]}}
[2025-04-12T20:25:03.249Z] RC VERBOSE 2 {"timestamp":1744489503247,"checkpoint_crosses":{"2":["Loganbestone"]}}
[2025-04-12T20:25:04.548Z] RC VERBOSE 2 {"timestamp":1744489504545,"checkpoint_crosses":{"0":["Tomycero74"]}}
[2025-04-12T20:25:04.548Z] RACE INFO Tomycero74 finished lap 9 with a time of 63.249
[2025-04-12T20:25:05.449Z] RC VERBOSE 16 {"timestamp":1744489505447,"pit_enter_crosses":["Niszara"]}
[2025-04-12T20:25:06.298Z] RC VERBOSE 2 {"timestamp":1744489506296,"checkpoint_crosses":{"2":["Aspiry"]}}
[2025-04-12T20:25:06.598Z] RC VERBOSE 2 {"timestamp":1744489506596,"checkpoint_crosses":{"2":["SubayAdamm"]}}
[2025-04-12T20:25:07.098Z] RC VERBOSE 2 {"timestamp":1744489507096,"checkpoint_crosses":{"0":["ikonos33"]}}
[2025-04-12T20:25:07.099Z] RACE INFO ikonos33 finished lap 11 with a time of 57.349
[2025-04-12T20:25:07.949Z] RC VERBOSE 2 {"timestamp":1744489507947,"checkpoint_crosses":{"2":["DJBLOCKM0NSTER"]}}
[2025-04-12T20:25:08.948Z] RC VERBOSE 2 {"timestamp":1744489508947,"checkpoint_crosses":{"1":["Tomycero74"]}}
[2025-04-12T20:25:09.297Z] RC VERBOSE 2 {"timestamp":1744489509296,"checkpoint_crosses":{"0":["Niszara"]}}
[2025-04-12T20:25:09.298Z] RACE INFO Niszara finished lap 10 with a time of 68.8
[2025-04-12T20:25:09.299Z] RC VERBOSE 8 {"timestamp":1744489509296,"pit_crosses":["Niszara"]}
[2025-04-12T20:25:10.347Z] RC VERBOSE 2 {"timestamp":1744489510345,"checkpoint_crosses":{"2":["Terraformer9"]}}
[2025-04-12T20:25:10.896Z] RC VERBOSE 2 {"timestamp":1744489510896,"checkpoint_crosses":{"1":["ikonos33"]}}
[2025-04-12T20:25:12.497Z] RC VERBOSE 2 {"timestamp":1744489512495,"checkpoint_crosses":{"0":["MarsCitadel"]}}
[2025-04-12T20:25:12.498Z] RACE INFO MarsCitadel finished lap 11 with a time of 55.398
[2025-04-12T20:25:14.198Z] RC VERBOSE 2 {"timestamp":1744489514197,"checkpoint_crosses":{"0":["biloblue"]}}
[2025-04-12T20:25:14.199Z] RACE INFO biloblue finished lap 10 with a time of 62.351
[2025-04-12T20:25:14.398Z] RC VERBOSE 16 {"timestamp":1744489514397,"pit_enter_crosses":["GiftedTuba"]}
[2025-04-12T20:25:15.597Z] RC VERBOSE 2 {"timestamp":1744489515596,"checkpoint_crosses":{"0":["duxq"]}}
[2025-04-12T20:25:15.598Z] RACE INFO duxq finished lap 11 with a time of 55.95
[2025-04-12T20:25:16.397Z] RC VERBOSE 2 {"timestamp":1744489516395,"checkpoint_crosses":{"1":["MarsCitadel"],"2":["_AmazingAstro"]}}
[2025-04-12T20:25:17.649Z] RC VERBOSE 2 {"timestamp":1744489517648,"checkpoint_crosses":{"2":["Samuelle1411"]}}
[2025-04-12T20:25:18.176Z] RC VERBOSE 2 {"timestamp":1744489518148,"checkpoint_crosses":{"1":["biloblue"]}}
[2025-04-12T20:25:18.247Z] RC VERBOSE 2 {"timestamp":1744489518245,"checkpoint_crosses":{"0":["Alger1no"]}}
[2025-04-12T20:25:18.248Z] RACE INFO Alger1no finished lap 10 with a time of 63.248
[2025-04-12T20:25:18.299Z] RC VERBOSE 2 {"timestamp":1744489518297,"checkpoint_crosses":{"0":["GiftedTuba"]}}
[2025-04-12T20:25:18.300Z] RACE INFO GiftedTuba finished lap 10 with a time of 74.701
[2025-04-12T20:25:18.301Z] RC VERBOSE 8 {"timestamp":1744489518297,"pit_crosses":["GiftedTuba"]}
[2025-04-12T20:25:18.348Z] RC VERBOSE 2 {"timestamp":1744489518346,"checkpoint_crosses":{"1":["Niszara"]}}
[2025-04-12T20:25:19.597Z] RC VERBOSE 2 {"timestamp":1744489519596,"checkpoint_crosses":{"1":["duxq"]}}
[2025-04-12T20:25:20.598Z] RC VERBOSE 2 {"timestamp":1744489520597,"checkpoint_crosses":{"0":["TheAlphaGamer787"]}}
[2025-04-12T20:25:20.599Z] RACE INFO TheAlphaGamer787 finished lap 10 with a time of 56.7
[2025-04-12T20:25:22.749Z] RC VERBOSE 2 {"timestamp":1744489522747,"checkpoint_crosses":{"2":["T1AL_"]}}
[2025-04-12T20:25:22.949Z] RC VERBOSE 2 {"timestamp":1744489522947,"checkpoint_crosses":{"1":["Alger1no"]}}
[2025-04-12T20:25:24.499Z] RC VERBOSE 2 {"timestamp":1744489524497,"checkpoint_crosses":{"1":["TheAlphaGamer787"]}}
[2025-04-12T20:25:27.149Z] RC VERBOSE 16 {"timestamp":1744489527147,"pit_enter_crosses":["Miesneus"]}
[2025-04-12T20:25:27.197Z] RC VERBOSE 2 {"timestamp":1744489527195,"checkpoint_crosses":{"1":["GiftedTuba"]}}
[2025-04-12T20:25:27.397Z] RC VERBOSE 2 {"timestamp":1744489527396,"checkpoint_crosses":{"0":["aChaoticGod"]}}
[2025-04-12T20:25:27.398Z] RACE INFO aChaoticGod finished lap 11 with a time of 58.2
[2025-04-12T20:25:30.998Z] RC VERBOSE 2 {"timestamp":1744489530997,"checkpoint_crosses":{"0":["Miesneus"]}}
[2025-04-12T20:25:30.999Z] RACE INFO Miesneus finished lap 11 with a time of 64.2
[2025-04-12T20:25:31.000Z] RC VERBOSE 8 {"timestamp":1744489530997,"pit_crosses":["Miesneus"]}
[2025-04-12T20:25:31.149Z] RC VERBOSE 2 {"timestamp":1744489531147,"checkpoint_crosses":{"1":["aChaoticGod"]}}
[2025-04-12T20:25:32.397Z] RC VERBOSE 2 {"timestamp":1744489532396,"checkpoint_crosses":{"0":["Loganbestone"]}}
[2025-04-12T20:25:32.398Z] RACE INFO Loganbestone finished lap 10 with a time of 59.75
[2025-04-12T20:25:35.798Z] RC VERBOSE 2 {"timestamp":1744489535797,"checkpoint_crosses":{"2":["ikonos33"]}}
[2025-04-12T20:25:35.898Z] RC VERBOSE 2 {"timestamp":1744489535897,"checkpoint_crosses":{"0":["SubayAdamm"]}}
[2025-04-12T20:25:35.898Z] RACE INFO SubayAdamm finished lap 10 with a time of 61.151
[2025-04-12T20:25:36.197Z] RC VERBOSE 2 {"timestamp":1744489536196,"checkpoint_crosses":{"1":["Loganbestone"]}}
[2025-04-12T20:25:38.849Z] RC VERBOSE 2 {"timestamp":1744489538848,"checkpoint_crosses":{"0":["Terraformer9"]}}
[2025-04-12T20:25:38.850Z] RACE INFO Terraformer9 finished lap 11 with a time of 64.052
[2025-04-12T20:25:38.947Z] RC VERBOSE 16 {"timestamp":1744489538946,"pit_enter_crosses":["Aspiry"]}
[2025-04-12T20:25:40.098Z] RC VERBOSE 2 {"timestamp":1744489540097,"checkpoint_crosses":{"1":["Miesneus"]}}
[2025-04-12T20:25:40.549Z] RC VERBOSE 2 {"timestamp":1744489540548,"checkpoint_crosses":{"2":["Tomycero74"]}}
[2025-04-12T20:25:40.700Z] RC VERBOSE 2 {"timestamp":1744489540698,"checkpoint_crosses":{"1":["SubayAdamm"]}}
[2025-04-12T20:25:41.899Z] RC VERBOSE 2 {"timestamp":1744489541897,"checkpoint_crosses":{"2":["MarsCitadel"]}}
[2025-04-12T20:25:42.599Z] RC VERBOSE 2 {"timestamp":1744489542598,"checkpoint_crosses":{"1":["Terraformer9"]}}
[2025-04-12T20:25:42.797Z] RC VERBOSE 2 {"timestamp":1744489542796,"checkpoint_crosses":{"0":["Aspiry"]}}
[2025-04-12T20:25:42.798Z] RACE INFO Aspiry finished lap 12 with a time of 65.45
[2025-04-12T20:25:42.799Z] RC VERBOSE 8 {"timestamp":1744489542796,"pit_crosses":["Aspiry"]}
[2025-04-12T20:25:42.949Z] RC VERBOSE 2 {"timestamp":1744489542948,"checkpoint_crosses":{"2":["Niszara"]}}
[2025-04-12T20:25:43.998Z] RC VERBOSE 16 {"timestamp":1744489543996,"pit_enter_crosses":["DJBLOCKM0NSTER"]}
[2025-04-12T20:25:46.299Z] RC VERBOSE 2 {"timestamp":1744489546297,"checkpoint_crosses":{"2":["duxq"]}}
[2025-04-12T20:25:46.698Z] RC VERBOSE 2 {"timestamp":1744489546697,"checkpoint_crosses":{"0":["Samuelle1411"]}}
[2025-04-12T20:25:46.699Z] RACE INFO Samuelle1411 finished lap 11 with a time of 57.601
[2025-04-12T20:25:47.498Z] RC VERBOSE 2 {"timestamp":1744489547497,"checkpoint_crosses":{"2":["biloblue"]}}
[2025-04-12T20:25:47.848Z] RC VERBOSE 2 {"timestamp":1744489547846,"checkpoint_crosses":{"0":["DJBLOCKM0NSTER"]}}
[2025-04-12T20:25:47.848Z] RACE INFO DJBLOCKM0NSTER finished lap 10 with a time of 78.9
[2025-04-12T20:25:47.849Z] RC VERBOSE 8 {"timestamp":1744489547846,"pit_crosses":["DJBLOCKM0NSTER"]}
[2025-04-12T20:25:49.347Z] RC VERBOSE 2 {"timestamp":1744489549345,"checkpoint_crosses":{"2":["Alger1no"]}}
[2025-04-12T20:25:50.148Z] RC VERBOSE 16 {"timestamp":1744489550146,"pit_enter_crosses":["_AmazingAstro"]}
[2025-04-12T20:25:50.498Z] RC VERBOSE 2 {"timestamp":1744489550497,"checkpoint_crosses":{"1":["Samuelle1411"]}}
[2025-04-12T20:25:51.847Z] RC VERBOSE 2 {"timestamp":1744489551846,"checkpoint_crosses":{"1":["Aspiry"],"2":["TheAlphaGamer787"]}}
[2025-04-12T20:25:52.697Z] RC VERBOSE 2 {"timestamp":1744489552695,"checkpoint_crosses":{"0":["T1AL_"]}}
[2025-04-12T20:25:52.698Z] RACE INFO T1AL_ finished lap 11 with a time of 58.549
[2025-04-12T20:25:53.999Z] RC VERBOSE 2 {"timestamp":1744489553997,"checkpoint_crosses":{"0":["_AmazingAstro"]}}
[2025-04-12T20:25:53.999Z] RACE INFO _AmazingAstro finished lap 11 with a time of 67.4
[2025-04-12T20:25:54.000Z] RC VERBOSE 8 {"timestamp":1744489553997,"pit_crosses":["_AmazingAstro"]}
[2025-04-12T20:25:55.398Z] RC VERBOSE 2 {"timestamp":1744489555396,"checkpoint_crosses":{"2":["aChaoticGod"]}}
[2025-04-12T20:25:56.597Z] RC VERBOSE 2 {"timestamp":1744489556595,"checkpoint_crosses":{"1":["T1AL_"]}}
[2025-04-12T20:25:56.698Z] RC VERBOSE 2 {"timestamp":1744489556697,"checkpoint_crosses":{"2":["GiftedTuba"]}}
[2025-04-12T20:25:56.849Z] RC VERBOSE 2 {"timestamp":1744489556847,"checkpoint_crosses":{"1":["DJBLOCKM0NSTER"]}}
[2025-04-12T20:26:01.198Z] RC VERBOSE 2 {"timestamp":1744489561196,"checkpoint_crosses":{"2":["Loganbestone"]}}
[2025-04-12T20:26:03.549Z] RC VERBOSE 2 {"timestamp":1744489563547,"checkpoint_crosses":{"1":["_AmazingAstro"]}}
[2025-04-12T20:26:04.047Z] RC VERBOSE 2 {"timestamp":1744489564045,"checkpoint_crosses":{"0":["ikonos33"]}}
[2025-04-12T20:26:04.048Z] RACE INFO ikonos33 finished lap 12 with a time of 56.949
[2025-04-12T20:26:05.247Z] RC VERBOSE 2 {"timestamp":1744489565246,"checkpoint_crosses":{"2":["Miesneus"]}}
[2025-04-12T20:26:07.849Z] RC VERBOSE 2 {"timestamp":1744489567847,"checkpoint_crosses":{"1":["ikonos33"]}}
[2025-04-12T20:26:09.348Z] RC VERBOSE 2 {"timestamp":1744489569347,"checkpoint_crosses":{"2":["SubayAdamm"]}}
[2025-04-12T20:26:10.597Z] RC VERBOSE 2 {"timestamp":1744489570595,"checkpoint_crosses":{"2":["Terraformer9"]}}
[2025-04-12T20:26:12.797Z] RC VERBOSE 2 {"timestamp":1744489572796,"checkpoint_crosses":{"0":["Niszara"]}}
[2025-04-12T20:26:12.798Z] RACE INFO Niszara finished lap 11 with a time of 63.5
[2025-04-12T20:26:14.747Z] RC VERBOSE 2 {"timestamp":1744489574745,"checkpoint_crosses":{"0":["Tomycero74"]}}
[2025-04-12T20:26:14.748Z] RACE INFO Tomycero74 finished lap 10 with a time of 70.2
[2025-04-12T20:26:14.998Z] RC VERBOSE 2 {"timestamp":1744489574997,"checkpoint_crosses":{"2":["Samuelle1411"]}}
[2025-04-12T20:26:16.648Z] RC VERBOSE 2 {"timestamp":1744489576646,"checkpoint_crosses":{"1":["Niszara"]}}
[2025-04-12T20:26:17.298Z] RC VERBOSE 2 {"timestamp":1744489577298,"checkpoint_crosses":{"0":["biloblue"]}}
[2025-04-12T20:26:17.299Z] RACE INFO biloblue finished lap 11 with a time of 63.101
[2025-04-12T20:26:19.147Z] RC VERBOSE 2 {"timestamp":1744489579146,"checkpoint_crosses":{"1":["Tomycero74"]}}
[2025-04-12T20:26:19.347Z] RC VERBOSE 2 {"timestamp":1744489579346,"checkpoint_crosses":{"2":["Aspiry"]}}
[2025-04-12T20:26:20.248Z] RC VERBOSE 2 {"timestamp":1744489580247,"checkpoint_crosses":{"0":["duxq"]}}
[2025-04-12T20:26:20.249Z] RACE INFO duxq finished lap 12 with a time of 64.651
[2025-04-12T20:26:21.198Z] RC VERBOSE 2 {"timestamp":1744489581197,"checkpoint_crosses":{"1":["biloblue"]}}
[2025-04-12T20:26:21.548Z] RC VERBOSE 2 {"timestamp":1744489581546,"checkpoint_crosses":{"0":["Alger1no"]}}
[2025-04-12T20:26:21.549Z] RACE INFO Alger1no finished lap 11 with a time of 63.301
[2025-04-12T20:26:21.997Z] RC VERBOSE 16 {"timestamp":1744489581995,"pit_enter_crosses":["MarsCitadel"]}
[2025-04-12T20:26:22.148Z] RC VERBOSE 2 {"timestamp":1744489582147,"checkpoint_crosses":{"2":["T1AL_"]}}
[2025-04-12T20:26:22.447Z] RC VERBOSE 2 {"timestamp":1744489582446,"checkpoint_crosses":{"0":["TheAlphaGamer787"]}}
[2025-04-12T20:26:22.448Z] RACE INFO TheAlphaGamer787 finished lap 11 with a time of 61.849
[2025-04-12T20:26:23.548Z] RC VERBOSE 2 {"timestamp":1744489583546,"checkpoint_crosses":{"2":["DJBLOCKM0NSTER"]}}
[2025-04-12T20:26:24.100Z] RC VERBOSE 2 {"timestamp":1744489584098,"checkpoint_crosses":{"1":["duxq"]}}
[2025-04-12T20:26:25.447Z] RC VERBOSE 2 {"timestamp":1744489585445,"checkpoint_crosses":{"1":["Alger1no"]}}
[2025-04-12T20:26:25.847Z] RC VERBOSE 2 {"timestamp":1744489585846,"checkpoint_crosses":{"0":["MarsCitadel"]}}
[2025-04-12T20:26:25.848Z] RACE INFO MarsCitadel finished lap 12 with a time of 73.351
[2025-04-12T20:26:25.849Z] RC VERBOSE 8 {"timestamp":1744489585846,"pit_crosses":["MarsCitadel"]}
[2025-04-12T20:26:27.048Z] RC VERBOSE 2 {"timestamp":1744489587047,"checkpoint_crosses":{"1":["TheAlphaGamer787"]}}
[2025-04-12T20:26:29.698Z] RC VERBOSE 2 {"timestamp":1744489589696,"checkpoint_crosses":{"2":["_AmazingAstro"]}}
[2025-04-12T20:26:30.249Z] RC VERBOSE 16 {"timestamp":1744489590248,"pit_enter_crosses":["aChaoticGod"]}
[2025-04-12T20:26:30.999Z] RC VERBOSE 2 {"timestamp":1744489590997,"checkpoint_crosses":{"0":["Loganbestone"]}}
[2025-04-12T20:26:31.000Z] RACE INFO Loganbestone finished lap 11 with a time of 58.601
[2025-04-12T20:26:31.048Z] RC VERBOSE 2 {"timestamp":1744489591047,"checkpoint_crosses":{"2":["ikonos33"]}}
[2025-04-12T20:26:32.648Z] RC VERBOSE 16 {"timestamp":1744489592646,"pit_enter_crosses":["GiftedTuba"]}
[2025-04-12T20:26:33.898Z] RC VERBOSE 2 {"timestamp":1744489593897,"checkpoint_crosses":{"0":["Miesneus"]}}
[2025-04-12T20:26:33.899Z] RACE INFO Miesneus finished lap 12 with a time of 62.9
[2025-04-12T20:26:34.099Z] RC VERBOSE 2 {"timestamp":1744489594097,"checkpoint_crosses":{"0":["aChaoticGod"]}}
[2025-04-12T20:26:34.099Z] RACE INFO aChaoticGod finished lap 12 with a time of 66.701
[2025-04-12T20:26:34.100Z] RC VERBOSE 8 {"timestamp":1744489594097,"pit_crosses":["aChaoticGod"]}
[2025-04-12T20:26:34.748Z] RC VERBOSE 2 {"timestamp":1744489594746,"checkpoint_crosses":{"1":["MarsCitadel"]}}
[2025-04-12T20:26:35.997Z] RC VERBOSE 2 {"timestamp":1744489595995,"checkpoint_crosses":{"1":["Loganbestone"]}}
[2025-04-12T20:26:36.449Z] RC VERBOSE 2 {"timestamp":1744489596448,"checkpoint_crosses":{"0":["GiftedTuba"]}}
[2025-04-12T20:26:36.450Z] RACE INFO GiftedTuba finished lap 11 with a time of 78.151
[2025-04-12T20:26:36.450Z] RC VERBOSE 8 {"timestamp":1744489596448,"pit_crosses":["GiftedTuba"]}
[2025-04-12T20:26:37.199Z] RC VERBOSE 2 {"timestamp":1744489597198,"checkpoint_crosses":{"0":["SubayAdamm"]}}
[2025-04-12T20:26:37.200Z] RACE INFO SubayAdamm finished lap 11 with a time of 61.301
[2025-04-12T20:26:37.601Z] RC VERBOSE 2 {"timestamp":1744489597600,"checkpoint_crosses":{"1":["Miesneus"]}}
[2025-04-12T20:26:38.848Z] RC VERBOSE 2 {"timestamp":1744489598846,"checkpoint_crosses":{"0":["Terraformer9"]}}
[2025-04-12T20:26:38.849Z] RACE INFO Terraformer9 finished lap 12 with a time of 59.998
[2025-04-12T20:26:41.298Z] RC VERBOSE 2 {"timestamp":1744489601297,"checkpoint_crosses":{"1":["SubayAdamm"]}}
[2025-04-12T20:26:42.548Z] RC VERBOSE 2 {"timestamp":1744489602547,"checkpoint_crosses":{"2":["Niszara"]}}
[2025-04-12T20:26:43.297Z] RC VERBOSE 2 {"timestamp":1744489603296,"checkpoint_crosses":{"0":["Samuelle1411"]}}
[2025-04-12T20:26:43.298Z] RACE INFO Samuelle1411 finished lap 12 with a time of 56.599
[2025-04-12T20:26:43.599Z] RC VERBOSE 2 {"timestamp":1744489603598,"checkpoint_crosses":{"1":["Terraformer9"]}}
[2025-04-12T20:26:43.649Z] RC VERBOSE 2 {"timestamp":1744489603647,"checkpoint_crosses":{"1":["aChaoticGod"]}}
[2025-04-12T20:26:44.597Z] RC VERBOSE 2 {"timestamp":1744489604596,"checkpoint_crosses":{"2":["Tomycero74"]}}
[2025-04-12T20:26:45.347Z] RC VERBOSE 2 {"timestamp":1744489605346,"checkpoint_crosses":{"1":["GiftedTuba"]}}
[2025-04-12T20:26:45.798Z] RC VERBOSE 2 {"timestamp":1744489605797,"checkpoint_crosses":{"0":["Aspiry"]}}
[2025-04-12T20:26:45.799Z] RACE INFO Aspiry finished lap 13 with a time of 63.001
[2025-04-12T20:26:47.204Z] RC VERBOSE 2 {"timestamp":1744489607197,"checkpoint_crosses":{"1":["Samuelle1411"]}}
[2025-04-12T20:26:47.597Z] RC VERBOSE 2 {"timestamp":1744489607596,"checkpoint_crosses":{"2":["duxq"]}}
[2025-04-12T20:26:49.348Z] RC VERBOSE 2 {"timestamp":1744489609346,"checkpoint_crosses":{"2":["biloblue"]}}
[2025-04-12T20:26:49.698Z] RC VERBOSE 2 {"timestamp":1744489609697,"checkpoint_crosses":{"1":["Aspiry"]}}
[2025-04-12T20:26:54.249Z] RC VERBOSE 2 {"timestamp":1744489614247,"checkpoint_crosses":{"0":["DJBLOCKM0NSTER"]}}
[2025-04-12T20:26:54.250Z] RACE INFO DJBLOCKM0NSTER finished lap 11 with a time of 66.401
[2025-04-12T20:26:54.648Z] RC VERBOSE 2 {"timestamp":1744489614648,"checkpoint_crosses":{"2":["TheAlphaGamer787"]}}
[2025-04-12T20:26:55.647Z] RC VERBOSE 2 {"timestamp":1744489615646,"checkpoint_crosses":{"2":["Alger1no"]}}
[2025-04-12T20:26:55.849Z] RC VERBOSE 16 {"timestamp":1744489615847,"pit_enter_crosses":["T1AL_"]}
[2025-04-12T20:26:58.248Z] RC VERBOSE 2 {"timestamp":1744489618246,"checkpoint_crosses":{"1":["DJBLOCKM0NSTER"]}}
[2025-04-12T20:26:58.647Z] RC VERBOSE 2 {"timestamp":1744489618646,"checkpoint_crosses":{"0":["ikonos33"]}}
[2025-04-12T20:26:58.648Z] RACE INFO ikonos33 finished lap 13 with a time of 54.601
[2025-04-12T20:26:59.697Z] RC VERBOSE 2 {"timestamp":1744489619695,"checkpoint_crosses":{"0":["T1AL_"]}}
[2025-04-12T20:26:59.698Z] RACE INFO T1AL_ finished lap 12 with a time of 67
[2025-04-12T20:26:59.699Z] RC VERBOSE 8 {"timestamp":1744489619695,"pit_crosses":["T1AL_"]}
[2025-04-12T20:26:59.749Z] RC VERBOSE 2 {"timestamp":1744489619747,"checkpoint_crosses":{"0":["_AmazingAstro"]}}
[2025-04-12T20:26:59.749Z] RACE INFO _AmazingAstro finished lap 12 with a time of 65.75
[2025-04-12T20:27:01.997Z] RC VERBOSE 2 {"timestamp":1744489621996,"checkpoint_crosses":{"2":["MarsCitadel"]}}
[2025-04-12T20:27:02.449Z] RC VERBOSE 2 {"timestamp":1744489622447,"checkpoint_crosses":{"1":["ikonos33"]}}
[2025-04-12T20:27:03.098Z] RC VERBOSE 2 {"timestamp":1744489623096,"checkpoint_crosses":{"2":["Loganbestone"]}}
[2025-04-12T20:27:03.396Z] RC VERBOSE 2 {"timestamp":1744489623396,"checkpoint_crosses":{"2":["Miesneus"]}}
[2025-04-12T20:27:03.798Z] RC VERBOSE 2 {"timestamp":1744489623796,"checkpoint_crosses":{"1":["_AmazingAstro"]}}
[2025-04-12T20:27:07.349Z] RC VERBOSE 2 {"timestamp":1744489627346,"checkpoint_crosses":{"2":["Terraformer9"]}}
[2025-04-12T20:27:08.748Z] RC VERBOSE 2 {"timestamp":1744489628747,"checkpoint_crosses":{"1":["T1AL_"]}}
[2025-04-12T20:27:09.547Z] RC VERBOSE 2 {"timestamp":1744489629546,"checkpoint_crosses":{"2":["SubayAdamm"]}}
[2025-04-12T20:27:11.098Z] RC VERBOSE 2 {"timestamp":1744489631096,"checkpoint_crosses":{"2":["aChaoticGod"]}}
[2025-04-12T20:27:11.697Z] RC VERBOSE 2 {"timestamp":1744489631696,"checkpoint_crosses":{"2":["Samuelle1411"]}}
[2025-04-12T20:27:11.749Z] RC VERBOSE 2 {"timestamp":1744489631748,"checkpoint_crosses":{"0":["Niszara"]}}
[2025-04-12T20:27:11.750Z] RACE INFO Niszara finished lap 12 with a time of 58.952
[2025-04-12T20:27:11.948Z] RC VERBOSE 2 {"timestamp":1744489631947,"checkpoint_crosses":{"2":["GiftedTuba"]}}
[2025-04-12T20:27:13.097Z] RC VERBOSE 2 {"timestamp":1744489633096,"checkpoint_crosses":{"2":["Aspiry"]}}
[2025-04-12T20:27:15.699Z] RC VERBOSE 2 {"timestamp":1744489635697,"checkpoint_crosses":{"1":["Niszara"]}}
[2025-04-12T20:27:18.348Z] RC VERBOSE 2 {"timestamp":1744489638347,"checkpoint_crosses":{"0":["Tomycero74"]}}
[2025-04-12T20:27:18.349Z] RACE INFO Tomycero74 finished lap 11 with a time of 63.602
[2025-04-12T20:27:19.247Z] RC VERBOSE 2 {"timestamp":1744489639247,"checkpoint_crosses":{"0":["biloblue"]}}
[2025-04-12T20:27:19.248Z] RACE INFO biloblue finished lap 12 with a time of 61.949
[2025-04-12T20:27:22.749Z] RC VERBOSE 2 {"timestamp":1744489642746,"checkpoint_crosses":{"1":["Tomycero74"]}}
[2025-04-12T20:27:23.548Z] RC VERBOSE 16 {"timestamp":1744489643547,"pit_enter_crosses":["duxq"]}
[2025-04-12T20:27:23.747Z] RC VERBOSE 2 {"timestamp":1744489643746,"checkpoint_crosses":{"1":["biloblue"]}}
[2025-04-12T20:27:24.299Z] RC VERBOSE 2 {"timestamp":1744489644297,"checkpoint_crosses":{"0":["TheAlphaGamer787"]}}
[2025-04-12T20:27:24.299Z] RACE INFO TheAlphaGamer787 finished lap 12 with a time of 61.851
[2025-04-12T20:27:25.598Z] RC VERBOSE 2 {"timestamp":1744489645597,"checkpoint_crosses":{"2":["DJBLOCKM0NSTER"]}}
[2025-04-12T20:27:26.099Z] RC VERBOSE 2 {"timestamp":1744489646098,"checkpoint_crosses":{"2":["ikonos33"]}}
[2025-04-12T20:27:26.346Z] RC VERBOSE 2 {"timestamp":1744489646346,"checkpoint_crosses":{"0":["Alger1no"]}}
[2025-04-12T20:27:26.347Z] RACE INFO Alger1no finished lap 12 with a time of 64.8
[2025-04-12T20:27:27.348Z] RC VERBOSE 2 {"timestamp":1744489647346,"checkpoint_crosses":{"0":["duxq"]}}
[2025-04-12T20:27:27.349Z] RACE INFO duxq finished lap 13 with a time of 67.099
[2025-04-12T20:27:27.349Z] RC VERBOSE 8 {"timestamp":1744489647346,"pit_crosses":["duxq"]}
[2025-04-12T20:27:28.298Z] RC VERBOSE 2 {"timestamp":1744489648297,"checkpoint_crosses":{"1":["TheAlphaGamer787"]}}
[2025-04-12T20:27:28.898Z] RC VERBOSE 2 {"timestamp":1744489648897,"checkpoint_crosses":{"2":["_AmazingAstro"]}}
[2025-04-12T20:27:29.448Z] RC VERBOSE 2 {"timestamp":1744489649447,"checkpoint_crosses":{"0":["MarsCitadel"]}}
[2025-04-12T20:27:29.449Z] RACE INFO MarsCitadel finished lap 13 with a time of 63.601
[2025-04-12T20:27:30.398Z] RC VERBOSE 2 {"timestamp":1744489650397,"checkpoint_crosses":{"0":["Miesneus"]}}
[2025-04-12T20:27:30.398Z] RACE INFO Miesneus finished lap 13 with a time of 56.5
[2025-04-12T20:27:30.547Z] RC VERBOSE 2 {"timestamp":1744489650546,"checkpoint_crosses":{"1":["Alger1no"]}}
[2025-04-12T20:27:32.947Z] RC VERBOSE 2 {"timestamp":1744489652946,"checkpoint_crosses":{"0":["Loganbestone"]}}
[2025-04-12T20:27:32.948Z] RACE INFO Loganbestone finished lap 12 with a time of 61.949
[2025-04-12T20:27:33.297Z] RC VERBOSE 2 {"timestamp":1744489653296,"checkpoint_crosses":{"1":["MarsCitadel"]}}
[2025-04-12T20:27:33.749Z] RC VERBOSE 2 {"timestamp":1744489653748,"checkpoint_crosses":{"2":["T1AL_"]}}
[2025-04-12T20:27:34.298Z] RC VERBOSE 2 {"timestamp":1744489654297,"checkpoint_crosses":{"1":["Miesneus"]}}
[2025-04-12T20:27:34.747Z] RC VERBOSE 2 {"timestamp":1744489654747,"checkpoint_crosses":{"0":["Terraformer9"]}}
[2025-04-12T20:27:34.748Z] RACE INFO Terraformer9 finished lap 13 with a time of 55.901
[2025-04-12T20:27:36.346Z] RC VERBOSE 2 {"timestamp":1744489656346,"checkpoint_crosses":{"1":["duxq"]}}
[2025-04-12T20:27:37.398Z] RC VERBOSE 2 {"timestamp":1744489657398,"checkpoint_crosses":{"1":["Loganbestone"]}}
[2025-04-12T20:27:38.397Z] RC VERBOSE 2 {"timestamp":1744489658395,"checkpoint_crosses":{"0":["SubayAdamm"]}}
[2025-04-12T20:27:38.398Z] RACE INFO SubayAdamm finished lap 12 with a time of 61.197
[2025-04-12T20:27:38.648Z] RC VERBOSE 2 {"timestamp":1744489658646,"checkpoint_crosses":{"1":["Terraformer9"]}}
[2025-04-12T20:27:39.497Z] RC VERBOSE 2 {"timestamp":1744489659496,"checkpoint_crosses":{"0":["Samuelle1411"]}}
[2025-04-12T20:27:39.498Z] RACE INFO Samuelle1411 finished lap 13 with a time of 56.2
[2025-04-12T20:27:39.599Z] RC VERBOSE 2 {"timestamp":1744489659597,"checkpoint_crosses":{"0":["aChaoticGod"]}}
[2025-04-12T20:27:39.600Z] RACE INFO aChaoticGod finished lap 13 with a time of 65.5
[2025-04-12T20:27:41.348Z] RC VERBOSE 2 {"timestamp":1744489661347,"checkpoint_crosses":{"2":["Niszara"]}}
[2025-04-12T20:27:42.398Z] RC VERBOSE 2 {"timestamp":1744489662397,"checkpoint_crosses":{"1":["SubayAdamm"]}}
[2025-04-12T20:27:42.848Z] RC VERBOSE 2 {"timestamp":1744489662847,"checkpoint_crosses":{"0":["GiftedTuba"]}}
[2025-04-12T20:27:42.849Z] RACE INFO GiftedTuba finished lap 12 with a time of 66.399
[2025-04-12T20:27:43.398Z] RC VERBOSE 2 {"timestamp":1744489663397,"checkpoint_crosses":{"1":["Samuelle1411","aChaoticGod"]}}
[2025-04-12T20:27:46.697Z] RC VERBOSE 2 {"timestamp":1744489666695,"checkpoint_crosses":{"1":["GiftedTuba"]}}
[2025-04-12T20:27:47.347Z] RC VERBOSE 16 {"timestamp":1744489667346,"pit_enter_crosses":["Aspiry"]}
[2025-04-12T20:27:49.698Z] RC VERBOSE 2 {"timestamp":1744489669696,"checkpoint_crosses":{"2":["biloblue"]}}
[2025-04-12T20:27:51.148Z] RC VERBOSE 2 {"timestamp":1744489671147,"checkpoint_crosses":{"0":["Aspiry"]}}
[2025-04-12T20:27:51.148Z] RACE INFO Aspiry finished lap 14 with a time of 65.35
[2025-04-12T20:27:51.149Z] RC VERBOSE 8 {"timestamp":1744489671147,"pit_crosses":["Aspiry"]}
[2025-04-12T20:27:52.447Z] RC VERBOSE 2 {"timestamp":1744489672446,"checkpoint_crosses":{"2":["Tomycero74"]}}
[2025-04-12T20:27:54.698Z] RC VERBOSE 2 {"timestamp":1744489674697,"checkpoint_crosses":{"2":["Alger1no"]}}
[2025-04-12T20:27:54.799Z] RC VERBOSE 2 {"timestamp":1744489674798,"checkpoint_crosses":{"2":["TheAlphaGamer787"]}}
[2025-04-12T20:27:55.599Z] RC VERBOSE 2 {"timestamp":1744489675598,"checkpoint_crosses":{"0":["DJBLOCKM0NSTER"]}}
[2025-04-12T20:27:55.600Z] RACE INFO DJBLOCKM0NSTER finished lap 12 with a time of 61.351
[2025-04-12T20:27:57.147Z] RC VERBOSE 2 {"timestamp":1744489677145,"checkpoint_crosses":{"0":["ikonos33"]}}
[2025-04-12T20:27:57.148Z] RACE INFO ikonos33 finished lap 14 with a time of 58.499
[2025-04-12T20:27:57.997Z] RC VERBOSE 2 {"timestamp":1744489677996,"checkpoint_crosses":{"2":["MarsCitadel"]}}
[2025-04-12T20:27:58.751Z] RC VERBOSE 2 {"timestamp":1744489678747,"checkpoint_crosses":{"0":["_AmazingAstro"]}}
[2025-04-12T20:27:58.752Z] RACE INFO _AmazingAstro finished lap 13 with a time of 59
[2025-04-12T20:27:59.919Z] RC VERBOSE 2 {"timestamp":1744489679796,"checkpoint_crosses":{"1":["DJBLOCKM0NSTER"]}}
[2025-04-12T20:28:00.549Z] RC VERBOSE 2 {"timestamp":1744489680547,"checkpoint_crosses":{"2":["Miesneus"]}}
[2025-04-12T20:28:00.749Z] RC VERBOSE 2 {"timestamp":1744489680748,"checkpoint_crosses":{"1":["Aspiry"]}}
[2025-04-12T20:28:01.448Z] RC VERBOSE 2 {"timestamp":1744489681446,"checkpoint_crosses":{"0":["T1AL_"]}}
[2025-04-12T20:28:01.449Z] RACE INFO T1AL_ finished lap 13 with a time of 61.751
[2025-04-12T20:28:01.548Z] RC VERBOSE 2 {"timestamp":1744489681546,"checkpoint_crosses":{"1":["ikonos33"]}}
[2025-04-12T20:28:02.398Z] RC VERBOSE 2 {"timestamp":1744489682397,"checkpoint_crosses":{"2":["duxq"]}}
[2025-04-12T20:28:02.798Z] RC VERBOSE 2 {"timestamp":1744489682797,"checkpoint_crosses":{"1":["_AmazingAstro"]}}
[2025-04-12T20:28:05.248Z] RC VERBOSE 2 {"timestamp":1744489685245,"checkpoint_crosses":{"2":["Loganbestone","Terraformer9"]}}
[2025-04-12T20:28:05.299Z] RC VERBOSE 2 {"timestamp":1744489685297,"checkpoint_crosses":{"1":["T1AL_"]}}
[2025-04-12T20:28:06.699Z] RC VERBOSE 2 {"timestamp":1744489686698,"checkpoint_crosses":{"2":["SubayAdamm"]}}
[2025-04-12T20:28:08.598Z] RC VERBOSE 2 {"timestamp":1744489688597,"checkpoint_crosses":{"2":["Samuelle1411"]}}
[2025-04-12T20:28:10.249Z] RC VERBOSE 2 {"timestamp":1744489690248,"checkpoint_crosses":{"0":["Niszara"]}}
[2025-04-12T20:28:10.250Z] RACE INFO Niszara finished lap 13 with a time of 58.5
[2025-04-12T20:28:11.899Z] RC VERBOSE 2 {"timestamp":1744489691897,"checkpoint_crosses":{"2":["aChaoticGod"]}}
[2025-04-12T20:28:14.148Z] RC VERBOSE 2 {"timestamp":1744489694147,"checkpoint_crosses":{"1":["Niszara"]}}
[2025-04-12T20:28:15.999Z] RC VERBOSE 2 {"timestamp":1744489695997,"checkpoint_crosses":{"2":["GiftedTuba"]}}
[2025-04-12T20:28:17.498Z] RC VERBOSE 2 {"timestamp":1744489697496,"checkpoint_crosses":{"0":["biloblue"]}}
[2025-04-12T20:28:17.498Z] RACE INFO biloblue finished lap 13 with a time of 58.249
[2025-04-12T20:28:21.298Z] RC VERBOSE 2 {"timestamp":1744489701296,"checkpoint_crosses":{"1":["biloblue"]}}
[2025-04-12T20:28:23.649Z] RC VERBOSE 2 {"timestamp":1744489703646,"checkpoint_crosses":{"0":["Alger1no"]}}
[2025-04-12T20:28:23.650Z] RACE INFO Alger1no finished lap 13 with a time of 57.3
[2025-04-12T20:28:26.097Z] RC VERBOSE 2 {"timestamp":1744489706096,"checkpoint_crosses":{"0":["MarsCitadel"]}}
[2025-04-12T20:28:26.098Z] RACE INFO MarsCitadel finished lap 14 with a time of 56.649
[2025-04-12T20:28:26.448Z] RC VERBOSE 2 {"timestamp":1744489706447,"checkpoint_crosses":{"2":["ikonos33"]}}
[2025-04-12T20:28:26.597Z] RC VERBOSE 2 {"timestamp":1744489706596,"checkpoint_crosses":{"0":["TheAlphaGamer787"]}}
[2025-04-12T20:28:26.598Z] RACE INFO TheAlphaGamer787 finished lap 13 with a time of 62.299
[2025-04-12T20:28:26.898Z] RC VERBOSE 16 {"timestamp":1744489706897,"pit_enter_crosses":["Tomycero74"]}
[2025-04-12T20:28:27.498Z] RC VERBOSE 2 {"timestamp":1744489707497,"checkpoint_crosses":{"1":["Alger1no"]}}
[2025-04-12T20:28:27.748Z] RC VERBOSE 2 {"timestamp":1744489707746,"checkpoint_crosses":{"2":["Aspiry"]}}
[2025-04-12T20:28:29.498Z] RC VERBOSE 2 {"timestamp":1744489709497,"checkpoint_crosses":{"0":["Miesneus"]}}
[2025-04-12T20:28:29.499Z] RACE INFO Miesneus finished lap 14 with a time of 59.1
[2025-04-12T20:28:29.899Z] RC VERBOSE 2 {"timestamp":1744489709897,"checkpoint_crosses":{"2":["_AmazingAstro"]}}
[2025-04-12T20:28:29.948Z] RC VERBOSE 2 {"timestamp":1744489709947,"checkpoint_crosses":{"1":["MarsCitadel"]}}
[2025-04-12T20:28:30.198Z] RC VERBOSE 2 {"timestamp":1744489710196,"checkpoint_crosses":{"2":["DJBLOCKM0NSTER"]}}
[2025-04-12T20:28:30.649Z] RC VERBOSE 2 {"timestamp":1744489710648,"checkpoint_crosses":{"1":["TheAlphaGamer787"]}}
[2025-04-12T20:28:30.798Z] RC VERBOSE 2 {"timestamp":1744489710797,"checkpoint_crosses":{"0":["Tomycero74"]}}
[2025-04-12T20:28:30.799Z] RACE INFO Tomycero74 finished lap 12 with a time of 72.45
[2025-04-12T20:28:30.799Z] RC VERBOSE 8 {"timestamp":1744489710797,"pit_crosses":["Tomycero74"]}
[2025-04-12T20:28:31.349Z] RC VERBOSE 2 {"timestamp":1744489711348,"checkpoint_crosses":{"2":["T1AL_"]}}
[2025-04-12T20:28:32.099Z] RC VERBOSE 2 {"timestamp":1744489712097,"checkpoint_crosses":{"0":["duxq"]}}
[2025-04-12T20:28:32.099Z] RACE INFO duxq finished lap 14 with a time of 64.751
[2025-04-12T20:28:33.398Z] RC VERBOSE 2 {"timestamp":1744489713396,"checkpoint_crosses":{"1":["Miesneus"]}}
[2025-04-12T20:28:33.797Z] RC VERBOSE 2 {"timestamp":1744489713795,"checkpoint_crosses":{"0":["Terraformer9"]}}
[2025-04-12T20:28:33.798Z] RACE INFO Terraformer9 finished lap 14 with a time of 59.048
[2025-04-12T20:28:35.649Z] RC VERBOSE 2 {"timestamp":1744489715647,"checkpoint_crosses":{"0":["SubayAdamm"]}}
[2025-04-12T20:28:35.649Z] RACE INFO SubayAdamm finished lap 13 with a time of 57.252
[2025-04-12T20:28:35.947Z] RC VERBOSE 2 {"timestamp":1744489715946,"checkpoint_crosses":{"1":["duxq"]}}
[2025-04-12T20:28:37.599Z] RC VERBOSE 2 {"timestamp":1744489717598,"checkpoint_crosses":{"1":["Terraformer9"]}}
[2025-04-12T20:28:39.147Z] RC VERBOSE 2 {"timestamp":1744489719146,"checkpoint_crosses":{"0":["Samuelle1411"]}}
[2025-04-12T20:28:39.148Z] RACE INFO Samuelle1411 finished lap 14 with a time of 59.65
[2025-04-12T20:28:39.598Z] RC VERBOSE 2 {"timestamp":1744489719597,"checkpoint_crosses":{"1":["SubayAdamm"]}}
[2025-04-12T20:28:40.347Z] RC VERBOSE 2 {"timestamp":1744489720346,"checkpoint_crosses":{"1":["Tomycero74"]}}
[2025-04-12T20:28:41.948Z] RC VERBOSE 2 {"timestamp":1744489721947,"checkpoint_crosses":{"2":["Niszara"]}}
[2025-04-12T20:28:41.999Z] RC VERBOSE 2 {"timestamp":1744489721997,"checkpoint_crosses":{"0":["aChaoticGod"]}}
[2025-04-12T20:28:41.999Z] RACE INFO aChaoticGod finished lap 14 with a time of 62.4
[2025-04-12T20:28:43.097Z] RC VERBOSE 2 {"timestamp":1744489723095,"checkpoint_crosses":{"1":["Samuelle1411"]}}
[2025-04-12T20:28:43.799Z] RC VERBOSE 16 {"timestamp":1744489723797,"pit_enter_crosses":["Loganbestone"]}
[2025-04-12T20:28:44.947Z] RC VERBOSE 2 {"timestamp":1744489724946,"checkpoint_crosses":{"0":["GiftedTuba"]}}
[2025-04-12T20:28:44.948Z] RACE INFO GiftedTuba finished lap 13 with a time of 62.099
[2025-04-12T20:28:45.548Z] RC VERBOSE 2 {"timestamp":1744489725546,"checkpoint_crosses":{"2":["biloblue"]}}
[2025-04-12T20:28:45.797Z] RC VERBOSE 2 {"timestamp":1744489725796,"checkpoint_crosses":{"1":["aChaoticGod"]}}
[2025-04-12T20:28:47.748Z] RC VERBOSE 2 {"timestamp":1744489727746,"checkpoint_crosses":{"0":["Loganbestone"]}}
[2025-04-12T20:28:47.748Z] RACE INFO Loganbestone finished lap 13 with a time of 74.8
[2025-04-12T20:28:47.749Z] RC VERBOSE 8 {"timestamp":1744489727746,"pit_crosses":["Loganbestone"]}
[2025-04-12T20:28:48.698Z] RC VERBOSE 2 {"timestamp":1744489728696,"checkpoint_crosses":{"1":["GiftedTuba"]}}
[2025-04-12T20:28:54.554Z] RC VERBOSE 2 {"timestamp":1744489734552,"checkpoint_crosses":{"2":["MarsCitadel"]}}
[2025-04-12T20:28:54.749Z] RC VERBOSE 2 {"timestamp":1744489734747,"checkpoint_crosses":{"2":["Alger1no"]}}
[2025-04-12T20:28:55.799Z] RC VERBOSE 2 {"timestamp":1744489735798,"checkpoint_crosses":{"0":["Aspiry"]}}
[2025-04-12T20:28:55.800Z] RACE INFO Aspiry finished lap 15 with a time of 64.651
[2025-04-12T20:28:56.598Z] RC VERBOSE 2 {"timestamp":1744489736597,"checkpoint_crosses":{"2":["Miesneus"]}}
[2025-04-12T20:28:56.797Z] RC VERBOSE 2 {"timestamp":1744489736796,"checkpoint_crosses":{"1":["Loganbestone"]}}
[2025-04-12T20:28:57.099Z] RC VERBOSE 2 {"timestamp":1744489737098,"checkpoint_crosses":{"2":["TheAlphaGamer787"]}}
[2025-04-12T20:28:57.598Z] RC VERBOSE 2 {"timestamp":1744489737597,"checkpoint_crosses":{"0":["_AmazingAstro"]}}
[2025-04-12T20:28:57.599Z] RACE INFO _AmazingAstro finished lap 14 with a time of 58.85
[2025-04-12T20:28:59.098Z] RC VERBOSE 2 {"timestamp":1744489739097,"checkpoint_crosses":{"0":["T1AL_"]}}
[2025-04-12T20:28:59.099Z] RACE INFO T1AL_ finished lap 14 with a time of 57.651
[2025-04-12T20:28:59.547Z] RC VERBOSE 2 {"timestamp":1744489739546,"checkpoint_crosses":{"1":["Aspiry"]}}
[2025-04-12T20:28:59.548Z] RC VERBOSE 16 {"timestamp":1744489739546,"pit_enter_crosses":["ikonos33"]}
[2025-04-12T20:29:00.798Z] RC VERBOSE 2 {"timestamp":1744489740796,"checkpoint_crosses":{"0":["DJBLOCKM0NSTER"]}}
[2025-04-12T20:29:00.798Z] RACE INFO DJBLOCKM0NSTER finished lap 13 with a time of 65.198
[2025-04-12T20:29:01.347Z] RC VERBOSE 2 {"timestamp":1744489741346,"checkpoint_crosses":{"1":["_AmazingAstro"]}}
[2025-04-12T20:29:02.347Z] RC VERBOSE 2 {"timestamp":1744489742346,"checkpoint_crosses":{"2":["Terraformer9"]}}
[2025-04-12T20:29:02.848Z] RC VERBOSE 2 {"timestamp":1744489742846,"checkpoint_crosses":{"2":["duxq"]}}
[2025-04-12T20:29:02.948Z] RC VERBOSE 2 {"timestamp":1744489742947,"checkpoint_crosses":{"1":["T1AL_"]}}
[2025-04-12T20:29:03.348Z] RC VERBOSE 2 {"timestamp":1744489743346,"checkpoint_crosses":{"0":["ikonos33"]}}
[2025-04-12T20:29:03.348Z] RACE INFO ikonos33 finished lap 15 with a time of 66.201
[2025-04-12T20:29:03.349Z] RC VERBOSE 8 {"timestamp":1744489743346,"pit_crosses":["ikonos33"]}
[2025-04-12T20:29:05.248Z] RC VERBOSE 2 {"timestamp":1744489745246,"checkpoint_crosses":{"1":["DJBLOCKM0NSTER"]}}
[2025-04-12T20:29:05.499Z] RC VERBOSE 2 {"timestamp":1744489745497,"checkpoint_crosses":{"2":["SubayAdamm"]}}
[2025-04-12T20:29:07.198Z] RC VERBOSE 2 {"timestamp":1744489747197,"checkpoint_crosses":{"2":["Samuelle1411"]}}
[2025-04-12T20:29:12.647Z] RC VERBOSE 2 {"timestamp":1744489752646,"checkpoint_crosses":{"1":["ikonos33"]}}
[2025-04-12T20:29:13.249Z] RC VERBOSE 2 {"timestamp":1744489753248,"checkpoint_crosses":{"2":["aChaoticGod"]}}
[2025-04-12T20:29:13.298Z] RC VERBOSE 2 {"timestamp":1744489753296,"checkpoint_crosses":{"0":["biloblue"]}}
[2025-04-12T20:29:13.298Z] RACE INFO biloblue finished lap 14 with a time of 55.8
[2025-04-12T20:29:15.647Z] RC VERBOSE 2 {"timestamp":1744489755646,"checkpoint_crosses":{"2":["Tomycero74"]}}
[2025-04-12T20:29:15.998Z] RC VERBOSE 16 {"timestamp":1744489755997,"pit_enter_crosses":["Niszara"]}
[2025-04-12T20:29:17.147Z] RC VERBOSE 2 {"timestamp":1744489757146,"checkpoint_crosses":{"2":["GiftedTuba"]}}
[2025-04-12T20:29:17.199Z] RC VERBOSE 2 {"timestamp":1744489757195,"checkpoint_crosses":{"1":["biloblue"]}}
[2025-04-12T20:29:20.099Z] RC VERBOSE 2 {"timestamp":1744489760097,"checkpoint_crosses":{"0":["Niszara"]}}
[2025-04-12T20:29:20.100Z] RACE INFO Niszara finished lap 14 with a time of 69.849
[2025-04-12T20:29:20.101Z] RC VERBOSE 8 {"timestamp":1744489760097,"pit_crosses":["Niszara"]}
[2025-04-12T20:29:21.698Z] RC VERBOSE 2 {"timestamp":1744489761697,"checkpoint_crosses":{"0":["MarsCitadel"]}}
[2025-04-12T20:29:21.699Z] RACE INFO MarsCitadel finished lap 15 with a time of 55.601
[2025-04-12T20:29:21.849Z] RC VERBOSE 2 {"timestamp":1744489761848,"checkpoint_crosses":{"2":["Loganbestone"]}}
[2025-04-12T20:29:24.649Z] RC VERBOSE 2 {"timestamp":1744489764647,"checkpoint_crosses":{"2":["Aspiry"]}}
[2025-04-12T20:29:25.449Z] RC VERBOSE 2 {"timestamp":1744489765447,"checkpoint_crosses":{"1":["MarsCitadel"]}}
[2025-04-12T20:29:26.097Z] RC VERBOSE 2 {"timestamp":1744489766096,"checkpoint_crosses":{"2":["_AmazingAstro"]}}
[2025-04-12T20:29:27.347Z] RC VERBOSE 2 {"timestamp":1744489767345,"checkpoint_crosses":{"0":["Alger1no"]}}
[2025-04-12T20:29:27.348Z] RACE INFO Alger1no finished lap 14 with a time of 63.699
[2025-04-12T20:29:28.349Z] RC VERBOSE 2 {"timestamp":1744489768348,"checkpoint_crosses":{"2":["T1AL_"]}}
[2025-04-12T20:29:28.498Z] RC VERBOSE 2 {"timestamp":1744489768497,"checkpoint_crosses":{"0":["TheAlphaGamer787"]}}
[2025-04-12T20:29:28.500Z] RACE INFO TheAlphaGamer787 finished lap 14 with a time of 61.901
[2025-04-12T20:29:29.148Z] RC VERBOSE 2 {"timestamp":1744489769146,"checkpoint_crosses":{"1":["Niszara"]}}
[2025-04-12T20:29:29.898Z] RC VERBOSE 2 {"timestamp":1744489769896,"checkpoint_crosses":{"0":["Terraformer9"]}}
[2025-04-12T20:29:29.898Z] RACE INFO Terraformer9 finished lap 15 with a time of 56.101
[2025-04-12T20:29:30.747Z] RC VERBOSE 2 {"timestamp":1744489770746,"checkpoint_crosses":{"2":["DJBLOCKM0NSTER"]}}
[2025-04-12T20:29:31.298Z] RC VERBOSE 2 {"timestamp":1744489771297,"checkpoint_crosses":{"0":["duxq"],"1":["Alger1no"]}}
[2025-04-12T20:29:31.299Z] RACE INFO duxq finished lap 15 with a time of 59.2
[2025-04-12T20:29:32.349Z] RC VERBOSE 2 {"timestamp":1744489772348,"checkpoint_crosses":{"1":["TheAlphaGamer787"]}}
[2025-04-12T20:29:33.947Z] RC VERBOSE 16 {"timestamp":1744489773947,"pit_enter_crosses":["Miesneus"]}
[2025-04-12T20:29:34.349Z] RC VERBOSE 2 {"timestamp":1744489774347,"checkpoint_crosses":{"1":["Terraformer9"]}}
[2025-04-12T20:29:35.398Z] RC VERBOSE 2 {"timestamp":1744489775397,"checkpoint_crosses":{"1":["duxq"]}}
[2025-04-12T20:29:36.448Z] RC VERBOSE 2 {"timestamp":1744489776447,"checkpoint_crosses":{"0":["Samuelle1411"]}}
[2025-04-12T20:29:36.449Z] RACE INFO Samuelle1411 finished lap 15 with a time of 57.301
[2025-04-12T20:29:37.048Z] RC VERBOSE 2 {"timestamp":1744489777047,"checkpoint_crosses":{"2":["ikonos33"]}}
[2025-04-12T20:29:37.798Z] RC VERBOSE 2 {"timestamp":1744489777796,"checkpoint_crosses":{"0":["Miesneus"]}}
[2025-04-12T20:29:37.799Z] RACE INFO Miesneus finished lap 15 with a time of 68.299
[2025-04-12T20:29:37.799Z] RC VERBOSE 8 {"timestamp":1744489777796,"pit_crosses":["Miesneus"]}
[2025-04-12T20:29:39.899Z] RC VERBOSE 2 {"timestamp":1744489779898,"checkpoint_crosses":{"0":["SubayAdamm"]}}
[2025-04-12T20:29:39.900Z] RACE INFO SubayAdamm finished lap 14 with a time of 64.251
[2025-04-12T20:29:40.449Z] RC VERBOSE 2 {"timestamp":1744489780447,"checkpoint_crosses":{"1":["Samuelle1411"]}}
[2025-04-12T20:29:42.548Z] RC VERBOSE 2 {"timestamp":1744489782547,"checkpoint_crosses":{"2":["biloblue"]}}
[2025-04-12T20:29:43.749Z] RC VERBOSE 2 {"timestamp":1744489783747,"checkpoint_crosses":{"1":["SubayAdamm"]}}
[2025-04-12T20:29:46.698Z] RC VERBOSE 2 {"timestamp":1744489786696,"checkpoint_crosses":{"1":["Miesneus"]}}
[2025-04-12T20:29:47.953Z] RC VERBOSE 2 {"timestamp":1744489787947,"checkpoint_crosses":{"0":["GiftedTuba"]}}
[2025-04-12T20:29:47.954Z] RACE INFO GiftedTuba finished lap 14 with a time of 63.001
[2025-04-12T20:29:48.198Z] RC VERBOSE 16 {"timestamp":1744489788196,"pit_enter_crosses":["aChaoticGod"]}
[2025-04-12T20:29:49.997Z] RC VERBOSE 2 {"timestamp":1744489789996,"checkpoint_crosses":{"0":["Tomycero74"]}}
[2025-04-12T20:29:49.998Z] RACE INFO Tomycero74 finished lap 13 with a time of 79.199
[2025-04-12T20:29:50.848Z] RC VERBOSE 2 {"timestamp":1744489790846,"checkpoint_crosses":{"2":["MarsCitadel"]}}
[2025-04-12T20:29:51.747Z] RC VERBOSE 2 {"timestamp":1744489791746,"checkpoint_crosses":{"1":["GiftedTuba"]}}
[2025-04-12T20:29:52.047Z] RC VERBOSE 2 {"timestamp":1744489792046,"checkpoint_crosses":{"0":["aChaoticGod"]}}
[2025-04-12T20:29:52.047Z] RACE INFO aChaoticGod finished lap 15 with a time of 70.049
[2025-04-12T20:29:52.049Z] RC VERBOSE 8 {"timestamp":1744489792046,"pit_crosses":["aChaoticGod"]}
[2025-04-12T20:29:52.549Z] RC VERBOSE 2 {"timestamp":1744489792547,"checkpoint_crosses":{"0":["Loganbestone"]}}
[2025-04-12T20:29:52.549Z] RACE INFO Loganbestone finished lap 14 with a time of 64.801
[2025-04-12T20:29:53.998Z] RC VERBOSE 2 {"timestamp":1744489793996,"checkpoint_crosses":{"0":["_AmazingAstro"]}}
[2025-04-12T20:29:53.998Z] RACE INFO _AmazingAstro finished lap 15 with a time of 56.399
[2025-04-12T20:29:54.749Z] RC VERBOSE 2 {"timestamp":1744489794748,"checkpoint_crosses":{"1":["Tomycero74"]}}
[2025-04-12T20:29:54.998Z] RC VERBOSE 2 {"timestamp":1744489794996,"checkpoint_crosses":{"2":["Niszara"]}}
[2025-04-12T20:29:55.248Z] RC VERBOSE 2 {"timestamp":1744489795247,"checkpoint_crosses":{"0":["Aspiry"]}}
[2025-04-12T20:29:55.249Z] RACE INFO Aspiry finished lap 16 with a time of 59.449
[2025-04-12T20:29:56.399Z] RC VERBOSE 2 {"timestamp":1744489796397,"checkpoint_crosses":{"1":["Loganbestone"]}}
[2025-04-12T20:29:56.547Z] RC VERBOSE 2 {"timestamp":1744489796546,"checkpoint_crosses":{"2":["Alger1no"]}}
[2025-04-12T20:29:56.749Z] RC VERBOSE 2 {"timestamp":1744489796747,"checkpoint_crosses":{"0":["T1AL_"]}}
[2025-04-12T20:29:56.749Z] RACE INFO T1AL_ finished lap 15 with a time of 57.65
[2025-04-12T20:29:57.848Z] RC VERBOSE 2 {"timestamp":1744489797847,"checkpoint_crosses":{"1":["_AmazingAstro"],"2":["TheAlphaGamer787"]}}
[2025-04-12T20:29:58.701Z] RC VERBOSE 2 {"timestamp":1744489798697,"checkpoint_crosses":{"0":["DJBLOCKM0NSTER"]}}
[2025-04-12T20:29:58.701Z] RACE INFO DJBLOCKM0NSTER finished lap 14 with a time of 57.901
[2025-04-12T20:29:59.249Z] RC VERBOSE 2 {"timestamp":1744489799247,"checkpoint_crosses":{"1":["Aspiry"]}}
[2025-04-12T20:30:00.598Z] RC VERBOSE 2 {"timestamp":1744489800596,"checkpoint_crosses":{"1":["T1AL_"]}}
[2025-04-12T20:30:00.747Z] RC VERBOSE 2 {"timestamp":1744489800746,"checkpoint_crosses":{"2":["Terraformer9"]}}
[2025-04-12T20:30:01.147Z] RC VERBOSE 2 {"timestamp":1744489801145,"checkpoint_crosses":{"1":["aChaoticGod"]}}
[2025-04-12T20:30:02.647Z] RC VERBOSE 2 {"timestamp":1744489802646,"checkpoint_crosses":{"1":["DJBLOCKM0NSTER"],"2":["duxq"]}}
[2025-04-12T20:30:07.699Z] RC VERBOSE 2 {"timestamp":1744489807697,"checkpoint_crosses":{"2":["Samuelle1411"]}}
[2025-04-12T20:30:09.747Z] RC VERBOSE 16 {"timestamp":1744489809745,"pit_enter_crosses":["ikonos33"]}
[2025-04-12T20:30:10.248Z] RC VERBOSE 2 {"timestamp":1744489810247,"checkpoint_crosses":{"0":["biloblue"]}}
[2025-04-12T20:30:10.249Z] RACE INFO biloblue finished lap 15 with a time of 56.951
[2025-04-12T20:30:10.547Z] RC VERBOSE 2 {"timestamp":1744489810545,"checkpoint_crosses":{"2":["SubayAdamm"]}}
[2025-04-12T20:30:10.949Z] RC VERBOSE 2 {"timestamp":1744489810947,"checkpoint_crosses":{"2":["Miesneus"]}}
[2025-04-12T20:30:13.548Z] RC VERBOSE 2 {"timestamp":1744489813546,"checkpoint_crosses":{"0":["ikonos33"]}}
[2025-04-12T20:30:13.549Z] RACE INFO ikonos33 finished lap 16 with a time of 70.2
[2025-04-12T20:30:13.550Z] RC VERBOSE 8 {"timestamp":1744489813546,"pit_crosses":["ikonos33"]}
[2025-04-12T20:30:14.097Z] RC VERBOSE 2 {"timestamp":1744489814096,"checkpoint_crosses":{"1":["biloblue"]}}
[2025-04-12T20:30:17.549Z] RC VERBOSE 2 {"timestamp":1744489817547,"checkpoint_crosses":{"2":["GiftedTuba"]}}
[2025-04-12T20:30:18.848Z] RC VERBOSE 2 {"timestamp":1744489818846,"checkpoint_crosses":{"0":["MarsCitadel"]}}
[2025-04-12T20:30:18.848Z] RACE INFO MarsCitadel finished lap 16 with a time of 57.149
[2025-04-12T20:30:22.697Z] RC VERBOSE 2 {"timestamp":1744489822695,"checkpoint_crosses":{"1":["MarsCitadel"]}}
[2025-04-12T20:30:22.798Z] RC VERBOSE 2 {"timestamp":1744489822797,"checkpoint_crosses":{"1":["ikonos33"]}}
[2025-04-12T20:30:23.299Z] RC VERBOSE 2 {"timestamp":1744489823298,"checkpoint_crosses":{"2":["Loganbestone"]}}
[2025-04-12T20:30:23.448Z] RC VERBOSE 2 {"timestamp":1744489823447,"checkpoint_crosses":{"2":["_AmazingAstro"]}}
[2025-04-12T20:30:23.849Z] RC VERBOSE 2 {"timestamp":1744489823847,"checkpoint_crosses":{"0":["Niszara"]}}
[2025-04-12T20:30:23.850Z] RACE INFO Niszara finished lap 15 with a time of 63.75
[2025-04-12T20:30:24.649Z] RC VERBOSE 2 {"timestamp":1744489824646,"checkpoint_crosses":{"2":["Aspiry"]}}
[2025-04-12T20:30:24.997Z] RC VERBOSE 2 {"timestamp":1744489824996,"checkpoint_crosses":{"0":["Alger1no"]}}
[2025-04-12T20:30:24.998Z] RACE INFO Alger1no finished lap 15 with a time of 57.651
[2025-04-12T20:30:27.249Z] RC VERBOSE 2 {"timestamp":1744489827248,"checkpoint_crosses":{"2":["aChaoticGod"]}}
[2025-04-12T20:30:27.397Z] RC VERBOSE 2 {"timestamp":1744489827395,"checkpoint_crosses":{"2":["Tomycero74"]}}
[2025-04-12T20:30:27.847Z] RC VERBOSE 2 {"timestamp":1744489827846,"checkpoint_crosses":{"1":["Niszara"]}}
[2025-04-12T20:30:28.348Z] RC VERBOSE 2 {"timestamp":1744489828347,"checkpoint_crosses":{"0":["TheAlphaGamer787"]}}
[2025-04-12T20:30:28.349Z] RACE INFO TheAlphaGamer787 finished lap 15 with a time of 59.85
[2025-04-12T20:30:28.799Z] RC VERBOSE 2 {"timestamp":1744489828797,"checkpoint_crosses":{"1":["Alger1no"]}}
[2025-04-12T20:30:29.098Z] RC VERBOSE 2 {"timestamp":1744489829097,"checkpoint_crosses":{"2":["DJBLOCKM0NSTER"]}}
[2025-04-12T20:30:30.549Z] RC VERBOSE 2 {"timestamp":1744489830546,"checkpoint_crosses":{"2":["T1AL_"]}}
[2025-04-12T20:30:32.099Z] RC VERBOSE 2 {"timestamp":1744489832097,"checkpoint_crosses":{"1":["TheAlphaGamer787"]}}
[2025-04-12T20:30:32.798Z] RC VERBOSE 2 {"timestamp":1744489832797,"checkpoint_crosses":{"0":["duxq"]}}
[2025-04-12T20:30:32.799Z] RACE INFO duxq finished lap 16 with a time of 61.5
[2025-04-12T20:30:36.448Z] RC VERBOSE 16 {"timestamp":1744489836446,"pit_enter_crosses":["Terraformer9"]}
[2025-04-12T20:30:36.549Z] RC VERBOSE 2 {"timestamp":1744489836548,"checkpoint_crosses":{"1":["duxq"]}}
[2025-04-12T20:30:37.447Z] RC VERBOSE 2 {"timestamp":1744489837446,"checkpoint_crosses":{"0":["Samuelle1411"]}}
[2025-04-12T20:30:37.448Z] RACE INFO Samuelle1411 finished lap 16 with a time of 60.999
[2025-04-12T20:30:38.497Z] RC VERBOSE 2 {"timestamp":1744489838496,"checkpoint_crosses":{"2":["biloblue"]}}
[2025-04-12T20:30:39.997Z] RC VERBOSE 2 {"timestamp":1744489839996,"checkpoint_crosses":{"0":["Miesneus"]}}
[2025-04-12T20:30:39.997Z] RACE INFO Miesneus finished lap 16 with a time of 62.2
[2025-04-12T20:30:40.299Z] RC VERBOSE 2 {"timestamp":1744489840297,"checkpoint_crosses":{"0":["Terraformer9"]}}
[2025-04-12T20:30:40.299Z] RACE INFO Terraformer9 finished lap 16 with a time of 70.401
[2025-04-12T20:30:40.300Z] RC VERBOSE 8 {"timestamp":1744489840297,"pit_crosses":["Terraformer9"]}
[2025-04-12T20:30:41.447Z] RC VERBOSE 2 {"timestamp":1744489841446,"checkpoint_crosses":{"1":["Samuelle1411"]}}
[2025-04-12T20:30:42.248Z] RC VERBOSE 2 {"timestamp":1744489842247,"checkpoint_crosses":{"0":["SubayAdamm"]}}
[2025-04-12T20:30:42.249Z] RACE INFO SubayAdamm finished lap 15 with a time of 62.349
[2025-04-12T20:30:43.897Z] RC VERBOSE 2 {"timestamp":1744489843895,"checkpoint_crosses":{"1":["Miesneus"]}}
[2025-04-12T20:30:45.998Z] RC VERBOSE 2 {"timestamp":1744489845997,"checkpoint_crosses":{"0":["GiftedTuba"]}}
[2025-04-12T20:30:45.998Z] RACE INFO GiftedTuba finished lap 15 with a time of 58.05
[2025-04-12T20:30:46.047Z] RC VERBOSE 2 {"timestamp":1744489846046,"checkpoint_crosses":{"1":["SubayAdamm"]}}
[2025-04-12T20:30:46.747Z] RC VERBOSE 2 {"timestamp":1744489846745,"checkpoint_crosses":{"2":["ikonos33"]}}
[2025-04-12T20:30:48.347Z] RC VERBOSE 2 {"timestamp":1744489848346,"checkpoint_crosses":{"2":["MarsCitadel"]}}
[2025-04-12T20:30:49.199Z] RC VERBOSE 2 {"timestamp":1744489849198,"checkpoint_crosses":{"1":["Terraformer9"]}}
[2025-04-12T20:30:50.449Z] RC VERBOSE 2 {"timestamp":1744489850447,"checkpoint_crosses":{"1":["GiftedTuba"]}}
[2025-04-12T20:30:51.347Z] RC VERBOSE 2 {"timestamp":1744489851346,"checkpoint_crosses":{"0":["_AmazingAstro"]}}
[2025-04-12T20:30:51.348Z] RACE INFO _AmazingAstro finished lap 16 with a time of 57.35
[2025-04-12T20:30:52.548Z] RC VERBOSE 2 {"timestamp":1744489852546,"checkpoint_crosses":{"0":["Aspiry"]}}
[2025-04-12T20:30:52.549Z] RACE INFO Aspiry finished lap 17 with a time of 57.299
[2025-04-12T20:30:53.147Z] RC VERBOSE 2 {"timestamp":1744489853146,"checkpoint_crosses":{"2":["Niszara"]}}
[2025-04-12T20:30:53.747Z] RC VERBOSE 2 {"timestamp":1744489853746,"checkpoint_crosses":{"0":["Loganbestone"]}}
[2025-04-12T20:30:53.748Z] RACE INFO Loganbestone finished lap 15 with a time of 61.199
[2025-04-12T20:30:54.198Z] RC VERBOSE 2 {"timestamp":1744489854196,"checkpoint_crosses":{"2":["Alger1no"]}}
[2025-04-12T20:30:55.098Z] RC VERBOSE 2 {"timestamp":1744489855097,"checkpoint_crosses":{"1":["_AmazingAstro"]}}
[2025-04-12T20:30:56.549Z] RC VERBOSE 2 {"timestamp":1744489856548,"checkpoint_crosses":{"1":["Aspiry"]}}
[2025-04-12T20:30:57.703Z] RC VERBOSE 2 {"timestamp":1744489857701,"checkpoint_crosses":{"1":["Loganbestone"]}}
[2025-04-12T20:30:58.798Z] RC VERBOSE 2 {"timestamp":1744489858797,"checkpoint_crosses":{"2":["TheAlphaGamer787"]}}
[2025-04-12T20:30:59.347Z] RC VERBOSE 2 {"timestamp":1744489859346,"checkpoint_crosses":{"0":["aChaoticGod"]}}
[2025-04-12T20:30:59.347Z] RACE INFO aChaoticGod finished lap 16 with a time of 67.3
[2025-04-12T20:31:00.499Z] RC VERBOSE 2 {"timestamp":1744489860497,"checkpoint_crosses":{"0":["Tomycero74"]}}
[2025-04-12T20:31:00.500Z] RACE INFO Tomycero74 finished lap 14 with a time of 70.501
[2025-04-12T20:31:01.199Z] RC VERBOSE 2 {"timestamp":1744489861198,"checkpoint_crosses":{"2":["duxq"]}}
[2025-04-12T20:31:01.348Z] RC VERBOSE 2 {"timestamp":1744489861347,"checkpoint_crosses":{"0":["T1AL_"]}}
[2025-04-12T20:31:01.349Z] RACE INFO T1AL_ finished lap 16 with a time of 64.6
[2025-04-12T20:31:02.398Z] RC VERBOSE 2 {"timestamp":1744489862396,"checkpoint_crosses":{"0":["DJBLOCKM0NSTER"]}}
[2025-04-12T20:31:02.398Z] RACE INFO DJBLOCKM0NSTER finished lap 15 with a time of 63.699
[2025-04-12T20:31:03.148Z] RC VERBOSE 2 {"timestamp":1744489863146,"checkpoint_crosses":{"1":["aChaoticGod"]}}
[2025-04-12T20:31:05.047Z] RC VERBOSE 2 {"timestamp":1744489865046,"checkpoint_crosses":{"1":["Tomycero74"]}}
[2025-04-12T20:31:05.347Z] RC VERBOSE 2 {"timestamp":1744489865347,"checkpoint_crosses":{"0":["biloblue"]}}
[2025-04-12T20:31:05.348Z] RACE INFO biloblue finished lap 16 with a time of 55.1
[2025-04-12T20:31:05.597Z] RC VERBOSE 2 {"timestamp":1744489865597,"checkpoint_crosses":{"2":["Samuelle1411"]}}
[2025-04-12T20:31:06.050Z] RC VERBOSE 2 {"timestamp":1744489866048,"checkpoint_crosses":{"1":["T1AL_"]}}
[2025-04-12T20:31:08.198Z] RC VERBOSE 2 {"timestamp":1744489868196,"checkpoint_crosses":{"1":["DJBLOCKM0NSTER"]}}
[2025-04-12T20:31:08.549Z] RC VERBOSE 2 {"timestamp":1744489868548,"checkpoint_crosses":{"2":["Miesneus"]}}
[2025-04-12T20:31:09.297Z] RC VERBOSE 2 {"timestamp":1744489869296,"checkpoint_crosses":{"1":["biloblue"]}}
[2025-04-12T20:31:12.447Z] RC VERBOSE 2 {"timestamp":1744489872446,"checkpoint_crosses":{"2":["Terraformer9"]}}
[2025-04-12T20:31:13.097Z] RC VERBOSE 2 {"timestamp":1744489873096,"checkpoint_crosses":{"2":["SubayAdamm"]}}
[2025-04-12T20:31:14.248Z] RC VERBOSE 2 {"timestamp":1744489874246,"checkpoint_crosses":{"0":["ikonos33"]}}
[2025-04-12T20:31:14.249Z] RACE INFO ikonos33 finished lap 17 with a time of 60.7
[2025-04-12T20:31:15.897Z] RC VERBOSE 2 {"timestamp":1744489875895,"checkpoint_crosses":{"0":["MarsCitadel"]}}
[2025-04-12T20:31:15.898Z] RACE INFO MarsCitadel finished lap 17 with a time of 57.049
[2025-04-12T20:31:16.147Z] RC VERBOSE 2 {"timestamp":1744489876146,"checkpoint_crosses":{"2":["GiftedTuba"]}}
[2025-04-12T20:31:18.097Z] RC VERBOSE 2 {"timestamp":1744489878096,"checkpoint_crosses":{"1":["ikonos33"]}}
[2025-04-12T20:31:19.847Z] RC VERBOSE 2 {"timestamp":1744489879846,"checkpoint_crosses":{"1":["MarsCitadel"]}}
[2025-04-12T20:31:21.898Z] RC VERBOSE 2 {"timestamp":1744489881896,"checkpoint_crosses":{"0":["Niszara"]}}
[2025-04-12T20:31:21.898Z] RACE INFO Niszara finished lap 16 with a time of 58.049
[2025-04-12T20:31:22.848Z] RC VERBOSE 2 {"timestamp":1744489882847,"checkpoint_crosses":{"2":["Aspiry"]}}
[2025-04-12T20:31:24.148Z] RC VERBOSE 2 {"timestamp":1744489884147,"checkpoint_crosses":{"0":["Alger1no"]}}
[2025-04-12T20:31:24.149Z] RACE INFO Alger1no finished lap 16 with a time of 59.151
[2025-04-12T20:31:25.948Z] RC VERBOSE 2 {"timestamp":1744489885946,"checkpoint_crosses":{"1":["Niszara"]}}
[2025-04-12T20:31:26.299Z] RC VERBOSE 2 {"timestamp":1744489886297,"checkpoint_crosses":{"2":["_AmazingAstro"]}}
[2025-04-12T20:31:27.747Z] RC VERBOSE 2 {"timestamp":1744489887746,"checkpoint_crosses":{"2":["Loganbestone"]}}
[2025-04-12T20:31:27.897Z] RC VERBOSE 2 {"timestamp":1744489887896,"checkpoint_crosses":{"1":["Alger1no"]}}
[2025-04-12T20:31:28.699Z] RC VERBOSE 2 {"timestamp":1744489888698,"checkpoint_crosses":{"0":["TheAlphaGamer787"]}}
[2025-04-12T20:31:28.700Z] RACE INFO TheAlphaGamer787 finished lap 16 with a time of 60.351
[2025-04-12T20:31:30.199Z] RC VERBOSE 2 {"timestamp":1744489890197,"checkpoint_crosses":{"0":["duxq"]}}
[2025-04-12T20:31:30.200Z] RACE INFO duxq finished lap 17 with a time of 57.4
[2025-04-12T20:31:30.497Z] RC VERBOSE 2 {"timestamp":1744489890495,"checkpoint_crosses":{"2":["aChaoticGod"]}}
[2025-04-12T20:31:31.598Z] RC VERBOSE 2 {"timestamp":1744489891597,"checkpoint_crosses":{"2":["Tomycero74"]}}
[2025-04-12T20:31:32.648Z] RC VERBOSE 2 {"timestamp":1744489892647,"checkpoint_crosses":{"1":["TheAlphaGamer787"]}}
[2025-04-12T20:31:33.548Z] RC VERBOSE 2 {"timestamp":1744489893547,"checkpoint_crosses":{"0":["Samuelle1411"]}}
[2025-04-12T20:31:33.549Z] RACE INFO Samuelle1411 finished lap 17 with a time of 56.101
[2025-04-12T20:31:34.099Z] RC VERBOSE 2 {"timestamp":1744489894097,"checkpoint_crosses":{"1":["duxq"]}}
[2025-04-12T20:31:34.198Z] RC VERBOSE 2 {"timestamp":1744489894196,"checkpoint_crosses":{"2":["T1AL_"]}}
[2025-04-12T20:31:35.298Z] RC VERBOSE 2 {"timestamp":1744489895296,"checkpoint_crosses":{"2":["DJBLOCKM0NSTER"]}}
[2025-04-12T20:31:35.448Z] RC VERBOSE 2 {"timestamp":1744489895447,"checkpoint_crosses":{"0":["Miesneus"]}}
[2025-04-12T20:31:35.449Z] RACE INFO Miesneus finished lap 17 with a time of 55.451
[2025-04-12T20:31:36.497Z] RC VERBOSE 2 {"timestamp":1744489896496,"checkpoint_crosses":{"2":["biloblue"]}}
[2025-04-12T20:31:37.248Z] RC VERBOSE 2 {"timestamp":1744489897247,"checkpoint_crosses":{"1":["Samuelle1411"]}}
[2025-04-12T20:31:39.348Z] RC VERBOSE 2 {"timestamp":1744489899347,"checkpoint_crosses":{"1":["Miesneus"]}}
[2025-04-12T20:31:40.898Z] RC VERBOSE 2 {"timestamp":1744489900896,"checkpoint_crosses":{"0":["Terraformer9"]}}
[2025-04-12T20:31:40.898Z] RACE INFO Terraformer9 finished lap 17 with a time of 60.599
[2025-04-12T20:31:41.897Z] RC VERBOSE 2 {"timestamp":1744489901896,"checkpoint_crosses":{"2":["ikonos33"]}}
[2025-04-12T20:31:44.498Z] RC VERBOSE 2 {"timestamp":1744489904498,"checkpoint_crosses":{"0":["SubayAdamm"]}}
[2025-04-12T20:31:44.499Z] RACE INFO SubayAdamm finished lap 16 with a time of 62.251
[2025-04-12T20:31:44.699Z] RC VERBOSE 2 {"timestamp":1744489904697,"checkpoint_crosses":{"1":["Terraformer9"]}}
[2025-04-12T20:31:44.997Z] RC VERBOSE 2 {"timestamp":1744489904996,"checkpoint_crosses":{"2":["MarsCitadel"]}}
[2025-04-12T20:31:45.599Z] RC VERBOSE 2 {"timestamp":1744489905597,"checkpoint_crosses":{"0":["GiftedTuba"]}}
[2025-04-12T20:31:45.600Z] RACE INFO GiftedTuba finished lap 16 with a time of 59.6
[2025-04-12T20:31:48.397Z] RC VERBOSE 2 {"timestamp":1744489908396,"checkpoint_crosses":{"1":["SubayAdamm"]}}
[2025-04-12T20:31:49.648Z] RC VERBOSE 2 {"timestamp":1744489909646,"checkpoint_crosses":{"0":["Aspiry"]}}
[2025-04-12T20:31:49.648Z] RACE INFO Aspiry finished lap 18 with a time of 57.1
[2025-04-12T20:31:49.748Z] RC VERBOSE 2 {"timestamp":1744489909746,"checkpoint_crosses":{"1":["GiftedTuba"]}}
[2025-04-12T20:31:52.348Z] RC VERBOSE 2 {"timestamp":1744489912346,"checkpoint_crosses":{"2":["Niszara"]}}
[2025-04-12T20:31:52.647Z] RC VERBOSE 2 {"timestamp":1744489912645,"checkpoint_crosses":{"2":["Alger1no"]}}
[2025-04-12T20:31:53.448Z] RC VERBOSE 2 {"timestamp":1744489913446,"checkpoint_crosses":{"1":["Aspiry"]}}
[2025-04-12T20:31:55.098Z] RC VERBOSE 2 {"timestamp":1744489915096,"checkpoint_crosses":{"0":["_AmazingAstro"]}}
[2025-04-12T20:31:55.099Z] RACE INFO _AmazingAstro finished lap 17 with a time of 63.75
[2025-04-12T20:31:57.098Z] RC VERBOSE 2 {"timestamp":1744489917096,"checkpoint_crosses":{"0":["Loganbestone"]}}
[2025-04-12T20:31:57.099Z] RACE INFO Loganbestone finished lap 16 with a time of 63.35
[2025-04-12T20:31:57.898Z] RC VERBOSE 2 {"timestamp":1744489917896,"checkpoint_crosses":{"2":["duxq"]}}
[2025-04-12T20:31:57.948Z] RC VERBOSE 2 {"timestamp":1744489917947,"checkpoint_crosses":{"2":["TheAlphaGamer787"]}}
[2025-04-12T20:31:58.999Z] RC VERBOSE 2 {"timestamp":1744489918996,"checkpoint_crosses":{"1":["_AmazingAstro"]}}
[2025-04-12T20:31:59.249Z] RC VERBOSE 2 {"timestamp":1744489919247,"checkpoint_crosses":{"0":["aChaoticGod"]}}
[2025-04-12T20:31:59.249Z] RACE INFO aChaoticGod finished lap 17 with a time of 59.901
[2025-04-12T20:32:00.447Z] RC VERBOSE 2 {"timestamp":1744489920445,"checkpoint_crosses":{"2":["Samuelle1411"]}}
[2025-04-12T20:32:01.849Z] RC VERBOSE 2 {"timestamp":1744489921847,"checkpoint_crosses":{"0":["T1AL_"]}}
[2025-04-12T20:32:01.850Z] RACE INFO T1AL_ finished lap 17 with a time of 60.5
[2025-04-12T20:32:02.099Z] RC VERBOSE 2 {"timestamp":1744489922098,"checkpoint_crosses":{"1":["Loganbestone"]}}
[2025-04-12T20:32:03.248Z] RC VERBOSE 2 {"timestamp":1744489923247,"checkpoint_crosses":{"1":["aChaoticGod"]}}
[2025-04-12T20:32:05.297Z] RC VERBOSE 2 {"timestamp":1744489925296,"checkpoint_crosses":{"0":["Tomycero74"]}}
[2025-04-12T20:32:05.297Z] RACE INFO Tomycero74 finished lap 15 with a time of 64.799
[2025-04-12T20:32:05.698Z] RC VERBOSE 2 {"timestamp":1744489925697,"checkpoint_crosses":{"2":["Miesneus"]}}
[2025-04-12T20:32:05.747Z] RC VERBOSE 2 {"timestamp":1744489925746,"checkpoint_crosses":{"1":["T1AL_"]}}
[2025-04-12T20:32:08.149Z] RC VERBOSE 2 {"timestamp":1744489928146,"checkpoint_crosses":{"0":["DJBLOCKM0NSTER"]}}
[2025-04-12T20:32:08.150Z] RACE INFO DJBLOCKM0NSTER finished lap 16 with a time of 65.75
[2025-04-12T20:32:09.399Z] RC VERBOSE 2 {"timestamp":1744489929397,"checkpoint_crosses":{"2":["Terraformer9"]}}
[2025-04-12T20:32:10.799Z] RC VERBOSE 2 {"timestamp":1744489930798,"checkpoint_crosses":{"1":["Tomycero74"]}}
[2025-04-12T20:32:11.348Z] RC VERBOSE 16 {"timestamp":1744489931346,"pit_enter_crosses":["biloblue"]}
[2025-04-12T20:32:11.948Z] RC VERBOSE 2 {"timestamp":1744489931946,"checkpoint_crosses":{"0":["MarsCitadel"]}}
[2025-04-12T20:32:11.949Z] RACE INFO MarsCitadel finished lap 18 with a time of 56.051
[2025-04-12T20:32:11.997Z] RC VERBOSE 2 {"timestamp":1744489931996,"checkpoint_crosses":{"1":["DJBLOCKM0NSTER"]}}
[2025-04-12T20:32:14.248Z] RC VERBOSE 2 {"timestamp":1744489934247,"checkpoint_crosses":{"2":["SubayAdamm"]}}
[2025-04-12T20:32:15.198Z] RC VERBOSE 2 {"timestamp":1744489935197,"checkpoint_crosses":{"0":["biloblue"]}}
[2025-04-12T20:32:15.199Z] RACE INFO biloblue finished lap 17 with a time of 69.85
[2025-04-12T20:32:15.200Z] RC VERBOSE 8 {"timestamp":1744489935197,"pit_crosses":["biloblue"]}
[2025-04-12T20:32:15.699Z] RC VERBOSE 16 {"timestamp":1744489935697,"pit_enter_crosses":["ikonos33"]}
[2025-04-12T20:32:15.748Z] RC VERBOSE 2 {"timestamp":1744489935747,"checkpoint_crosses":{"1":["MarsCitadel"]}}
[2025-04-12T20:32:18.549Z] RC VERBOSE 2 {"timestamp":1744489938548,"checkpoint_crosses":{"2":["GiftedTuba"]}}
[2025-04-12T20:32:19.598Z] RC VERBOSE 2 {"timestamp":1744489939596,"checkpoint_crosses":{"0":["ikonos33"]}}
[2025-04-12T20:32:19.599Z] RACE INFO ikonos33 finished lap 18 with a time of 65.35
[2025-04-12T20:32:19.599Z] RC VERBOSE 8 {"timestamp":1744489939596,"pit_crosses":["ikonos33"]}
[2025-04-12T20:32:19.899Z] RC VERBOSE 2 {"timestamp":1744489939898,"checkpoint_crosses":{"2":["Aspiry"]}}
[2025-04-12T20:32:21.197Z] RC VERBOSE 2 {"timestamp":1744489941196,"checkpoint_crosses":{"0":["Alger1no"]}}
[2025-04-12T20:32:21.198Z] RACE INFO Alger1no finished lap 17 with a time of 57.049
[2025-04-12T20:32:22.647Z] RC VERBOSE 2 {"timestamp":1744489942645,"checkpoint_crosses":{"0":["Niszara"]}}
[2025-04-12T20:32:22.648Z] RACE INFO Niszara finished lap 17 with a time of 60.749
[2025-04-12T20:32:24.200Z] RC VERBOSE 2 {"timestamp":1744489944198,"checkpoint_crosses":{"1":["biloblue"]}}
[2025-04-12T20:32:25.647Z] RC VERBOSE 2 {"timestamp":1744489945645,"checkpoint_crosses":{"0":["duxq"]}}
[2025-04-12T20:32:25.648Z] RACE INFO duxq finished lap 18 with a time of 55.448
[2025-04-12T20:32:25.747Z] RC VERBOSE 2 {"timestamp":1744489945746,"checkpoint_crosses":{"1":["Alger1no"]}}
[2025-04-12T20:32:26.698Z] RC VERBOSE 2 {"timestamp":1744489946697,"checkpoint_crosses":{"1":["Niszara"]}}
[2025-04-12T20:32:27.098Z] RC VERBOSE 2 {"timestamp":1744489947097,"checkpoint_crosses":{"0":["TheAlphaGamer787"]}}
[2025-04-12T20:32:27.099Z] RACE INFO TheAlphaGamer787 finished lap 17 with a time of 58.399
[2025-04-12T20:32:27.548Z] RC VERBOSE 2 {"timestamp":1744489947547,"checkpoint_crosses":{"2":["_AmazingAstro"]}}
[2025-04-12T20:32:28.698Z] RC VERBOSE 2 {"timestamp":1744489948696,"checkpoint_crosses":{"1":["ikonos33"]}}
[2025-04-12T20:32:29.498Z] RC VERBOSE 2 {"timestamp":1744489949496,"checkpoint_crosses":{"2":["Loganbestone"]}}
[2025-04-12T20:32:30.248Z] RC VERBOSE 2 {"timestamp":1744489950246,"checkpoint_crosses":{"1":["duxq"]}}
[2025-04-12T20:32:30.946Z] RC VERBOSE 2 {"timestamp":1744489950946,"checkpoint_crosses":{"2":["aChaoticGod"]}}
[2025-04-12T20:32:31.097Z] RC VERBOSE 2 {"timestamp":1744489951096,"checkpoint_crosses":{"1":["TheAlphaGamer787"]}}
[2025-04-12T20:32:32.797Z] RC VERBOSE 2 {"timestamp":1744489952797,"checkpoint_crosses":{"2":["T1AL_"]}}
[2025-04-12T20:32:33.099Z] RC VERBOSE 2 {"timestamp":1744489953098,"checkpoint_crosses":{"0":["Miesneus"]}}
[2025-04-12T20:32:33.100Z] RACE INFO Miesneus finished lap 18 with a time of 57.651
[2025-04-12T20:32:34.498Z] RC VERBOSE 16 {"timestamp":1744489954497,"pit_enter_crosses":["Samuelle1411"]}
[2025-04-12T20:32:36.847Z] RC VERBOSE 2 {"timestamp":1744489956845,"checkpoint_crosses":{"1":["Miesneus"]}}
[2025-04-12T20:32:36.899Z] RC VERBOSE 2 {"timestamp":1744489956898,"checkpoint_crosses":{"0":["Terraformer9"]}}
[2025-04-12T20:32:36.900Z] RACE INFO Terraformer9 finished lap 18 with a time of 56.002
[2025-04-12T20:32:38.048Z] RC VERBOSE 2 {"timestamp":1744489958047,"checkpoint_crosses":{"0":["Samuelle1411"]}}
[2025-04-12T20:32:38.049Z] RACE INFO Samuelle1411 finished lap 18 with a time of 64.5
[2025-04-12T20:32:38.049Z] RC VERBOSE 8 {"timestamp":1744489958047,"pit_crosses":["Samuelle1411"]}
[2025-04-12T20:32:39.298Z] RC VERBOSE 2 {"timestamp":1744489959297,"checkpoint_crosses":{"2":["DJBLOCKM0NSTER"]}}
[2025-04-12T20:32:40.647Z] RC VERBOSE 2 {"timestamp":1744489960646,"checkpoint_crosses":{"1":["Terraformer9"]}}
[2025-04-12T20:32:41.649Z] RC VERBOSE 2 {"timestamp":1744489961648,"checkpoint_crosses":{"2":["Tomycero74"]}}
[2025-04-12T20:32:41.947Z] RC VERBOSE 2 {"timestamp":1744489961946,"checkpoint_crosses":{"2":["MarsCitadel"]}}
[2025-04-12T20:32:46.348Z] RC VERBOSE 2 {"timestamp":1744489966346,"checkpoint_crosses":{"0":["SubayAdamm"]}}
[2025-04-12T20:32:46.348Z] RACE INFO SubayAdamm finished lap 17 with a time of 61.848
[2025-04-12T20:32:46.847Z] RC VERBOSE 2 {"timestamp":1744489966846,"checkpoint_crosses":{"1":["Samuelle1411"]}}
[2025-04-12T20:32:47.149Z] RC VERBOSE 2 {"timestamp":1744489967147,"checkpoint_crosses":{"0":["GiftedTuba"]}}
[2025-04-12T20:32:47.149Z] RACE INFO GiftedTuba finished lap 17 with a time of 61.55
[2025-04-12T20:32:49.147Z] RC VERBOSE 2 {"timestamp":1744489969146,"checkpoint_crosses":{"2":["biloblue"]}}
[2025-04-12T20:32:50.149Z] RC VERBOSE 2 {"timestamp":1744489970147,"checkpoint_crosses":{"1":["SubayAdamm"]}}
[2025-04-12T20:32:51.547Z] RC VERBOSE 2 {"timestamp":1744489971546,"checkpoint_crosses":{"1":["GiftedTuba"]}}
[2025-04-12T20:32:52.449Z] RC VERBOSE 2 {"timestamp":1744489972447,"checkpoint_crosses":{"2":["Niszara"]}}
[2025-04-12T20:32:53.499Z] RC VERBOSE 2 {"timestamp":1744489973497,"checkpoint_crosses":{"2":["ikonos33"]}}
[2025-04-12T20:32:54.498Z] RC VERBOSE 16 {"timestamp":1744489974497,"pit_enter_crosses":["Aspiry"]}
[2025-04-12T20:32:54.549Z] RC VERBOSE 2 {"timestamp":1744489974548,"checkpoint_crosses":{"2":["duxq"]}}
[2025-04-12T20:32:54.697Z] RC VERBOSE 2 {"timestamp":1744489974696,"checkpoint_crosses":{"2":["Alger1no"]}}
[2025-04-12T20:32:55.649Z] RC VERBOSE 2 {"timestamp":1744489975648,"checkpoint_crosses":{"0":["_AmazingAstro"]}}
[2025-04-12T20:32:55.650Z] RACE INFO _AmazingAstro finished lap 18 with a time of 60.552
[2025-04-12T20:32:57.648Z] RC VERBOSE 2 {"timestamp":1744489977646,"checkpoint_crosses":{"0":["Loganbestone"]}}
[2025-04-12T20:32:57.649Z] RACE INFO Loganbestone finished lap 17 with a time of 60.55
[2025-04-12T20:32:57.897Z] RC VERBOSE 2 {"timestamp":1744489977895,"checkpoint_crosses":{"2":["TheAlphaGamer787"]}}
[2025-04-12T20:32:58.348Z] RC VERBOSE 2 {"timestamp":1744489978347,"checkpoint_crosses":{"0":["Aspiry"]}}
[2025-04-12T20:32:58.348Z] RACE INFO Aspiry finished lap 19 with a time of 68.701
[2025-04-12T20:32:58.349Z] RC VERBOSE 8 {"timestamp":1744489978347,"pit_crosses":["Aspiry"]}
[2025-04-12T20:32:59.598Z] RC VERBOSE 2 {"timestamp":1744489979597,"checkpoint_crosses":{"1":["_AmazingAstro"]}}
[2025-04-12T20:32:59.747Z] RC VERBOSE 2 {"timestamp":1744489979746,"checkpoint_crosses":{"0":["aChaoticGod"]}}
[2025-04-12T20:32:59.748Z] RACE INFO aChaoticGod finished lap 18 with a time of 60.499
[2025-04-12T20:33:00.747Z] RC VERBOSE 2 {"timestamp":1744489980745,"checkpoint_crosses":{"0":["T1AL_"]}}
[2025-04-12T20:33:00.748Z] RACE INFO T1AL_ finished lap 18 with a time of 58.898
[2025-04-12T20:33:00.949Z] RC VERBOSE 2 {"timestamp":1744489980947,"checkpoint_crosses":{"2":["Miesneus"]}}
[2025-04-12T20:33:01.548Z] RC VERBOSE 2 {"timestamp":1744489981547,"checkpoint_crosses":{"1":["Loganbestone"]}}
[2025-04-12T20:33:03.549Z] RC VERBOSE 2 {"timestamp":1744489983547,"checkpoint_crosses":{"1":["aChaoticGod"]}}
[2025-04-12T20:33:03.948Z] RC VERBOSE 2 {"timestamp":1744489983947,"checkpoint_crosses":{"2":["Terraformer9"]}}
[2025-04-12T20:33:04.698Z] RC VERBOSE 2 {"timestamp":1744489984697,"checkpoint_crosses":{"1":["T1AL_"]}}
[2025-04-12T20:33:07.792Z] RC VERBOSE 2 {"timestamp":1744489987696,"checkpoint_crosses":{"1":["Aspiry"]}}
[2025-04-12T20:33:08.347Z] RC VERBOSE 2 {"timestamp":1744489988346,"checkpoint_crosses":{"0":["DJBLOCKM0NSTER"]}}
[2025-04-12T20:33:08.348Z] RACE INFO DJBLOCKM0NSTER finished lap 17 with a time of 60.2
[2025-04-12T20:33:09.398Z] RC VERBOSE 2 {"timestamp":1744489989396,"checkpoint_crosses":{"0":["MarsCitadel"]}}
[2025-04-12T20:33:09.398Z] RACE INFO MarsCitadel finished lap 19 with a time of 57.45
[2025-04-12T20:33:11.247Z] RC VERBOSE 2 {"timestamp":1744489991246,"checkpoint_crosses":{"2":["Samuelle1411"]}}
[2025-04-12T20:33:12.497Z] RC VERBOSE 2 {"timestamp":1744489992496,"checkpoint_crosses":{"1":["DJBLOCKM0NSTER"]}}
[2025-04-12T20:33:13.447Z] RC VERBOSE 2 {"timestamp":1744489993446,"checkpoint_crosses":{"1":["MarsCitadel"]}}
[2025-04-12T20:33:17.298Z] RC VERBOSE 2 {"timestamp":1744489997296,"checkpoint_crosses":{"2":["SubayAdamm"]}}
[2025-04-12T20:33:17.397Z] RC VERBOSE 2 {"timestamp":1744489997396,"checkpoint_crosses":{"0":["biloblue"]}}
[2025-04-12T20:33:17.398Z] RACE INFO biloblue finished lap 18 with a time of 62.199
[2025-04-12T20:33:19.248Z] RC VERBOSE 2 {"timestamp":1744489999247,"checkpoint_crosses":{"2":["GiftedTuba"]}}
[2025-04-12T20:33:20.148Z] RC VERBOSE 16 {"timestamp":1744490000147,"pit_enter_crosses":["Tomycero74"]}
[2025-04-12T20:33:21.247Z] RC VERBOSE 2 {"timestamp":1744490001245,"checkpoint_crosses":{"1":["biloblue"]}}
[2025-04-12T20:33:21.697Z] RC VERBOSE 2 {"timestamp":1744490001696,"checkpoint_crosses":{"0":["Niszara"]}}
[2025-04-12T20:33:21.698Z] RACE INFO Niszara finished lap 18 with a time of 59.051
[2025-04-12T20:33:22.897Z] RC VERBOSE 2 {"timestamp":1744490002896,"checkpoint_crosses":{"0":["ikonos33"]}}
[2025-04-12T20:33:22.898Z] RACE INFO ikonos33 finished lap 19 with a time of 63.3
[2025-04-12T20:33:23.999Z] RC VERBOSE 2 {"timestamp":1744490003997,"checkpoint_crosses":{"0":["Tomycero74"]}}
[2025-04-12T20:33:23.999Z] RACE INFO Tomycero74 finished lap 16 with a time of 78.701
[2025-04-12T20:33:24.000Z] RC VERBOSE 8 {"timestamp":1744490003997,"pit_crosses":["Tomycero74"]}
[2025-04-12T20:33:25.598Z] RC VERBOSE 2 {"timestamp":1744490005597,"checkpoint_crosses":{"1":["Niszara"]}}
[2025-04-12T20:33:25.699Z] RC VERBOSE 2 {"timestamp":1744490005697,"checkpoint_crosses":{"2":["_AmazingAstro"]}}
[2025-04-12T20:33:25.848Z] RC VERBOSE 2 {"timestamp":1744490005847,"checkpoint_crosses":{"0":["Alger1no"]}}
[2025-04-12T20:33:25.849Z] RACE INFO Alger1no finished lap 18 with a time of 64.651
[2025-04-12T20:33:26.747Z] RC VERBOSE 2 {"timestamp":1744490006746,"checkpoint_crosses":{"1":["ikonos33"]}}
[2025-04-12T20:33:26.998Z] RC VERBOSE 2 {"timestamp":1744490006996,"checkpoint_crosses":{"0":["TheAlphaGamer787"]}}
[2025-04-12T20:33:26.999Z] RACE INFO TheAlphaGamer787 finished lap 18 with a time of 59.899
[2025-04-12T20:33:28.400Z] RC VERBOSE 2 {"timestamp":1744490008399,"checkpoint_crosses":{"2":["Loganbestone"]}}
[2025-04-12T20:33:28.998Z] RC VERBOSE 2 {"timestamp":1744490008997,"checkpoint_crosses":{"0":["Miesneus"]}}
[2025-04-12T20:33:28.999Z] RACE INFO Miesneus finished lap 19 with a time of 55.899
[2025-04-12T20:33:29.100Z] RC VERBOSE 2 {"timestamp":1744490009098,"checkpoint_crosses":{"2":["aChaoticGod"]}}
[2025-04-12T20:33:29.748Z] RC VERBOSE 2 {"timestamp":1744490009746,"checkpoint_crosses":{"1":["Alger1no"]}}
[2025-04-12T20:33:30.499Z] RC VERBOSE 2 {"timestamp":1744490010497,"checkpoint_crosses":{"2":["T1AL_"]}}
[2025-04-12T20:33:30.900Z] RC VERBOSE 2 {"timestamp":1744490010898,"checkpoint_crosses":{"1":["TheAlphaGamer787"]}}
[2025-04-12T20:33:31.847Z] RC VERBOSE 2 {"timestamp":1744490011847,"checkpoint_crosses":{"2":["Aspiry"]}}
[2025-04-12T20:33:32.700Z] RC VERBOSE 2 {"timestamp":1744490012697,"checkpoint_crosses":{"0":["Terraformer9"]}}
[2025-04-12T20:33:32.701Z] RACE INFO Terraformer9 finished lap 19 with a time of 55.799
[2025-04-12T20:33:32.998Z] RC VERBOSE 2 {"timestamp":1744490012997,"checkpoint_crosses":{"1":["Tomycero74"]}}
[2025-04-12T20:33:33.048Z] RC VERBOSE 2 {"timestamp":1744490013047,"checkpoint_crosses":{"1":["Miesneus"]}}
[2025-04-12T20:33:36.499Z] RC VERBOSE 2 {"timestamp":1744490016497,"checkpoint_crosses":{"1":["Terraformer9"]}}
[2025-04-12T20:33:36.697Z] RC VERBOSE 16 {"timestamp":1744490016696,"pit_enter_crosses":["duxq"]}
[2025-04-12T20:33:39.397Z] RC VERBOSE 2 {"timestamp":1744490019396,"checkpoint_crosses":{"2":["DJBLOCKM0NSTER"]}}
[2025-04-12T20:33:39.448Z] RC VERBOSE 2 {"timestamp":1744490019447,"checkpoint_crosses":{"2":["MarsCitadel"]}}
[2025-04-12T20:33:40.198Z] RC VERBOSE 2 {"timestamp":1744490020198,"checkpoint_crosses":{"0":["Samuelle1411"]}}
[2025-04-12T20:33:40.199Z] RACE INFO Samuelle1411 finished lap 19 with a time of 62.151
[2025-04-12T20:33:40.549Z] RC VERBOSE 2 {"timestamp":1744490020548,"checkpoint_crosses":{"0":["duxq"]}}
[2025-04-12T20:33:40.550Z] RACE INFO duxq finished lap 19 with a time of 74.903
[2025-04-12T20:33:40.550Z] RC VERBOSE 8 {"timestamp":1744490020548,"pit_crosses":["duxq"]}
[2025-04-12T20:33:43.398Z] RC VERBOSE 2 {"timestamp":1744490023397,"checkpoint_crosses":{"1":["Samuelle1411"]}}
[2025-04-12T20:33:46.248Z] RC VERBOSE 2 {"timestamp":1744490026247,"checkpoint_crosses":{"0":["SubayAdamm"]}}
[2025-04-12T20:33:46.249Z] RACE INFO SubayAdamm finished lap 18 with a time of 59.901
[2025-04-12T20:33:46.998Z] RC VERBOSE 2 {"timestamp":1744490026997,"checkpoint_crosses":{"2":["biloblue"]}}
[2025-04-12T20:33:47.898Z] RC VERBOSE 2 {"timestamp":1744490027896,"checkpoint_crosses":{"0":["GiftedTuba"]}}
[2025-04-12T20:33:47.899Z] RACE INFO GiftedTuba finished lap 18 with a time of 60.749
[2025-04-12T20:33:49.548Z] RC VERBOSE 2 {"timestamp":1744490029547,"checkpoint_crosses":{"1":["duxq"]}}
[2025-04-12T20:33:51.748Z] RC VERBOSE 2 {"timestamp":1744490031747,"checkpoint_crosses":{"1":["SubayAdamm"]}}
[2025-04-12T20:33:52.048Z] RC VERBOSE 2 {"timestamp":1744490032046,"checkpoint_crosses":{"2":["ikonos33"]}}
[2025-04-12T20:33:53.548Z] RC VERBOSE 2 {"timestamp":1744490033546,"checkpoint_crosses":{"1":["GiftedTuba"]}}
[2025-04-12T20:33:54.598Z] RC VERBOSE 2 {"timestamp":1744490034597,"checkpoint_crosses":{"2":["Alger1no"]}}
[2025-04-12T20:33:54.699Z] RC VERBOSE 2 {"timestamp":1744490034698,"checkpoint_crosses":{"2":["Niszara"]}}
[2025-04-12T20:33:55.898Z] RC VERBOSE 2 {"timestamp":1744490035896,"checkpoint_crosses":{"0":["_AmazingAstro"]}}
[2025-04-12T20:33:55.899Z] RACE INFO _AmazingAstro finished lap 19 with a time of 60.248
[2025-04-12T20:33:56.698Z] RC VERBOSE 2 {"timestamp":1744490036696,"checkpoint_crosses":{"2":["TheAlphaGamer787"]}}
[2025-04-12T20:33:57.397Z] RC VERBOSE 2 {"timestamp":1744490037396,"checkpoint_crosses":{"0":["Loganbestone"]}}
[2025-04-12T20:33:57.397Z] RACE INFO Loganbestone finished lap 18 with a time of 59.75
[2025-04-12T20:33:59.149Z] RC VERBOSE 2 {"timestamp":1744490039148,"checkpoint_crosses":{"2":["Miesneus"]}}
[2025-04-12T20:33:59.598Z] RC VERBOSE 2 {"timestamp":1744490039596,"checkpoint_crosses":{"2":["Tomycero74"]}}
[2025-04-12T20:33:59.898Z] RC VERBOSE 2 {"timestamp":1744490039896,"checkpoint_crosses":{"0":["Aspiry"]}}
[2025-04-12T20:33:59.899Z] RACE INFO Aspiry finished lap 20 with a time of 61.549
[2025-04-12T20:33:59.997Z] RC VERBOSE 2 {"timestamp":1744490039996,"checkpoint_crosses":{"1":["_AmazingAstro"]}}
[2025-04-12T20:34:00.998Z] RC VERBOSE 2 {"timestamp":1744490040997,"checkpoint_crosses":{"2":["Terraformer9"]}}
[2025-04-12T20:34:01.348Z] RC VERBOSE 2 {"timestamp":1744490041346,"checkpoint_crosses":{"1":["Loganbestone"]}}
[2025-04-12T20:34:01.398Z] RC VERBOSE 2 {"timestamp":1744490041397,"checkpoint_crosses":{"0":["aChaoticGod"]}}
[2025-04-12T20:34:01.398Z] RACE INFO aChaoticGod finished lap 19 with a time of 61.651
[2025-04-12T20:34:01.647Z] RC VERBOSE 2 {"timestamp":1744490041646,"checkpoint_crosses":{"0":["T1AL_"]}}
[2025-04-12T20:34:01.648Z] RACE INFO T1AL_ finished lap 19 with a time of 60.901
[2025-04-12T20:34:03.697Z] RC VERBOSE 2 {"timestamp":1744490043696,"checkpoint_crosses":{"1":["Aspiry"]}}
[2025-04-12T20:34:05.349Z] RC VERBOSE 2 {"timestamp":1744490045348,"checkpoint_crosses":{"1":["aChaoticGod"]}}
[2025-04-12T20:34:05.499Z] RC VERBOSE 2 {"timestamp":1744490045497,"checkpoint_crosses":{"1":["T1AL_"]}}
[2025-04-12T20:34:06.248Z] RC VERBOSE 2 {"timestamp":1744490046246,"checkpoint_crosses":{"0":["MarsCitadel"]}}
[2025-04-12T20:34:06.248Z] RACE INFO MarsCitadel finished lap 20 with a time of 56.85
[2025-04-12T20:34:08.248Z] RC VERBOSE 2 {"timestamp":1744490048246,"checkpoint_crosses":{"2":["Samuelle1411"]}}
[2025-04-12T20:34:10.097Z] RC VERBOSE 2 {"timestamp":1744490050096,"checkpoint_crosses":{"1":["MarsCitadel"]}}
[2025-04-12T20:34:13.848Z] RC VERBOSE 2 {"timestamp":1744490053847,"checkpoint_crosses":{"0":["biloblue"]}}
[2025-04-12T20:34:13.849Z] RACE INFO biloblue finished lap 19 with a time of 56.451
[2025-04-12T20:34:15.898Z] RC VERBOSE 2 {"timestamp":1744490055895,"checkpoint_crosses":{"0":["DJBLOCKM0NSTER"]}}
[2025-04-12T20:34:15.898Z] RACE INFO DJBLOCKM0NSTER finished lap 18 with a time of 67.549
[2025-04-12T20:34:16.299Z] RC VERBOSE 2 {"timestamp":1744490056298,"checkpoint_crosses":{"2":["duxq"]}}
[2025-04-12T20:34:17.697Z] RC VERBOSE 2 {"timestamp":1744490057696,"checkpoint_crosses":{"1":["biloblue"]}}
[2025-04-12T20:34:18.399Z] RC VERBOSE 2 {"timestamp":1744490058398,"checkpoint_crosses":{"2":["SubayAdamm"]}}
[2025-04-12T20:34:19.497Z] RC VERBOSE 2 {"timestamp":1744490059496,"checkpoint_crosses":{"0":["ikonos33"]}}
[2025-04-12T20:34:19.498Z] RACE INFO ikonos33 finished lap 20 with a time of 56.6
[2025-04-12T20:34:20.297Z] RC VERBOSE 2 {"timestamp":1744490060295,"checkpoint_crosses":{"2":["GiftedTuba"]}}
[2025-04-12T20:34:20.497Z] RC VERBOSE 2 {"timestamp":1744490060497,"checkpoint_crosses":{"1":["DJBLOCKM0NSTER"]}}
[2025-04-12T20:34:22.948Z] RC VERBOSE 2 {"timestamp":1744490062947,"checkpoint_crosses":{"0":["Alger1no"]}}
[2025-04-12T20:34:22.949Z] RACE INFO Alger1no finished lap 19 with a time of 57.1
[2025-04-12T20:34:23.299Z] RC VERBOSE 2 {"timestamp":1744490063298,"checkpoint_crosses":{"1":["ikonos33"]}}
[2025-04-12T20:34:24.447Z] RC VERBOSE 2 {"timestamp":1744490064446,"checkpoint_crosses":{"0":["TheAlphaGamer787"]}}
[2025-04-12T20:34:24.447Z] RACE INFO TheAlphaGamer787 finished lap 19 with a time of 57.45
[2025-04-12T20:34:26.099Z] RC VERBOSE 2 {"timestamp":1744490066098,"checkpoint_crosses":{"2":["_AmazingAstro"]}}
[2025-04-12T20:34:26.798Z] RC VERBOSE 2 {"timestamp":1744490066797,"checkpoint_crosses":{"1":["Alger1no"]}}
[2025-04-12T20:34:27.347Z] RC VERBOSE 2 {"timestamp":1744490067347,"checkpoint_crosses":{"0":["Miesneus"]}}
[2025-04-12T20:34:27.348Z] RACE INFO Miesneus finished lap 20 with a time of 58.35
[2025-04-12T20:34:27.547Z] RC VERBOSE 2 {"timestamp":1744490067545,"checkpoint_crosses":{"0":["Niszara"]}}
[2025-04-12T20:34:27.548Z] RACE INFO Niszara finished lap 19 with a time of 65.849
[2025-04-12T20:34:28.249Z] RC VERBOSE 2 {"timestamp":1744490068248,"checkpoint_crosses":{"1":["TheAlphaGamer787"]}}
[2025-04-12T20:34:28.448Z] RC VERBOSE 2 {"timestamp":1744490068447,"checkpoint_crosses":{"2":["Aspiry"]}}
[2025-04-12T20:34:28.647Z] RC VERBOSE 2 {"timestamp":1744490068646,"checkpoint_crosses":{"2":["Loganbestone"]}}
[2025-04-12T20:34:28.749Z] RC VERBOSE 2 {"timestamp":1744490068747,"checkpoint_crosses":{"0":["Terraformer9"]}}
[2025-04-12T20:34:28.749Z] RACE INFO Terraformer9 finished lap 20 with a time of 56.05
[2025-04-12T20:34:31.149Z] RC VERBOSE 2 {"timestamp":1744490071148,"checkpoint_crosses":{"1":["Miesneus"]}}
[2025-04-12T20:34:31.598Z] RC VERBOSE 2 {"timestamp":1744490071596,"checkpoint_crosses":{"1":["Niszara"]}}
[2025-04-12T20:34:31.849Z] RC VERBOSE 2 {"timestamp":1744490071848,"checkpoint_crosses":{"2":["T1AL_"]}}
[2025-04-12T20:34:32.349Z] RC VERBOSE 2 {"timestamp":1744490072348,"checkpoint_crosses":{"2":["aChaoticGod"]}}
[2025-04-12T20:34:32.547Z] RC VERBOSE 2 {"timestamp":1744490072546,"checkpoint_crosses":{"0":["Tomycero74"]}}
[2025-04-12T20:34:32.548Z] RACE INFO Tomycero74 finished lap 17 with a time of 68.549
[2025-04-12T20:34:33.097Z] RC VERBOSE 2 {"timestamp":1744490073096,"checkpoint_crosses":{"1":["Terraformer9"]}}
[2025-04-12T20:34:33.947Z] RC VERBOSE 2 {"timestamp":1744490073945,"checkpoint_crosses":{"2":["MarsCitadel"]}}
[2025-04-12T20:34:35.897Z] RC VERBOSE 2 {"timestamp":1744490075896,"checkpoint_crosses":{"0":["Samuelle1411"]}}
[2025-04-12T20:34:35.898Z] RACE INFO Samuelle1411 finished lap 20 with a time of 55.698
[2025-04-12T20:34:37.099Z] RC VERBOSE 2 {"timestamp":1744490077097,"checkpoint_crosses":{"1":["Tomycero74"]}}
[2025-04-12T20:34:39.648Z] RC VERBOSE 2 {"timestamp":1744490079646,"checkpoint_crosses":{"1":["Samuelle1411"]}}
[2025-04-12T20:34:43.147Z] RC VERBOSE 2 {"timestamp":1744490083146,"checkpoint_crosses":{"0":["duxq"]}}
[2025-04-12T20:34:43.148Z] RACE INFO duxq finished lap 20 with a time of 62.598
[2025-04-12T20:34:44.998Z] RC VERBOSE 2 {"timestamp":1744490084997,"checkpoint_crosses":{"2":["biloblue"]}}
[2025-04-12T20:34:45.598Z] RC VERBOSE 2 {"timestamp":1744490085597,"checkpoint_crosses":{"2":["DJBLOCKM0NSTER"]}}
[2025-04-12T20:34:47.014Z] RC VERBOSE 2 {"timestamp":1744490086997,"checkpoint_crosses":{"1":["duxq"]}}
[2025-04-12T20:34:47.398Z] RC VERBOSE 2 {"timestamp":1744490087397,"checkpoint_crosses":{"2":["ikonos33"]}}
[2025-04-12T20:34:47.649Z] RC VERBOSE 2 {"timestamp":1744490087647,"checkpoint_crosses":{"0":["SubayAdamm"]}}
[2025-04-12T20:34:47.649Z] RACE INFO SubayAdamm finished lap 19 with a time of 61.4
[2025-04-12T20:34:51.048Z] RC VERBOSE 2 {"timestamp":1744490091046,"checkpoint_crosses":{"0":["GiftedTuba"]}}
[2025-04-12T20:34:51.049Z] RACE INFO GiftedTuba finished lap 19 with a time of 63.15
[2025-04-12T20:34:51.547Z] RC VERBOSE 2 {"timestamp":1744490091546,"checkpoint_crosses":{"1":["SubayAdamm"]}}
[2025-04-12T20:34:52.199Z] RC VERBOSE 2 {"timestamp":1744490092197,"checkpoint_crosses":{"2":["Alger1no"]}}
[2025-04-12T20:34:53.898Z] RC VERBOSE 2 {"timestamp":1744490093896,"checkpoint_crosses":{"2":["TheAlphaGamer787"]}}
[2025-04-12T20:34:54.797Z] RC VERBOSE 2 {"timestamp":1744490094796,"checkpoint_crosses":{"1":["GiftedTuba"]}}
[2025-04-12T20:34:54.998Z] RC VERBOSE 2 {"timestamp":1744490094997,"checkpoint_crosses":{"0":["_AmazingAstro"]}}
[2025-04-12T20:34:54.999Z] RACE INFO _AmazingAstro finished lap 20 with a time of 59.101
[2025-04-12T20:34:56.648Z] RC VERBOSE 2 {"timestamp":1744490096646,"checkpoint_crosses":{"2":["Miesneus"]}}
[2025-04-12T20:34:56.699Z] RC VERBOSE 2 {"timestamp":1744490096697,"checkpoint_crosses":{"0":["Aspiry"]}}
[2025-04-12T20:34:56.699Z] RACE INFO Aspiry finished lap 21 with a time of 56.801
[2025-04-12T20:34:59.448Z] RC VERBOSE 2 {"timestamp":1744490099446,"checkpoint_crosses":{"1":["_AmazingAstro"]}}
[2025-04-12T20:34:59.699Z] RC VERBOSE 2 {"timestamp":1744490099697,"checkpoint_crosses":{"0":["Loganbestone"]}}
[2025-04-12T20:34:59.700Z] RACE INFO Loganbestone finished lap 19 with a time of 62.301
[2025-04-12T20:34:59.748Z] RC VERBOSE 2 {"timestamp":1744490099746,"checkpoint_crosses":{"2":["Niszara"]}}
[2025-04-12T20:35:00.749Z] RC VERBOSE 2 {"timestamp":1744490100748,"checkpoint_crosses":{"2":["Terraformer9"]}}
[2025-04-12T20:35:01.048Z] RC VERBOSE 2 {"timestamp":1744490101047,"checkpoint_crosses":{"1":["Aspiry"]}}
[2025-04-12T20:35:01.798Z] RC VERBOSE 2 {"timestamp":1744490101796,"checkpoint_crosses":{"0":["aChaoticGod"]}}
[2025-04-12T20:35:01.799Z] RACE INFO aChaoticGod finished lap 20 with a time of 60.399
[2025-04-12T20:35:02.097Z] RC VERBOSE 2 {"timestamp":1744490102096,"checkpoint_crosses":{"0":["T1AL_"]}}
[2025-04-12T20:35:02.098Z] RACE INFO T1AL_ finished lap 20 with a time of 60.45
[2025-04-12T20:35:03.598Z] RC VERBOSE 2 {"timestamp":1744490103597,"checkpoint_crosses":{"1":["Loganbestone"]}}
[2025-04-12T20:35:05.647Z] RC VERBOSE 2 {"timestamp":1744490105646,"checkpoint_crosses":{"1":["aChaoticGod"]}}
[2025-04-12T20:35:05.897Z] RC VERBOSE 2 {"timestamp":1744490105896,"checkpoint_crosses":{"1":["T1AL_"]}}
[2025-04-12T20:35:06.147Z] RC VERBOSE 2 {"timestamp":1744490106146,"checkpoint_crosses":{"2":["Samuelle1411"]}}
[2025-04-12T20:35:06.847Z] RC VERBOSE 16 {"timestamp":1744490106846,"pit_enter_crosses":["MarsCitadel"]}
[2025-04-12T20:35:09.050Z] RC VERBOSE 2 {"timestamp":1744490109048,"checkpoint_crosses":{"2":["Tomycero74"]}}
[2025-04-12T20:35:10.698Z] RC VERBOSE 2 {"timestamp":1744490110697,"checkpoint_crosses":{"0":["MarsCitadel"]}}
[2025-04-12T20:35:10.699Z] RACE INFO MarsCitadel finished lap 21 with a time of 64.451
[2025-04-12T20:35:10.700Z] RC VERBOSE 8 {"timestamp":1744490110697,"pit_crosses":["MarsCitadel"]}
[2025-04-12T20:35:11.849Z] RC VERBOSE 2 {"timestamp":1744490111847,"checkpoint_crosses":{"2":["duxq"]}}
[2025-04-12T20:35:14.248Z] RC VERBOSE 2 {"timestamp":1744490114246,"checkpoint_crosses":{"0":["biloblue"]}}
[2025-04-12T20:35:14.249Z] RACE INFO biloblue finished lap 20 with a time of 60.399
[2025-04-12T20:35:15.900Z] RC VERBOSE 2 {"timestamp":1744490115898,"checkpoint_crosses":{"0":["ikonos33"]}}
[2025-04-12T20:35:15.900Z] RACE INFO ikonos33 finished lap 21 with a time of 56.402
[2025-04-12T20:35:18.148Z] RC VERBOSE 2 {"timestamp":1744490118147,"checkpoint_crosses":{"1":["biloblue"],"2":["SubayAdamm"]}}
[2025-04-12T20:35:18.899Z] RC VERBOSE 2 {"timestamp":1744490118898,"checkpoint_crosses":{"0":["DJBLOCKM0NSTER"]}}
[2025-04-12T20:35:18.900Z] RACE INFO DJBLOCKM0NSTER finished lap 19 with a time of 63.003
[2025-04-12T20:35:19.548Z] RC VERBOSE 2 {"timestamp":1744490119547,"checkpoint_crosses":{"1":["MarsCitadel"]}}
[2025-04-12T20:35:20.599Z] RC VERBOSE 2 {"timestamp":1744490120597,"checkpoint_crosses":{"1":["ikonos33"]}}
[2025-04-12T20:35:22.198Z] RC VERBOSE 2 {"timestamp":1744490122196,"checkpoint_crosses":{"0":["Alger1no"]}}
[2025-04-12T20:35:22.198Z] RACE INFO Alger1no finished lap 20 with a time of 59.249
[2025-04-12T20:35:22.498Z] RC VERBOSE 2 {"timestamp":1744490122496,"checkpoint_crosses":{"2":["GiftedTuba"]}}
[2025-04-12T20:35:22.998Z] RC VERBOSE 2 {"timestamp":1744490122997,"checkpoint_crosses":{"1":["DJBLOCKM0NSTER"]}}
[2025-04-12T20:35:24.548Z] RC VERBOSE 2 {"timestamp":1744490124546,"checkpoint_crosses":{"0":["TheAlphaGamer787"]}}
[2025-04-12T20:35:24.549Z] RACE INFO TheAlphaGamer787 finished lap 20 with a time of 60.1
[2025-04-12T20:35:24.598Z] RC VERBOSE 2 {"timestamp":1744490124596,"checkpoint_crosses":{"0":["Miesneus"]}}
[2025-04-12T20:35:24.598Z] RACE INFO Miesneus finished lap 21 with a time of 57.249
[2025-04-12T20:35:26.047Z] RC VERBOSE 2 {"timestamp":1744490126046,"checkpoint_crosses":{"1":["Alger1no"]}}
[2025-04-12T20:35:26.200Z] RC VERBOSE 2 {"timestamp":1744490126198,"checkpoint_crosses":{"2":["Aspiry"]}}
[2025-04-12T20:35:27.849Z] RC VERBOSE 2 {"timestamp":1744490127849,"checkpoint_crosses":{"2":["_AmazingAstro"]}}
[2025-04-12T20:35:28.598Z] RC VERBOSE 2 {"timestamp":1744490128597,"checkpoint_crosses":{"1":["Miesneus","TheAlphaGamer787"]}}
[2025-04-12T20:35:30.548Z] RC VERBOSE 2 {"timestamp":1744490130547,"checkpoint_crosses":{"0":["Niszara"]}}
[2025-04-12T20:35:30.548Z] RACE INFO Niszara finished lap 20 with a time of 63.002
[2025-04-12T20:35:32.548Z] RC VERBOSE 2 {"timestamp":1744490132547,"checkpoint_crosses":{"2":["Loganbestone"]}}
[2025-04-12T20:35:32.648Z] RC VERBOSE 2 {"timestamp":1744490132646,"checkpoint_crosses":{"2":["T1AL_"]}}
[2025-04-12T20:35:32.898Z] RC VERBOSE 2 {"timestamp":1744490132897,"checkpoint_crosses":{"0":["Terraformer9"]}}
[2025-04-12T20:35:32.898Z] RACE INFO Terraformer9 finished lap 21 with a time of 64.15
[2025-04-12T20:35:33.297Z] RC VERBOSE 2 {"timestamp":1744490133296,"checkpoint_crosses":{"2":["aChaoticGod"]}}
[2025-04-12T20:35:34.299Z] RC VERBOSE 2 {"timestamp":1744490134298,"checkpoint_crosses":{"0":["Samuelle1411"]}}
[2025-04-12T20:35:34.299Z] RACE INFO Samuelle1411 finished lap 21 with a time of 58.402
[2025-04-12T20:35:34.349Z] RC VERBOSE 2 {"timestamp":1744490134348,"checkpoint_crosses":{"1":["Niszara"]}}
[2025-04-12T20:35:36.700Z] RC VERBOSE 2 {"timestamp":1744490136698,"checkpoint_crosses":{"1":["Terraformer9"]}}
[2025-04-12T20:35:39.048Z] RC VERBOSE 2 {"timestamp":1744490139047,"checkpoint_crosses":{"1":["Samuelle1411"]}}
[2025-04-12T20:35:42.448Z] RC VERBOSE 2 {"timestamp":1744490142447,"checkpoint_crosses":{"0":["Tomycero74"]}}
[2025-04-12T20:35:42.449Z] RACE INFO Tomycero74 finished lap 18 with a time of 69.901
[2025-04-12T20:35:43.799Z] RC VERBOSE 2 {"timestamp":1744490143798,"checkpoint_crosses":{"0":["duxq"]}}
[2025-04-12T20:35:43.800Z] RACE INFO duxq finished lap 21 with a time of 60.652
[2025-04-12T20:35:45.249Z] RC VERBOSE 2 {"timestamp":1744490145248,"checkpoint_crosses":{"2":["biloblue"]}}
[2025-04-12T20:35:45.297Z] RC VERBOSE 2 {"timestamp":1744490145295,"checkpoint_crosses":{"2":["MarsCitadel"]}}
[2025-04-12T20:35:46.398Z] RC VERBOSE 2 {"timestamp":1744490146397,"checkpoint_crosses":{"2":["ikonos33"]}}
[2025-04-12T20:35:46.798Z] RC VERBOSE 2 {"timestamp":1744490146796,"checkpoint_crosses":{"1":["Tomycero74"]}}
[2025-04-12T20:35:47.699Z] RC VERBOSE 2 {"timestamp":1744490147697,"checkpoint_crosses":{"1":["duxq"]}}
[2025-04-12T20:35:47.799Z] RC VERBOSE 2 {"timestamp":1744490147797,"checkpoint_crosses":{"0":["SubayAdamm"]}}
[2025-04-12T20:35:47.799Z] RACE INFO SubayAdamm finished lap 20 with a time of 60.15
[2025-04-12T20:35:49.048Z] RC VERBOSE 2 {"timestamp":1744490149047,"checkpoint_crosses":{"2":["DJBLOCKM0NSTER"]}}
[2025-04-12T20:35:51.797Z] RC VERBOSE 2 {"timestamp":1744490151796,"checkpoint_crosses":{"1":["SubayAdamm"]}}
[2025-04-12T20:35:52.147Z] RC VERBOSE 2 {"timestamp":1744490152145,"checkpoint_crosses":{"2":["Alger1no"]}}
[2025-04-12T20:35:53.198Z] RC VERBOSE 2 {"timestamp":1744490153196,"checkpoint_crosses":{"0":["GiftedTuba"]}}
[2025-04-12T20:35:53.199Z] RACE INFO GiftedTuba finished lap 20 with a time of 62.15
[2025-04-12T20:35:54.397Z] RC VERBOSE 2 {"timestamp":1744490154396,"checkpoint_crosses":{"2":["Miesneus"]}}
[2025-04-12T20:35:54.947Z] RC VERBOSE 2 {"timestamp":1744490154946,"checkpoint_crosses":{"0":["Aspiry"]}}
[2025-04-12T20:35:54.948Z] RACE INFO Aspiry finished lap 22 with a time of 58.249
[2025-04-12T20:35:55.697Z] RC VERBOSE 2 {"timestamp":1744490155695,"checkpoint_crosses":{"2":["TheAlphaGamer787"]}}
[2025-04-12T20:35:56.698Z] RC VERBOSE 2 {"timestamp":1744490156696,"checkpoint_crosses":{"0":["_AmazingAstro"]}}
[2025-04-12T20:35:56.698Z] RACE INFO _AmazingAstro finished lap 21 with a time of 61.699
[2025-04-12T20:35:56.948Z] RC VERBOSE 2 {"timestamp":1744490156946,"checkpoint_crosses":{"1":["GiftedTuba"]}}
[2025-04-12T20:35:58.748Z] RC VERBOSE 2 {"timestamp":1744490158747,"checkpoint_crosses":{"1":["Aspiry"]}}
[2025-04-12T20:36:00.648Z] RC VERBOSE 2 {"timestamp":1744490160647,"checkpoint_crosses":{"1":["_AmazingAstro"]}}
[2025-04-12T20:36:01.298Z] RC VERBOSE 2 {"timestamp":1744490161297,"checkpoint_crosses":{"0":["Loganbestone"]}}
[2025-04-12T20:36:01.299Z] RACE INFO Loganbestone finished lap 20 with a time of 61.6
[2025-04-12T20:36:01.998Z] RC VERBOSE 2 {"timestamp":1744490161996,"checkpoint_crosses":{"2":["Terraformer9"]}}
[2025-04-12T20:36:02.148Z] RC VERBOSE 2 {"timestamp":1744490162147,"checkpoint_crosses":{"2":["Niszara"]}}
[2025-04-12T20:36:02.348Z] RC VERBOSE 2 {"timestamp":1744490162346,"checkpoint_crosses":{"2":["Samuelle1411"]}}
[2025-04-12T20:36:03.497Z] RC VERBOSE 2 {"timestamp":1744490163496,"checkpoint_crosses":{"0":["T1AL_"]}}
[2025-04-12T20:36:03.498Z] RACE INFO T1AL_ finished lap 21 with a time of 61.4
[2025-04-12T20:36:03.697Z] RC VERBOSE 2 {"timestamp":1744490163696,"checkpoint_crosses":{"0":["aChaoticGod"]}}
[2025-04-12T20:36:03.698Z] RACE INFO aChaoticGod finished lap 21 with a time of 61.9
[2025-04-12T20:36:05.597Z] RC VERBOSE 2 {"timestamp":1744490165597,"checkpoint_crosses":{"1":["Loganbestone"]}}
[2025-04-12T20:36:07.397Z] RC VERBOSE 2 {"timestamp":1744490167396,"checkpoint_crosses":{"1":["T1AL_"]}}
[2025-04-12T20:36:07.497Z] RC VERBOSE 2 {"timestamp":1744490167497,"checkpoint_crosses":{"1":["aChaoticGod"]}}
[2025-04-12T20:36:11.898Z] RC VERBOSE 2 {"timestamp":1744490171897,"checkpoint_crosses":{"0":["MarsCitadel"]}}
[2025-04-12T20:36:11.899Z] RACE INFO MarsCitadel finished lap 22 with a time of 61.2
[2025-04-12T20:36:13.147Z] RC VERBOSE 2 {"timestamp":1744490173145,"checkpoint_crosses":{"2":["duxq"]}}
[2025-04-12T20:36:13.948Z] RC VERBOSE 2 {"timestamp":1744490173947,"checkpoint_crosses":{"0":["ikonos33"]}}
[2025-04-12T20:36:13.949Z] RACE INFO ikonos33 finished lap 22 with a time of 58.049
[2025-04-12T20:36:15.448Z] RC VERBOSE 2 {"timestamp":1744490175447,"checkpoint_crosses":{"0":["biloblue"]}}
[2025-04-12T20:36:15.449Z] RACE INFO biloblue finished lap 21 with a time of 61.201
[2025-04-12T20:36:15.748Z] RC VERBOSE 2 {"timestamp":1744490175746,"checkpoint_crosses":{"1":["MarsCitadel"]}}
[2025-04-12T20:36:17.699Z] RC VERBOSE 2 {"timestamp":1744490177697,"checkpoint_crosses":{"2":["SubayAdamm"]}}
[2025-04-12T20:36:17.798Z] RC VERBOSE 2 {"timestamp":1744490177797,"checkpoint_crosses":{"1":["ikonos33"]}}
[2025-04-12T20:36:18.696Z] RC VERBOSE 2 {"timestamp":1744490178695,"checkpoint_crosses":{"0":["DJBLOCKM0NSTER"]}}
[2025-04-12T20:36:18.697Z] RACE INFO DJBLOCKM0NSTER finished lap 20 with a time of 59.797
[2025-04-12T20:36:19.296Z] RC VERBOSE 2 {"timestamp":1744490179296,"checkpoint_crosses":{"1":["biloblue"]}}
[2025-04-12T20:36:19.947Z] RC VERBOSE 2 {"timestamp":1744490179946,"checkpoint_crosses":{"2":["Tomycero74"]}}
[2025-04-12T20:36:21.546Z] RC VERBOSE 2 {"timestamp":1744490181545,"checkpoint_crosses":{"0":["Alger1no"]}}
[2025-04-12T20:36:21.547Z] RACE INFO Alger1no finished lap 21 with a time of 59.349
[2025-04-12T20:36:22.597Z] RC VERBOSE 2 {"timestamp":1744490182595,"checkpoint_crosses":{"2":["GiftedTuba"]}}
[2025-04-12T20:36:22.696Z] RC VERBOSE 2 {"timestamp":1744490182695,"checkpoint_crosses":{"0":["Miesneus"]}}
[2025-04-12T20:36:22.697Z] RACE INFO Miesneus finished lap 22 with a time of 58.099
[2025-04-12T20:36:22.797Z] RC VERBOSE 2 {"timestamp":1744490182796,"checkpoint_crosses":{"2":["Aspiry"]}}
[2025-04-12T20:36:23.097Z] RC VERBOSE 2 {"timestamp":1744490183095,"checkpoint_crosses":{"1":["DJBLOCKM0NSTER"]}}
[2025-04-12T20:36:25.148Z] RC VERBOSE 2 {"timestamp":1744490185146,"checkpoint_crosses":{"0":["TheAlphaGamer787"]}}
[2025-04-12T20:36:25.149Z] RACE INFO TheAlphaGamer787 finished lap 21 with a time of 60.6
[2025-04-12T20:36:25.346Z] RC VERBOSE 2 {"timestamp":1744490185344,"checkpoint_crosses":{"2":["_AmazingAstro"]}}
[2025-04-12T20:36:25.397Z] RC VERBOSE 2 {"timestamp":1744490185396,"checkpoint_crosses":{"1":["Alger1no"]}}
[2025-04-12T20:36:27.506Z] RC VERBOSE 2 {"timestamp":1744490187496,"checkpoint_crosses":{"1":["Miesneus"]}}
[2025-04-12T20:36:28.548Z] RC VERBOSE 2 {"timestamp":1744490188546,"checkpoint_crosses":{"0":["Terraformer9"]}}
[2025-04-12T20:36:28.549Z] RACE INFO Terraformer9 finished lap 22 with a time of 55.649
[2025-04-12T20:36:29.948Z] RC VERBOSE 2 {"timestamp":1744490189947,"checkpoint_crosses":{"1":["TheAlphaGamer787"]}}
[2025-04-12T20:36:30.048Z] RC VERBOSE 2 {"timestamp":1744490190046,"checkpoint_crosses":{"0":["Samuelle1411"]}}
[2025-04-12T20:36:30.048Z] RACE INFO Samuelle1411 finished lap 22 with a time of 55.748
[2025-04-12T20:36:32.397Z] RC VERBOSE 2 {"timestamp":1744490192396,"checkpoint_crosses":{"1":["Terraformer9"]}}
[2025-04-12T20:36:32.546Z] RC VERBOSE 2 {"timestamp":1744490192544,"checkpoint_crosses":{"2":["aChaoticGod"]}}
[2025-04-12T20:36:33.797Z] RC VERBOSE 2 {"timestamp":1744490193796,"checkpoint_crosses":{"0":["Niszara"]}}
[2025-04-12T20:36:33.798Z] RACE INFO Niszara finished lap 21 with a time of 63.249
[2025-04-12T20:36:33.946Z] RC VERBOSE 2 {"timestamp":1744490193945,"checkpoint_crosses":{"1":["Samuelle1411"]}}
[2025-04-12T20:36:34.747Z] RC VERBOSE 2 {"timestamp":1744490194746,"checkpoint_crosses":{"2":["Loganbestone"]}}
[2025-04-12T20:36:35.646Z] RC VERBOSE 2 {"timestamp":1744490195645,"checkpoint_crosses":{"2":["T1AL_"]}}
[2025-04-12T20:36:37.646Z] RC VERBOSE 2 {"timestamp":1744490197644,"checkpoint_crosses":{"1":["Niszara"]}}
[2025-04-12T20:36:39.996Z] RC VERBOSE 2 {"timestamp":1744490199995,"checkpoint_crosses":{"0":["duxq"]}}
[2025-04-12T20:36:39.997Z] RACE INFO duxq finished lap 22 with a time of 56.197
[2025-04-12T20:36:40.348Z] RC VERBOSE 2 {"timestamp":1744490200347,"checkpoint_crosses":{"2":["MarsCitadel"]}}
[2025-04-12T20:36:41.447Z] RC VERBOSE 2 {"timestamp":1744490201445,"checkpoint_crosses":{"2":["ikonos33"]}}
[2025-04-12T20:36:43.147Z] RC VERBOSE 2 {"timestamp":1744490203145,"checkpoint_crosses":{"2":["biloblue"]}}
[2025-04-12T20:36:43.848Z] RC VERBOSE 2 {"timestamp":1744490203845,"checkpoint_crosses":{"1":["duxq"]}}
[2025-04-12T20:36:45.297Z] RC VERBOSE 2 {"timestamp":1744490205296,"checkpoint_crosses":{"0":["SubayAdamm"]}}
[2025-04-12T20:36:45.298Z] RACE INFO SubayAdamm finished lap 21 with a time of 57.499
[2025-04-12T20:36:49.296Z] RC VERBOSE 2 {"timestamp":1744490209295,"checkpoint_crosses":{"1":["SubayAdamm"]}}
[2025-04-12T20:36:50.446Z] RC VERBOSE 2 {"timestamp":1744490210445,"checkpoint_crosses":{"2":["Alger1no"]}}
[2025-04-12T20:36:50.497Z] RC VERBOSE 2 {"timestamp":1744490210496,"checkpoint_crosses":{"2":["DJBLOCKM0NSTER"]}}
[2025-04-12T20:36:51.896Z] RC VERBOSE 2 {"timestamp":1744490211895,"checkpoint_crosses":{"2":["Miesneus"]}}
[2025-04-12T20:36:52.598Z] RC VERBOSE 2 {"timestamp":1744490212597,"checkpoint_crosses":{"0":["Aspiry"]}}
[2025-04-12T20:36:52.599Z] RACE INFO Aspiry finished lap 23 with a time of 57.651
[2025-04-12T20:36:54.147Z] RC VERBOSE 2 {"timestamp":1744490214145,"checkpoint_crosses":{"0":["GiftedTuba"]}}
[2025-04-12T20:36:54.148Z] RACE INFO GiftedTuba finished lap 21 with a time of 60.949
[2025-04-12T20:36:55.447Z] RC VERBOSE 2 {"timestamp":1744490215445,"checkpoint_crosses":{"0":["Tomycero74"]}}
[2025-04-12T20:36:55.448Z] RACE INFO Tomycero74 finished lap 19 with a time of 72.998
[2025-04-12T20:36:55.547Z] RC VERBOSE 2 {"timestamp":1744490215545,"checkpoint_crosses":{"0":["_AmazingAstro"]}}
[2025-04-12T20:36:55.547Z] RACE INFO _AmazingAstro finished lap 22 with a time of 58.849
[2025-04-12T20:36:56.447Z] RC VERBOSE 2 {"timestamp":1744490216446,"checkpoint_crosses":{"1":["Aspiry"]}}
[2025-04-12T20:36:57.997Z] RC VERBOSE 2 {"timestamp":1744490217996,"checkpoint_crosses":{"1":["GiftedTuba"]}}
[2025-04-12T20:36:59.346Z] RC VERBOSE 2 {"timestamp":1744490219344,"checkpoint_crosses":{"1":["_AmazingAstro"]}}
[2025-04-12T20:36:59.648Z] RC VERBOSE 2 {"timestamp":1744490219647,"checkpoint_crosses":{"1":["Tomycero74"]}}
[2025-04-12T20:37:00.347Z] RC VERBOSE 2 {"timestamp":1744490220345,"checkpoint_crosses":{"2":["Terraformer9"]}}
[2025-04-12T20:37:00.397Z] RC VERBOSE 2 {"timestamp":1744490220395,"checkpoint_crosses":{"0":["aChaoticGod"]}}
[2025-04-12T20:37:00.397Z] RACE INFO aChaoticGod finished lap 22 with a time of 56.699
[2025-04-12T20:37:00.746Z] RC VERBOSE 2 {"timestamp":1744490220744,"checkpoint_crosses":{"2":["TheAlphaGamer787"]}}
[2025-04-12T20:37:01.997Z] RC VERBOSE 2 {"timestamp":1744490221995,"checkpoint_crosses":{"2":["Samuelle1411"]}}
[2025-04-12T20:37:03.998Z] RC VERBOSE 2 {"timestamp":1744490223997,"checkpoint_crosses":{"2":["Niszara"]}}
[2025-04-12T20:37:04.146Z] RC VERBOSE 2 {"timestamp":1744490224144,"checkpoint_crosses":{"1":["aChaoticGod"]}}
[2025-04-12T20:37:04.998Z] RC VERBOSE 2 {"timestamp":1744490224998,"checkpoint_crosses":{"0":["T1AL_"]}}
[2025-04-12T20:37:04.999Z] RACE INFO T1AL_ finished lap 22 with a time of 61.502
[2025-04-12T20:37:07.046Z] RC VERBOSE 2 {"timestamp":1744490227045,"checkpoint_crosses":{"0":["MarsCitadel"]}}
[2025-04-12T20:37:07.047Z] RACE INFO MarsCitadel finished lap 23 with a time of 55.148
[2025-04-12T20:37:07.397Z] RC VERBOSE 2 {"timestamp":1744490227396,"checkpoint_crosses":{"0":["Loganbestone"]}}
[2025-04-12T20:37:07.398Z] RACE INFO Loganbestone finished lap 21 with a time of 66.099
[2025-04-12T20:37:08.546Z] RC VERBOSE 2 {"timestamp":1744490228545,"checkpoint_crosses":{"2":["duxq"]}}
[2025-04-12T20:37:08.847Z] RC VERBOSE 2 {"timestamp":1744490228845,"checkpoint_crosses":{"0":["ikonos33"],"1":["T1AL_"]}}
[2025-04-12T20:37:08.848Z] RACE INFO ikonos33 finished lap 23 with a time of 54.898
[2025-04-12T20:37:10.698Z] RC VERBOSE 2 {"timestamp":1744490230696,"checkpoint_crosses":{"0":["biloblue"]}}
[2025-04-12T20:37:10.699Z] RACE INFO biloblue finished lap 22 with a time of 55.249
[2025-04-12T20:37:10.898Z] RC VERBOSE 2 {"timestamp":1744490230897,"checkpoint_crosses":{"1":["MarsCitadel"]}}
[2025-04-12T20:37:12.197Z] RC VERBOSE 2 {"timestamp":1744490232196,"checkpoint_crosses":{"1":["Loganbestone"]}}
[2025-04-12T20:37:14.397Z] RC VERBOSE 2 {"timestamp":1744490234397,"checkpoint_crosses":{"1":["ikonos33"]}}
[2025-04-12T20:37:14.797Z] RC VERBOSE 2 {"timestamp":1744490234796,"checkpoint_crosses":{"1":["biloblue"]}}
[2025-04-12T20:37:16.697Z] RC VERBOSE 2 {"timestamp":1744490236696,"checkpoint_crosses":{"2":["SubayAdamm"]}}
[2025-04-12T20:37:19.196Z] RC VERBOSE 2 {"timestamp":1744490239195,"checkpoint_crosses":{"0":["DJBLOCKM0NSTER"]}}
[2025-04-12T20:37:19.197Z] RACE INFO DJBLOCKM0NSTER finished lap 21 with a time of 60.5
[2025-04-12T20:37:20.598Z] RC VERBOSE 2 {"timestamp":1744490240597,"checkpoint_crosses":{"0":["Miesneus"]}}
[2025-04-12T20:37:20.598Z] RACE INFO Miesneus finished lap 23 with a time of 57.902
[2025-04-12T20:37:23.046Z] RC VERBOSE 2 {"timestamp":1744490243045,"checkpoint_crosses":{"1":["DJBLOCKM0NSTER"]}}
[2025-04-12T20:37:23.097Z] RC VERBOSE 2 {"timestamp":1744490243096,"checkpoint_crosses":{"2":["Aspiry"]}}
[2025-04-12T20:37:23.747Z] RC VERBOSE 2 {"timestamp":1744490243745,"checkpoint_crosses":{"0":["Alger1no"]}}
[2025-04-12T20:37:23.748Z] RACE INFO Alger1no finished lap 22 with a time of 62.2
[2025-04-12T20:37:24.197Z] RC VERBOSE 2 {"timestamp":1744490244196,"checkpoint_crosses":{"2":["GiftedTuba"]}}
[2025-04-12T20:37:24.248Z] RC VERBOSE 2 {"timestamp":1744490244247,"checkpoint_crosses":{"2":["_AmazingAstro"]}}
[2025-04-12T20:37:24.497Z] RC VERBOSE 2 {"timestamp":1744490244495,"checkpoint_crosses":{"1":["Miesneus"]}}
[2025-04-12T20:37:27.098Z] RC VERBOSE 2 {"timestamp":1744490247096,"checkpoint_crosses":{"0":["Terraformer9"]}}
[2025-04-12T20:37:27.099Z] RACE INFO Terraformer9 finished lap 23 with a time of 58.55
[2025-04-12T20:37:27.746Z] RC VERBOSE 2 {"timestamp":1744490247746,"checkpoint_crosses":{"1":["Alger1no"]}}
[2025-04-12T20:37:29.946Z] RC VERBOSE 2 {"timestamp":1744490249944,"checkpoint_crosses":{"2":["Tomycero74"]}}
[2025-04-12T20:37:30.698Z] RC VERBOSE 2 {"timestamp":1744490250697,"checkpoint_crosses":{"0":["Samuelle1411"]}}
[2025-04-12T20:37:30.699Z] RACE INFO Samuelle1411 finished lap 23 with a time of 60.651
[2025-04-12T20:37:30.748Z] RC VERBOSE 2 {"timestamp":1744490250747,"checkpoint_crosses":{"0":["TheAlphaGamer787"]}}
[2025-04-12T20:37:30.749Z] RACE INFO TheAlphaGamer787 finished lap 22 with a time of 65.601
[2025-04-12T20:37:30.947Z] RC VERBOSE 2 {"timestamp":1744490250946,"checkpoint_crosses":{"1":["Terraformer9"]}}
[2025-04-12T20:37:32.146Z] RC VERBOSE 2 {"timestamp":1744490252145,"checkpoint_crosses":{"2":["aChaoticGod"]}}
[2025-04-12T20:37:33.448Z] RC VERBOSE 2 {"timestamp":1744490253446,"checkpoint_crosses":{"0":["Niszara"]}}
[2025-04-12T20:37:33.449Z] RACE INFO Niszara finished lap 22 with a time of 59.65
[2025-04-12T20:37:33.697Z] RC VERBOSE 2 {"timestamp":1744490253696,"checkpoint_crosses":{"2":["T1AL_"]}}
[2025-04-12T20:37:34.397Z] RC VERBOSE 2 {"timestamp":1744490254395,"checkpoint_crosses":{"1":["Samuelle1411"]}}
[2025-04-12T20:37:34.547Z] RC VERBOSE 2 {"timestamp":1744490254545,"checkpoint_crosses":{"1":["TheAlphaGamer787"]}}
[2025-04-12T20:37:35.274Z] RC VERBOSE 2 {"timestamp":1744490255246,"checkpoint_crosses":{"0":["duxq"]}}
[2025-04-12T20:37:35.275Z] RACE INFO duxq finished lap 23 with a time of 55.251
[2025-04-12T20:37:37.448Z] RC VERBOSE 2 {"timestamp":1744490257447,"checkpoint_crosses":{"1":["Niszara"]}}
[2025-04-12T20:37:37.647Z] RC VERBOSE 2 {"timestamp":1744490257645,"checkpoint_crosses":{"2":["MarsCitadel"]}}
[2025-04-12T20:37:38.446Z] RC VERBOSE 2 {"timestamp":1744490258445,"checkpoint_crosses":{"2":["Loganbestone"]}}
[2025-04-12T20:37:39.097Z] RC VERBOSE 2 {"timestamp":1744490259095,"checkpoint_crosses":{"1":["duxq"]}}
[2025-04-12T20:37:39.748Z] RC VERBOSE 2 {"timestamp":1744490259747,"checkpoint_crosses":{"2":["ikonos33"]}}
[2025-04-12T20:37:42.046Z] RC VERBOSE 2 {"timestamp":1744490262045,"checkpoint_crosses":{"2":["biloblue"]}}
[2025-04-12T20:37:46.448Z] RC VERBOSE 2 {"timestamp":1744490266447,"checkpoint_crosses":{"0":["SubayAdamm"]}}
[2025-04-12T20:37:46.449Z] RACE INFO SubayAdamm finished lap 22 with a time of 61.151
[2025-04-12T20:37:48.646Z] RC VERBOSE 2 {"timestamp":1744490268645,"checkpoint_crosses":{"2":["Miesneus"]}}
[2025-04-12T20:37:50.099Z] RC VERBOSE 2 {"timestamp":1744490270097,"checkpoint_crosses":{"0":["Aspiry"]}}
[2025-04-12T20:37:50.100Z] RACE INFO Aspiry finished lap 24 with a time of 57.5
[2025-04-12T20:37:50.346Z] RC VERBOSE 2 {"timestamp":1744490270345,"checkpoint_crosses":{"1":["SubayAdamm"]}}
[2025-04-12T20:37:50.548Z] RC VERBOSE 2 {"timestamp":1744490270547,"checkpoint_crosses":{"2":["DJBLOCKM0NSTER"]}}
[2025-04-12T20:37:52.249Z] RC VERBOSE 2 {"timestamp":1744490272248,"checkpoint_crosses":{"0":["_AmazingAstro"]}}
[2025-04-12T20:37:52.249Z] RACE INFO _AmazingAstro finished lap 23 with a time of 56.703
[2025-04-12T20:37:52.998Z] RC VERBOSE 2 {"timestamp":1744490272996,"checkpoint_crosses":{"0":["GiftedTuba"]}}
[2025-04-12T20:37:52.999Z] RACE INFO GiftedTuba finished lap 22 with a time of 58.851
[2025-04-12T20:37:53.699Z] RC VERBOSE 2 {"timestamp":1744490273697,"checkpoint_crosses":{"2":["Terraformer9"]}}
[2025-04-12T20:37:53.747Z] RC VERBOSE 2 {"timestamp":1744490273746,"checkpoint_crosses":{"2":["Alger1no"]}}
[2025-04-12T20:37:56.266Z] RC VERBOSE 2 {"timestamp":1744490276244,"checkpoint_crosses":{"1":["_AmazingAstro"]}}
[2025-04-12T20:37:56.598Z] RC VERBOSE 2 {"timestamp":1744490276597,"checkpoint_crosses":{"1":["GiftedTuba"]}}
[2025-04-12T20:37:59.799Z] RC VERBOSE 2 {"timestamp":1744490279797,"checkpoint_crosses":{"0":["aChaoticGod"]}}
[2025-04-12T20:37:59.800Z] RACE INFO aChaoticGod finished lap 23 with a time of 59.402
[2025-04-12T20:38:01.246Z] RC VERBOSE 2 {"timestamp":1744490281245,"checkpoint_crosses":{"2":["Samuelle1411"]}}
[2025-04-12T20:38:02.797Z] RC VERBOSE 2 {"timestamp":1744490282795,"checkpoint_crosses":{"2":["TheAlphaGamer787"]}}
[2025-04-12T20:38:03.498Z] RC VERBOSE 2 {"timestamp":1744490283497,"checkpoint_crosses":{"0":["Tomycero74"]}}
[2025-04-12T20:38:03.499Z] RACE INFO Tomycero74 finished lap 20 with a time of 68.052
[2025-04-12T20:38:03.797Z] RC VERBOSE 2 {"timestamp":1744490283795,"checkpoint_crosses":{"1":["aChaoticGod"]}}
[2025-04-12T20:38:04.448Z] RC VERBOSE 2 {"timestamp":1744490284447,"checkpoint_crosses":{"0":["T1AL_"]}}
[2025-04-12T20:38:04.448Z] RACE INFO T1AL_ finished lap 23 with a time of 59.449
[2025-04-12T20:38:04.898Z] RC VERBOSE 2 {"timestamp":1744490284897,"checkpoint_crosses":{"2":["duxq"]}}
[2025-04-12T20:38:06.298Z] RC VERBOSE 2 {"timestamp":1744490286296,"checkpoint_crosses":{"0":["MarsCitadel"]}}
[2025-04-12T20:38:06.298Z] RACE INFO MarsCitadel finished lap 24 with a time of 59.251
[2025-04-12T20:38:07.448Z] RC VERBOSE 2 {"timestamp":1744490287447,"checkpoint_crosses":{"0":["Loganbestone"],"2":["Niszara"]}}
[2025-04-12T20:38:07.449Z] RACE INFO Loganbestone finished lap 22 with a time of 60.051
[2025-04-12T20:38:08.147Z] RC VERBOSE 2 {"timestamp":1744490288146,"checkpoint_crosses":{"1":["Tomycero74"]}}
[2025-04-12T20:38:08.347Z] RC VERBOSE 2 {"timestamp":1744490288347,"checkpoint_crosses":{"1":["T1AL_"]}}
[2025-04-12T20:38:08.698Z] RC VERBOSE 2 {"timestamp":1744490288696,"checkpoint_crosses":{"0":["ikonos33"]}}
[2025-04-12T20:38:08.699Z] RACE INFO ikonos33 finished lap 24 with a time of 59.851
[2025-04-12T20:38:10.048Z] RC VERBOSE 2 {"timestamp":1744490290046,"checkpoint_crosses":{"0":["biloblue"]}}
[2025-04-12T20:38:10.049Z] RACE INFO biloblue finished lap 23 with a time of 59.35
[2025-04-12T20:38:12.948Z] RC VERBOSE 2 {"timestamp":1744490292947,"checkpoint_crosses":{"1":["Loganbestone"]}}
[2025-04-12T20:38:14.396Z] RC VERBOSE 2 {"timestamp":1744490294396,"checkpoint_crosses":{"1":["biloblue"]}}
[2025-04-12T20:38:16.047Z] RC VERBOSE 2 {"timestamp":1744490296045,"checkpoint_crosses":{"2":["SubayAdamm"]}}
[2025-04-12T20:38:16.297Z] RC VERBOSE 2 {"timestamp":1744490296296,"checkpoint_crosses":{"0":["Miesneus"]}}
[2025-04-12T20:38:16.297Z] RACE INFO Miesneus finished lap 24 with a time of 55.699
[2025-04-12T20:38:20.296Z] RC VERBOSE 2 {"timestamp":1744490300295,"checkpoint_crosses":{"0":["DJBLOCKM0NSTER"]}}
[2025-04-12T20:38:20.297Z] RACE INFO DJBLOCKM0NSTER finished lap 22 with a time of 61.1
[2025-04-12T20:38:21.596Z] RC VERBOSE 2 {"timestamp":1744490301595,"checkpoint_crosses":{"2":["_AmazingAstro"]}}
[2025-04-12T20:38:22.901Z] RC VERBOSE 2 {"timestamp":1744490302895,"checkpoint_crosses":{"0":["Terraformer9"]}}
[2025-04-12T20:38:22.976Z] RACE INFO Terraformer9 finished lap 24 with a time of 55.799
[2025-04-12T20:38:22.998Z] RC VERBOSE 2 {"timestamp":1744490302997,"checkpoint_crosses":{"2":["GiftedTuba"]}}
[2025-04-12T20:38:24.797Z] RC VERBOSE 2 {"timestamp":1744490304795,"checkpoint_crosses":{"0":["Alger1no"]}}
[2025-04-12T20:38:24.798Z] RACE INFO Alger1no finished lap 23 with a time of 61.05
[2025-04-12T20:38:27.098Z] RC VERBOSE 2 {"timestamp":1744490307096,"checkpoint_crosses":{"1":["DJBLOCKM0NSTER"]}}
[2025-04-12T20:38:28.996Z] RC VERBOSE 2 {"timestamp":1744490308995,"checkpoint_crosses":{"1":["Alger1no"]}}
[2025-04-12T20:38:30.546Z] RC VERBOSE 2 {"timestamp":1744490310545,"checkpoint_crosses":{"0":["Samuelle1411"]}}
[2025-04-12T20:38:30.547Z] RACE INFO Samuelle1411 finished lap 24 with a time of 59.848
[2025-04-12T20:38:31.899Z] RC VERBOSE 2 {"timestamp":1744490311897,"checkpoint_crosses":{"0":["duxq"]}}
[2025-04-12T20:38:31.900Z] RACE INFO duxq finished lap 24 with a time of 56.651
[2025-04-12T20:38:32.196Z] RC VERBOSE 2 {"timestamp":1744490312195,"checkpoint_crosses":{"2":["T1AL_"]}}
[2025-04-12T20:38:32.448Z] RC VERBOSE 2 {"timestamp":1744490312447,"checkpoint_crosses":{"2":["aChaoticGod"]}}
[2025-04-12T20:38:33.646Z] RC VERBOSE 2 {"timestamp":1744490313645,"checkpoint_crosses":{"0":["TheAlphaGamer787"]}}
[2025-04-12T20:38:33.647Z] RACE INFO TheAlphaGamer787 finished lap 23 with a time of 62.898
[2025-04-12T20:38:36.046Z] RC VERBOSE 2 {"timestamp":1744490316045,"checkpoint_crosses":{"0":["Niszara"]}}
[2025-04-12T20:38:36.047Z] RACE INFO Niszara finished lap 23 with a time of 62.599
[2025-04-12T20:38:37.496Z] RC VERBOSE 2 {"timestamp":1744490317495,"checkpoint_crosses":{"1":["TheAlphaGamer787"]}}
[2025-04-12T20:38:37.947Z] RC VERBOSE 2 {"timestamp":1744490317945,"checkpoint_crosses":{"2":["Tomycero74"]}}
[2025-04-12T20:38:40.447Z] RC VERBOSE 2 {"timestamp":1744490320446,"checkpoint_crosses":{"2":["biloblue"]}}
[2025-04-12T20:38:40.548Z] RC VERBOSE 2 {"timestamp":1744490320547,"checkpoint_crosses":{"1":["Niszara"]}}
[2025-04-12T20:38:40.597Z] RC VERBOSE 2 {"timestamp":1744490320596,"checkpoint_crosses":{"2":["Loganbestone"]}}
[2025-04-12T20:38:44.498Z] RC VERBOSE 2 {"timestamp":1744490324496,"checkpoint_crosses":{"0":["SubayAdamm"]}}
[2025-04-12T20:38:44.500Z] RACE INFO SubayAdamm finished lap 23 with a time of 58.049
[2025-04-12T20:38:48.698Z] RC VERBOSE 2 {"timestamp":1744490328697,"checkpoint_crosses":{"1":["SubayAdamm"]}}
[2025-04-12T20:38:51.497Z] RC VERBOSE 2 {"timestamp":1744490331496,"checkpoint_crosses":{"0":["_AmazingAstro"]}}
[2025-04-12T20:38:51.498Z] RACE INFO _AmazingAstro finished lap 24 with a time of 59.248
[2025-04-12T20:38:52.746Z] RC VERBOSE 2 {"timestamp":1744490332744,"checkpoint_crosses":{"2":["DJBLOCKM0NSTER"]}}
[2025-04-12T20:38:53.698Z] RC VERBOSE 2 {"timestamp":1744490333696,"checkpoint_crosses":{"0":["GiftedTuba"]}}
[2025-04-12T20:38:53.699Z] RACE INFO GiftedTuba finished lap 23 with a time of 60.7
[2025-04-12T20:38:55.916Z] RC VERBOSE 2 {"timestamp":1744490335895,"checkpoint_crosses":{"2":["Alger1no"]}}
[2025-04-12T20:38:57.746Z] RC VERBOSE 2 {"timestamp":1744490337745,"checkpoint_crosses":{"1":["GiftedTuba"]}}
[2025-04-12T20:39:01.948Z] RC VERBOSE 2 {"timestamp":1744490341947,"checkpoint_crosses":{"0":["T1AL_"]}}
[2025-04-12T20:39:01.949Z] RACE INFO T1AL_ finished lap 24 with a time of 57.5
[2025-04-12T20:39:02.346Z] RC VERBOSE 2 {"timestamp":1744490342345,"checkpoint_crosses":{"0":["aChaoticGod"]}}
[2025-04-12T20:39:02.347Z] RACE INFO aChaoticGod finished lap 24 with a time of 62.548
[2025-04-12T20:39:04.096Z] RC VERBOSE 2 {"timestamp":1744490344094,"checkpoint_crosses":{"2":["TheAlphaGamer787"]}}
[2025-04-12T20:39:05.748Z] RC VERBOSE 2 {"timestamp":1744490345747,"checkpoint_crosses":{"2":["Niszara"]}}
[2025-04-12T20:39:08.898Z] RC VERBOSE 2 {"timestamp":1744490348897,"checkpoint_crosses":{"0":["Loganbestone"]}}
[2025-04-12T20:39:08.899Z] RACE INFO Loganbestone finished lap 23 with a time of 61.45
[2025-04-12T20:39:12.948Z] RC VERBOSE 2 {"timestamp":1744490352947,"checkpoint_crosses":{"0":["biloblue"]}}
[2025-04-12T20:39:12.949Z] RACE INFO biloblue finished lap 24 with a time of 62.901
[2025-04-12T20:39:12.997Z] RC VERBOSE 2 {"timestamp":1744490352995,"checkpoint_crosses":{"1":["Loganbestone"]}}
[2025-04-12T20:39:14.448Z] RC VERBOSE 2 {"timestamp":1744490354446,"checkpoint_crosses":{"2":["SubayAdamm"]}}
[2025-04-12T20:39:14.846Z] RC VERBOSE 2 {"timestamp":1744490354845,"checkpoint_crosses":{"0":["Tomycero74"]}}
[2025-04-12T20:39:14.847Z] RACE INFO Tomycero74 finished lap 21 with a time of 71.348
[2025-04-12T20:39:20.147Z] RC VERBOSE 2 {"timestamp":1744490360145,"checkpoint_crosses":{"1":["Tomycero74"]}}
[2025-04-12T20:39:21.099Z] RC VERBOSE 2 {"timestamp":1744490361098,"checkpoint_crosses":{"0":["DJBLOCKM0NSTER"]}}
[2025-04-12T20:39:21.100Z] RACE INFO DJBLOCKM0NSTER finished lap 23 with a time of 60.803
[2025-04-12T20:39:22.698Z] RC VERBOSE 2 {"timestamp":1744490362696,"checkpoint_crosses":{"2":["GiftedTuba"]}}
[2025-04-12T20:39:25.498Z] RC VERBOSE 2 {"timestamp":1744490365497,"checkpoint_crosses":{"1":["DJBLOCKM0NSTER"]}}
[2025-04-12T20:39:26.147Z] RC VERBOSE 2 {"timestamp":1744490366145,"checkpoint_crosses":{"0":["Alger1no"]}}
[2025-04-12T20:39:26.148Z] RACE INFO Alger1no finished lap 24 with a time of 61.35
[2025-04-12T20:39:34.147Z] RC VERBOSE 2 {"timestamp":1744490374146,"checkpoint_crosses":{"0":["TheAlphaGamer787"]}}
[2025-04-12T20:39:34.148Z] RACE INFO TheAlphaGamer787 finished lap 24 with a time of 60.501
[2025-04-12T20:39:35.547Z] RC VERBOSE 2 {"timestamp":1744490375546,"checkpoint_crosses":{"0":["Niszara"]}}
[2025-04-12T20:39:35.548Z] RACE INFO Niszara finished lap 24 with a time of 59.501
[2025-04-12T20:39:38.647Z] RC VERBOSE 2 {"timestamp":1744490378646,"checkpoint_crosses":{"2":["Loganbestone"]}}
[2025-04-12T20:39:44.647Z] RC VERBOSE 2 {"timestamp":1744490384647,"checkpoint_crosses":{"0":["SubayAdamm"]}}
[2025-04-12T20:39:44.648Z] RACE INFO SubayAdamm finished lap 24 with a time of 60.151
[2025-04-12T20:39:50.798Z] RC VERBOSE 2 {"timestamp":1744490390796,"checkpoint_crosses":{"0":["GiftedTuba"]}}
[2025-04-12T20:39:50.798Z] RACE INFO GiftedTuba finished lap 24 with a time of 57.1
[2025-04-12T20:39:54.846Z] RC VERBOSE 2 {"timestamp":1744490394846,"checkpoint_crosses":{"2":["DJBLOCKM0NSTER"]}}
[2025-04-12T20:39:55.248Z] RC VERBOSE 2 {"timestamp":1744490395246,"checkpoint_crosses":{"2":["Tomycero74"]}}
[2025-04-12T20:40:03.996Z] RC VERBOSE 2 {"timestamp":1744490403995,"checkpoint_crosses":{"1":["TheAlphaGamer787"]}}
[2025-04-12T20:40:07.048Z] RC VERBOSE 2 {"timestamp":1744490407047,"checkpoint_crosses":{"0":["Loganbestone"]}}
[2025-04-12T20:40:07.048Z] RACE INFO Loganbestone finished lap 24 with a time of 58.15
[2025-04-12T20:40:24.447Z] RC VERBOSE 2 {"timestamp":1744490424445,"checkpoint_crosses":{"0":["DJBLOCKM0NSTER"]}}
[2025-04-12T20:40:24.447Z] RACE INFO DJBLOCKM0NSTER finished lap 24 with a time of 63.347
[2025-04-12T20:40:27.397Z] RC VERBOSE 2 {"timestamp":1744490427396,"checkpoint_crosses":{"0":["Tomycero74"]}}
[2025-04-12T20:40:27.398Z] RACE INFO Tomycero74 finished lap 22 with a time of 72.551
[2025-04-12T20:40:40.585Z] RC VERBOSE 9 {
  "state": "NONE"
}
