[2025-01-18T20:44:33.251Z] RC VERBOSE 6 {
  "racer_name": "ikonos33",
  "action": "ADD"
}
[2025-01-18T20:44:33.253Z] RC VERBOSE 6 {
  "racer_name": "MarsCitadel",
  "action": "ADD"
}
[2025-01-18T20:44:33.253Z] RC VERBOSE 6 {
  "racer_name": "Samuelle1411",
  "action": "ADD"
}
[2025-01-18T20:44:33.253Z] RC VERBOSE 6 {
  "racer_name": "chocolatemine7",
  "action": "ADD"
}
[2025-01-18T20:44:33.253Z] RC VERBOSE 6 {
  "racer_name": "Miesneus",
  "action": "ADD"
}
[2025-01-18T20:44:33.253Z] RC VERBOSE 6 {
  "racer_name": "_AmazingAstro",
  "action": "ADD"
}
[2025-01-18T20:44:33.253Z] RC VERBOSE 6 {
  "racer_name": "SaishoVibes",
  "action": "ADD"
}
[2025-01-18T20:44:33.253Z] RC VERBOSE 6 {
  "racer_name": "Terraformer9",
  "action": "ADD"
}
[2025-01-18T20:44:33.253Z] RC VERBOSE 6 {
  "racer_name": "Malji",
  "action": "ADD"
}
[2025-01-18T20:44:33.254Z] RC VERBOSE 6 {
  "racer_name": "HanameYt",
  "action": "ADD"
}
[2025-01-18T20:44:33.254Z] RC VERBOSE 6 {
  "racer_name": "T1AL_",
  "action": "ADD"
}
[2025-01-18T20:44:33.254Z] RC VERBOSE 6 {
  "racer_name": "TheAlphaGamer787",
  "action": "ADD"
}
[2025-01-18T20:44:33.254Z] RC VERBOSE 6 {
  "racer_name": "SonOfExcis3",
  "action": "ADD"
}
[2025-01-18T20:44:33.254Z] RC VERBOSE 6 {
  "racer_name": "n0va1x",
  "action": "ADD"
}
[2025-01-18T20:44:33.254Z] RC VERBOSE 6 {
  "racer_name": "Devaliant_",
  "action": "ADD"
}
[2025-01-18T20:44:33.254Z] RC VERBOSE 6 {
  "racer_name": "Saiyuuuu",
  "action": "ADD"
}
[2025-01-18T20:44:33.254Z] RC VERBOSE 6 {
  "racer_name": "duxq",
  "action": "ADD"
}
[2025-01-18T20:44:33.254Z] RC VERBOSE 6 {
  "racer_name": "SubayAdamm",
  "action": "ADD"
}
[2025-01-18T20:44:33.254Z] RC VERBOSE 6 {
  "racer_name": "Iceio_",
  "action": "ADD"
}
[2025-01-18T20:44:33.254Z] RC VERBOSE 6 {
  "racer_name": "CapitaoMorfetico",
  "action": "ADD"
}
[2025-01-18T20:44:33.254Z] RC VERBOSE 6 {
  "racer_name": "KandaWel",
  "action": "ADD"
}
[2025-01-18T20:44:33.254Z] RC VERBOSE 6 {
  "racer_name": "Alger1no",
  "action": "ADD"
}
[2025-01-18T20:54:51.944Z] RC VERBOSE 9 {
  "state": "RACE"
}
[2025-01-18T20:55:46.845Z] RC VERBOSE 9 {
  "state": "RACE"
}
[2025-01-18T20:55:52.220Z] RC VERBOSE 2 {"timestamp":1737233752212,"checkpoint_crosses":{"0":["ikonos33"]}}
[2025-01-18T20:55:52.321Z] RC VERBOSE 2 {"timestamp":1737233752315,"checkpoint_crosses":{"0":["MarsCitadel"]}}
[2025-01-18T20:55:53.267Z] RC VERBOSE 2 {"timestamp":1737233753259,"checkpoint_crosses":{"0":["Samuelle1411"]}}
[2025-01-18T20:55:53.418Z] RC VERBOSE 2 {"timestamp":1737233753411,"checkpoint_crosses":{"0":["chocolatemine7"]}}
[2025-01-18T20:55:53.820Z] RC VERBOSE 2 {"timestamp":1737233753812,"checkpoint_crosses":{"0":["Miesneus"]}}
[2025-01-18T20:55:53.921Z] RC VERBOSE 2 {"timestamp":1737233753913,"checkpoint_crosses":{"0":["_AmazingAstro"]}}
[2025-01-18T20:55:54.319Z] RC VERBOSE 2 {"timestamp":1737233754309,"checkpoint_crosses":{"0":["SaishoVibes"]}}
[2025-01-18T20:55:54.972Z] RC VERBOSE 2 {"timestamp":1737233754965,"checkpoint_crosses":{"0":["Terraformer9"]}}
[2025-01-18T20:55:55.374Z] RC VERBOSE 2 {"timestamp":1737233755366,"checkpoint_crosses":{"0":["Malji"]}}
[2025-01-18T20:55:55.523Z] RC VERBOSE 2 {"timestamp":1737233755516,"checkpoint_crosses":{"0":["HanameYt"]}}
[2025-01-18T20:55:56.170Z] RC VERBOSE 2 {"timestamp":1737233756163,"checkpoint_crosses":{"0":["n0va1x"]}}
[2025-01-18T20:55:56.320Z] RC VERBOSE 2 {"timestamp":1737233756313,"checkpoint_crosses":{"0":["TheAlphaGamer787"]}}
[2025-01-18T20:55:56.468Z] RC VERBOSE 2 {"timestamp":1737233756461,"checkpoint_crosses":{"0":["T1AL_"]}}
[2025-01-18T20:55:56.570Z] RC VERBOSE 2 {"timestamp":1737233756563,"checkpoint_crosses":{"0":["Devaliant_"]}}
[2025-01-18T20:55:57.473Z] RC VERBOSE 2 {"timestamp":1737233757466,"checkpoint_crosses":{"0":["Saiyuuuu"]}}
[2025-01-18T20:55:57.819Z] RC VERBOSE 2 {"timestamp":1737233757812,"checkpoint_crosses":{"0":["duxq"]}}
[2025-01-18T20:55:58.166Z] RC VERBOSE 2 {"timestamp":1737233758159,"checkpoint_crosses":{"0":["Iceio_"]}}
[2025-01-18T20:55:58.367Z] RC VERBOSE 2 {"timestamp":1737233758361,"checkpoint_crosses":{"0":["CapitaoMorfetico"]}}
[2025-01-18T20:55:59.175Z] RC VERBOSE 2 {"timestamp":1737233759168,"checkpoint_crosses":{"0":["SubayAdamm"]}}
[2025-01-18T20:56:00.169Z] RC VERBOSE 2 {"timestamp":1737233760162,"checkpoint_crosses":{"0":["KandaWel"]}}
[2025-01-18T20:56:00.921Z] RC VERBOSE 2 {"timestamp":1737233760914,"checkpoint_crosses":{"0":["Alger1no"]}}
[2025-01-18T20:56:04.427Z] RC VERBOSE 2 {"timestamp":1737233763754,"checkpoint_crosses":{"1":["MarsCitadel"]}}
[2025-01-18T20:56:06.178Z] RC VERBOSE 2 {"timestamp":1737233765505,"checkpoint_crosses":{"1":["chocolatemine7"]}}
[2025-01-18T20:56:06.527Z] RC VERBOSE 2 {"timestamp":1737233765854,"checkpoint_crosses":{"1":["Samuelle1411"]}}
[2025-01-18T20:56:07.978Z] RC VERBOSE 2 {"timestamp":1737233767304,"checkpoint_crosses":{"1":["Miesneus"]}}
[2025-01-18T20:56:09.028Z] RC VERBOSE 2 {"timestamp":1737233768354,"checkpoint_crosses":{"1":["_AmazingAstro"]}}
[2025-01-18T20:56:10.477Z] RC VERBOSE 2 {"timestamp":1737233769804,"checkpoint_crosses":{"1":["ikonos33"]}}
[2025-01-18T20:56:11.078Z] RC VERBOSE 2 {"timestamp":1737233770405,"checkpoint_crosses":{"2":["MarsCitadel"]}}
[2025-01-18T20:56:12.029Z] RC VERBOSE 2 {"timestamp":1737233771354,"checkpoint_crosses":{"1":["duxq"]}}
[2025-01-18T20:56:12.378Z] RC VERBOSE 2 {"timestamp":1737233771704,"checkpoint_crosses":{"1":["Devaliant_"]}}
[2025-01-18T20:56:13.128Z] RC VERBOSE 2 {"timestamp":1737233772455,"checkpoint_crosses":{"2":["chocolatemine7"]}}
[2025-01-18T20:56:14.483Z] RC VERBOSE 2 {"timestamp":1737233773805,"checkpoint_crosses":{"2":["Miesneus"]}}
[2025-01-18T20:56:14.628Z] RC VERBOSE 2 {"timestamp":1737233773955,"checkpoint_crosses":{"1":["CapitaoMorfetico"]}}
[2025-01-18T20:56:14.828Z] RC VERBOSE 2 {"timestamp":1737233774155,"checkpoint_crosses":{"1":["n0va1x"]}}
[2025-01-18T20:56:15.278Z] RC VERBOSE 2 {"timestamp":1737233774605,"checkpoint_crosses":{"1":["SubayAdamm"]}}
[2025-01-18T20:56:15.728Z] RC VERBOSE 2 {"timestamp":1737233775055,"checkpoint_crosses":{"2":["_AmazingAstro"]}}
[2025-01-18T20:56:15.881Z] RC VERBOSE 2 {"timestamp":1737233775205,"checkpoint_crosses":{"1":["Terraformer9"]}}
[2025-01-18T20:56:16.034Z] RC VERBOSE 2 {"timestamp":1737233775355,"checkpoint_crosses":{"1":["HanameYt"]}}
[2025-01-18T20:56:16.284Z] RC VERBOSE 2 {"timestamp":1737233775605,"checkpoint_crosses":{"2":["Samuelle1411"]}}
[2025-01-18T20:56:16.928Z] RC VERBOSE 2 {"timestamp":1737233776255,"checkpoint_crosses":{"1":["SaishoVibes"]}}
[2025-01-18T20:56:17.178Z] RC VERBOSE 2 {"timestamp":1737233776505,"checkpoint_crosses":{"1":["Malji"]}}
[2025-01-18T20:56:17.828Z] RC VERBOSE 2 {"timestamp":1737233777155,"checkpoint_crosses":{"2":["ikonos33"]}}
[2025-01-18T20:56:17.928Z] RC VERBOSE 2 {"timestamp":1737233777256,"checkpoint_crosses":{"1":["T1AL_"]}}
[2025-01-18T20:56:18.733Z] RC VERBOSE 2 {"timestamp":1737233778060,"checkpoint_crosses":{"2":["Devaliant_"]}}
[2025-01-18T20:56:19.329Z] RC VERBOSE 2 {"timestamp":1737233778655,"checkpoint_crosses":{"1":["KandaWel"]}}
[2025-01-18T20:56:19.578Z] RC VERBOSE 2 {"timestamp":1737233778905,"checkpoint_crosses":{"1":["TheAlphaGamer787"]}}
[2025-01-18T20:56:20.128Z] RC VERBOSE 2 {"timestamp":1737233779456,"checkpoint_crosses":{"1":["Saiyuuuu"]}}
[2025-01-18T20:56:20.528Z] RC VERBOSE 2 {"timestamp":1737233779855,"checkpoint_crosses":{"2":["duxq"]}}
[2025-01-18T20:56:20.928Z] RC VERBOSE 2 {"timestamp":1737233780256,"checkpoint_crosses":{"1":["Alger1no"]}}
[2025-01-18T20:56:21.078Z] RC VERBOSE 2 {"timestamp":1737233780406,"checkpoint_crosses":{"2":["n0va1x"]}}
[2025-01-18T20:56:22.579Z] RC VERBOSE 2 {"timestamp":1737233781906,"checkpoint_crosses":{"2":["Terraformer9"]}}
[2025-01-18T20:56:22.829Z] RC VERBOSE 2 {"timestamp":1737233782156,"checkpoint_crosses":{"2":["CapitaoMorfetico"]}}
[2025-01-18T20:56:23.729Z] RC VERBOSE 2 {"timestamp":1737233783056,"checkpoint_crosses":{"1":["Iceio_"]}}
[2025-01-18T20:56:23.879Z] RC VERBOSE 2 {"timestamp":1737233783206,"checkpoint_crosses":{"2":["SubayAdamm"]}}
[2025-01-18T20:56:24.220Z] RC VERBOSE 2 {"timestamp":1737233784213,"checkpoint_crosses":{"3":["MarsCitadel"]}}
[2025-01-18T20:56:24.970Z] RC VERBOSE 18 {
  "speedTrapResult": {
    "player": "MarsCitadel",
    "enter": {
      "timestamp": 1737233783413,
      "position": [
        -3686.623511123537,
        7.5875,
        8495.283212408993
      ],
      "velocity": [
        0.0,
        0.0,
        0.0
      ],
      "player": "MarsCitadel"
    },
    "exit": {
      "timestamp": 1737233784963,
      "position": [
        -3688.1259652093167,
        7.5875,
        8531.56597928384
      ],
      "velocity": [
        0.0,
        0.0,
        0.0
      ],
      "player": "MarsCitadel"
    }
  }
}
[2025-01-18T20:56:24.971Z] RC VERBOSE {
  speedTrapResult: {
    player: 'MarsCitadel',
    enter: {
      timestamp: 1737233783413,
      position: [Array],
      velocity: [Array],
      player: 'MarsCitadel'
    },
    exit: {
      timestamp: 1737233784963,
      position: [Array],
      velocity: [Array],
      player: 'MarsCitadel'
    }
  }
}
[2025-01-18T20:56:25.729Z] RC VERBOSE 2 {"timestamp":1737233785056,"checkpoint_crosses":{"2":["T1AL_"]}}
[2025-01-18T20:56:25.979Z] RC VERBOSE 2 {"timestamp":1737233785305,"checkpoint_crosses":{"2":["Malji"]}}
[2025-01-18T20:56:26.079Z] RC VERBOSE 2 {"timestamp":1737233785406,"checkpoint_crosses":{"2":["SaishoVibes"]}}
[2025-01-18T20:56:27.020Z] RC VERBOSE 2 {"timestamp":1737233787013,"checkpoint_crosses":{"3":["chocolatemine7"]}}
[2025-01-18T20:56:27.284Z] RC VERBOSE 2 {"timestamp":1737233786610,"checkpoint_crosses":{"2":["KandaWel"]}}
[2025-01-18T20:56:27.722Z] RC VERBOSE 18 {
  "speedTrapResult": {
    "player": "chocolatemine7",
    "enter": {
      "timestamp": 1737233786214,
      "position": [
        -3687.3945583699906,
        7.5875,
        8495.11981784552
      ],
      "velocity": [
        0.0,
        0.0,
        0.0
      ],
      "player": "chocolatemine7"
    },
    "exit": {
      "timestamp": 1737233787715,
      "position": [
        -3687.8031337329035,
        7.5875,
        8531.379449715116
      ],
      "velocity": [
        0.0,
        0.0,
        0.0
      ],
      "player": "chocolatemine7"
    }
  }
}
[2025-01-18T20:56:27.722Z] RC VERBOSE {
  speedTrapResult: {
    player: 'chocolatemine7',
    enter: {
      timestamp: 1737233786214,
      position: [Array],
      velocity: [Array],
      player: 'chocolatemine7'
    },
    exit: {
      timestamp: 1737233787715,
      position: [Array],
      velocity: [Array],
      player: 'chocolatemine7'
    }
  }
}
[2025-01-18T20:56:28.079Z] RC VERBOSE 2 {"timestamp":1737233787406,"checkpoint_crosses":{"2":["Saiyuuuu"]}}
[2025-01-18T20:56:28.271Z] RC VERBOSE 2 {"timestamp":1737233788264,"checkpoint_crosses":{"3":["Miesneus"]}}
[2025-01-18T20:56:29.021Z] RC VERBOSE 18 {
  "speedTrapResult": {
    "player": "Miesneus",
    "enter": {
      "timestamp": 1737233787409,
      "position": [
        -3688.4282911970836,
        7.5875,
        8495.43351304239
      ],
      "velocity": [
        0.0,
        0.0,
        0.0
      ],
      "player": "Miesneus"
    },
    "exit": {
      "timestamp": 1737233789014,
      "position": [
        -3688.553132797256,
        7.5875,
        8531.333494334096
      ],
      "velocity": [
        0.0,
        0.0,
        0.0
      ],
      "player": "Miesneus"
    }
  }
}
[2025-01-18T20:56:29.022Z] RC VERBOSE {
  speedTrapResult: {
    player: 'Miesneus',
    enter: {
      timestamp: 1737233787409,
      position: [Array],
      velocity: [Array],
      player: 'Miesneus'
    },
    exit: {
      timestamp: 1737233789014,
      position: [Array],
      velocity: [Array],
      player: 'Miesneus'
    }
  }
}
[2025-01-18T20:56:29.521Z] RC VERBOSE 2 {"timestamp":1737233789515,"checkpoint_crosses":{"3":["_AmazingAstro"]}}
[2025-01-18T20:56:30.320Z] RC VERBOSE 18 {
  "speedTrapResult": {
    "player": "_AmazingAstro",
    "enter": {
      "timestamp": 1737233788660,
      "position": [
        -3689.711107958916,
        7.5875,
        8495.573376738714
      ],
      "velocity": [
        0.0,
        0.0,
        0.0
      ],
      "player": "_AmazingAstro"
    },
    "exit": {
      "timestamp": 1737233790314,
      "position": [
        -3691.194029783179,
        7.5875,
        8530.520597088846
      ],
      "velocity": [
        0.0,
        0.0,
        0.0
      ],
      "player": "_AmazingAstro"
    }
  }
}
[2025-01-18T20:56:30.320Z] RC VERBOSE {
  speedTrapResult: {
    player: '_AmazingAstro',
    enter: {
      timestamp: 1737233788660,
      position: [Array],
      velocity: [Array],
      player: '_AmazingAstro'
    },
    exit: {
      timestamp: 1737233790314,
      position: [Array],
      velocity: [Array],
      player: '_AmazingAstro'
    }
  }
}
[2025-01-18T20:56:30.429Z] RC VERBOSE 2 {"timestamp":1737233789755,"checkpoint_crosses":{"2":["TheAlphaGamer787"]}}
[2025-01-18T20:56:30.669Z] RC VERBOSE 2 {"timestamp":1737233790661,"checkpoint_crosses":{"3":["Samuelle1411"]}}
[2025-01-18T20:56:30.884Z] RC VERBOSE 2 {"timestamp":1737233790206,"checkpoint_crosses":{"2":["HanameYt"]}}
[2025-01-18T20:56:31.371Z] RC VERBOSE 18 {
  "speedTrapResult": {
    "player": "Samuelle1411",
    "enter": {
      "timestamp": 1737233789862,
      "position": [
        -3686.56404112427,
        7.5875,
        8495.225332253027
      ],
      "velocity": [
        0.0,
        0.0,
        0.0
      ],
      "player": "Samuelle1411"
    },
    "exit": {
      "timestamp": 1737233791365,
      "position": [
        -3689.627968952822,
        7.5875,
        8531.093072240012
      ],
      "velocity": [
        0.0,
        0.0,
        0.0
      ],
      "player": "Samuelle1411"
    }
  }
}
[2025-01-18T20:56:31.372Z] RC VERBOSE {
  speedTrapResult: {
    player: 'Samuelle1411',
    enter: {
      timestamp: 1737233789862,
      position: [Array],
      velocity: [Array],
      player: 'Samuelle1411'
    },
    exit: {
      timestamp: 1737233791365,
      position: [Array],
      velocity: [Array],
      player: 'Samuelle1411'
    }
  }
}
[2025-01-18T20:56:31.372Z] RC VERBOSE 2 {"timestamp":1737233791365,"checkpoint_crosses":{"3":["ikonos33"]}}
[2025-01-18T20:56:31.540Z] RC VERBOSE 2 {"timestamp":1737233790866,"checkpoint_crosses":{"2":["Iceio_"]}}
[2025-01-18T20:56:32.170Z] RC VERBOSE 18 {
  "speedTrapResult": {
    "player": "ikonos33",
    "enter": {
      "timestamp": 1737233790566,
      "position": [
        -3688.8652789328685,
        7.5875,
        8495.742094321553
      ],
      "velocity": [
        0.0,
        0.0,
        0.0
      ],
      "player": "ikonos33"
    },
    "exit": {
      "timestamp": 1737233792163,
      "position": [
        -3693.8114822062234,
        7.5875,
        8530.4727984788
      ],
      "velocity": [
        0.0,
        0.0,
        0.0
      ],
      "player": "ikonos33"
    }
  }
}
[2025-01-18T20:56:32.170Z] RC VERBOSE {
  speedTrapResult: {
    player: 'ikonos33',
    enter: {
      timestamp: 1737233790566,
      position: [Array],
      velocity: [Array],
      player: 'ikonos33'
    },
    exit: {
      timestamp: 1737233792163,
      position: [Array],
      velocity: [Array],
      player: 'ikonos33'
    }
  }
}
[2025-01-18T20:56:32.480Z] RC VERBOSE 2 {"timestamp":1737233791806,"checkpoint_crosses":{"2":["Alger1no"]}}
[2025-01-18T20:56:33.316Z] RC VERBOSE 2 {"timestamp":1737233793309,"checkpoint_crosses":{"3":["Devaliant_"]}}
[2025-01-18T20:56:34.171Z] RC VERBOSE 18 {
  "speedTrapResult": {
    "player": "Devaliant_",
    "enter": {
      "timestamp": 1737233792510,
      "position": [
        -3688.056969552255,
        7.5875,
        8495.412487121226
      ],
      "velocity": [
        0.0,
        0.0,
        0.0
      ],
      "player": "Devaliant_"
    },
    "exit": {
      "timestamp": 1737233794164,
      "position": [
        -3688.926222576342,
        7.5875,
        8530.468605749918
      ],
      "velocity": [
        0.0,
        0.0,
        0.0
      ],
      "player": "Devaliant_"
    }
  }
}
[2025-01-18T20:56:34.171Z] RC VERBOSE {
  speedTrapResult: {
    player: 'Devaliant_',
    enter: {
      timestamp: 1737233792510,
      position: [Array],
      velocity: [Array],
      player: 'Devaliant_'
    },
    exit: {
      timestamp: 1737233794164,
      position: [Array],
      velocity: [Array],
      player: 'Devaliant_'
    }
  }
}
[2025-01-18T20:56:34.769Z] RC VERBOSE 2 {"timestamp":1737233794762,"checkpoint_crosses":{"0":["MarsCitadel"]}}
[2025-01-18T20:56:34.769Z] RACE INFO MarsCitadel finished lap 1 with a time of 42.447
[2025-01-18T20:56:34.770Z] RACE INFO MarsCitadel just aquired a new fastest lap 42447 on lap 1
[2025-01-18T20:56:34.817Z] RC VERBOSE 2 {"timestamp":1737233794810,"checkpoint_crosses":{"3":["n0va1x"]}}
[2025-01-18T20:56:35.519Z] RC VERBOSE 18 {
  "speedTrapResult": {
    "player": "n0va1x",
    "enter": {
      "timestamp": 1737233794060,
      "position": [
        -3686.939536419455,
        7.5875,
        8495.551939991015
      ],
      "velocity": [
        0.0,
        0.0,
        0.0
      ],
      "player": "n0va1x"
    },
    "exit": {
      "timestamp": 1737233795512,
      "position": [
        -3689.4290831455655,
        7.5875,
        8531.682763762801
      ],
      "velocity": [
        0.0,
        0.0,
        0.0
      ],
      "player": "n0va1x"
    }
  }
}
[2025-01-18T20:56:35.519Z] RC VERBOSE {
  speedTrapResult: {
    player: 'n0va1x',
    enter: {
      timestamp: 1737233794060,
      position: [Array],
      velocity: [Array],
      player: 'n0va1x'
    },
    exit: {
      timestamp: 1737233795512,
      position: [Array],
      velocity: [Array],
      player: 'n0va1x'
    }
  }
}
[2025-01-18T20:56:37.166Z] RC VERBOSE 2 {"timestamp":1737233797159,"checkpoint_crosses":{"3":["duxq"]}}
[2025-01-18T20:56:37.881Z] RC VERBOSE 2 {"timestamp":1737233797861,"checkpoint_crosses":{"3":["Terraformer9"]}}
[2025-01-18T20:56:37.932Z] RC VERBOSE 18 {
  "speedTrapResult": {
    "player": "duxq",
    "enter": {
      "timestamp": 1737233796416,
      "position": [
        -3688.7134718779507,
        7.5875,
        8495.07717233371
      ],
      "velocity": [
        0.0,
        0.0,
        0.0
      ],
      "player": "duxq"
    },
    "exit": {
      "timestamp": 1737233797910,
      "position": [
        -3689.100358090366,
        7.5875,
        8531.469915073296
      ],
      "velocity": [
        0.0,
        0.0,
        0.0
      ],
      "player": "duxq"
    }
  }
}
[2025-01-18T20:56:37.933Z] RC VERBOSE {
  speedTrapResult: {
    player: 'duxq',
    enter: {
      timestamp: 1737233796416,
      position: [Array],
      velocity: [Array],
      player: 'duxq'
    },
    exit: {
      timestamp: 1737233797910,
      position: [Array],
      velocity: [Array],
      player: 'duxq'
    }
  }
}
[2025-01-18T20:56:38.223Z] RC VERBOSE 2 {"timestamp":1737233798215,"checkpoint_crosses":{"0":["chocolatemine7"]}}
[2025-01-18T20:56:38.223Z] RACE INFO chocolatemine7 finished lap 1 with a time of 44.804
[2025-01-18T20:56:38.666Z] RC VERBOSE 18 {
  "speedTrapResult": {
    "player": "Terraformer9",
    "enter": {
      "timestamp": 1737233797110,
      "position": [
        -3686.579660434707,
        7.5875,
        8495.50581653257
      ],
      "velocity": [
        0.0,
        0.0,
        0.0
      ],
      "player": "Terraformer9"
    },
    "exit": {
      "timestamp": 1737233798660,
      "position": [
        -3687.479172141233,
        7.5875,
        8530.81645256952
      ],
      "velocity": [
        0.0,
        0.0,
        0.0
      ],
      "player": "Terraformer9"
    }
  }
}
[2025-01-18T20:56:38.666Z] RC VERBOSE {
  speedTrapResult: {
    player: 'Terraformer9',
    enter: {
      timestamp: 1737233797110,
      position: [Array],
      velocity: [Array],
      player: 'Terraformer9'
    },
    exit: {
      timestamp: 1737233798660,
      position: [Array],
      velocity: [Array],
      player: 'Terraformer9'
    }
  }
}
[2025-01-18T20:56:39.167Z] RC VERBOSE 2 {"timestamp":1737233799160,"checkpoint_crosses":{"0":["Miesneus"]}}
[2025-01-18T20:56:39.167Z] RACE INFO Miesneus finished lap 1 with a time of 45.348
[2025-01-18T20:56:39.668Z] RC VERBOSE 2 {"timestamp":1737233799661,"checkpoint_crosses":{"3":["SubayAdamm"]}}
[2025-01-18T20:56:40.272Z] RC VERBOSE 2 {"timestamp":1737233800265,"checkpoint_crosses":{"3":["CapitaoMorfetico"]}}
[2025-01-18T20:56:40.571Z] RC VERBOSE 18 {
  "speedTrapResult": {
    "player": "SubayAdamm",
    "enter": {
      "timestamp": 1737233798813,
      "position": [
        -3691.9589972939975,
        7.5875,
        8495.440822817542
      ],
      "velocity": [
        0.0,
        0.0,
        0.0
      ],
      "player": "SubayAdamm"
    },
    "exit": {
      "timestamp": 1737233800564,
      "position": [
        -3690.5833932996516,
        7.5875,
        8531.056038942083
      ],
      "velocity": [
        0.0,
        0.0,
        0.0
      ],
      "player": "SubayAdamm"
    }
  }
}
[2025-01-18T20:56:40.571Z] RC VERBOSE {
  speedTrapResult: {
    player: 'SubayAdamm',
    enter: {
      timestamp: 1737233798813,
      position: [Array],
      velocity: [Array],
      player: 'SubayAdamm'
    },
    exit: {
      timestamp: 1737233800564,
      position: [Array],
      velocity: [Array],
      player: 'SubayAdamm'
    }
  }
}
[2025-01-18T20:56:40.668Z] RC VERBOSE 2 {"timestamp":1737233800661,"checkpoint_crosses":{"3":["T1AL_"]}}
[2025-01-18T20:56:41.266Z] RC VERBOSE 2 {"timestamp":1737233801259,"checkpoint_crosses":{"0":["_AmazingAstro"]}}
[2025-01-18T20:56:41.266Z] RACE INFO _AmazingAstro finished lap 1 with a time of 47.346
[2025-01-18T20:56:41.419Z] RC VERBOSE 18 {
  "speedTrapResult": {
    "player": "T1AL_",
    "enter": {
      "timestamp": 1737233799862,
      "position": [
        -3687.063145365893,
        7.5875,
        8495.585498459142
      ],
      "velocity": [
        0.0,
        0.0,
        0.0
      ],
      "player": "T1AL_"
    },
    "exit": {
      "timestamp": 1737233801412,
      "position": [
        -3689.0489954194745,
        7.5875,
        8531.22480421438
      ],
      "velocity": [
        0.0,
        0.0,
        0.0
      ],
      "player": "T1AL_"
    }
  }
}
[2025-01-18T20:56:41.419Z] RC VERBOSE {
  speedTrapResult: {
    player: 'T1AL_',
    enter: {
      timestamp: 1737233799862,
      position: [Array],
      velocity: [Array],
      player: 'T1AL_'
    },
    exit: {
      timestamp: 1737233801412,
      position: [Array],
      velocity: [Array],
      player: 'T1AL_'
    }
  }
}
[2025-01-18T20:56:41.669Z] RC VERBOSE 2 {"timestamp":1737233801662,"checkpoint_crosses":{"0":["Samuelle1411"]}}
[2025-01-18T20:56:41.669Z] RACE INFO Samuelle1411 finished lap 1 with a time of 48.403
[2025-01-18T20:56:41.968Z] RC VERBOSE 18 {
  "speedTrapResult": {
    "player": "CapitaoMorfetico",
    "enter": {
      "timestamp": 1737233799314,
      "position": [
        -3688.905144726715,
        7.9,
        8495.443027991483
      ],
      "velocity": [
        0.0,
        0.0,
        0.0
      ],
      "player": "CapitaoMorfetico"
    },
    "exit": {
      "timestamp": 1737233801961,
      "position": [
        -3692.64129470201,
        7.9,
        8530.589583475143
      ],
      "velocity": [
        0.0,
        0.0,
        0.0
      ],
      "player": "CapitaoMorfetico"
    }
  }
}
[2025-01-18T20:56:41.968Z] RC VERBOSE {
  speedTrapResult: {
    player: 'CapitaoMorfetico',
    enter: {
      timestamp: 1737233799314,
      position: [Array],
      velocity: [Array],
      player: 'CapitaoMorfetico'
    },
    exit: {
      timestamp: 1737233801961,
      position: [Array],
      velocity: [Array],
      player: 'CapitaoMorfetico'
    }
  }
}
[2025-01-18T20:56:42.017Z] RC VERBOSE 2 {"timestamp":1737233802009,"checkpoint_crosses":{"3":["Malji"]}}
[2025-01-18T20:56:42.718Z] RC VERBOSE 18 {
  "speedTrapResult": {
    "player": "Malji",
    "enter": {
      "timestamp": 1737233801162,
      "position": [
        -3687.4633045043975,
        7.5875,
        8495.203356873863
      ],
      "velocity": [
        0.0,
        0.0,
        0.0
      ],
      "player": "Malji"
    },
    "exit": {
      "timestamp": 1737233802712,
      "position": [
        -3688.2724264623066,
        7.5875,
        8531.269715559883
      ],
      "velocity": [
        0.0,
        0.0,
        0.0
      ],
      "player": "Malji"
    }
  }
}
[2025-01-18T20:56:42.719Z] RC VERBOSE {
  speedTrapResult: {
    player: 'Malji',
    enter: {
      timestamp: 1737233801162,
      position: [Array],
      velocity: [Array],
      player: 'Malji'
    },
    exit: {
      timestamp: 1737233802712,
      position: [Array],
      velocity: [Array],
      player: 'Malji'
    }
  }
}
[2025-01-18T20:56:43.121Z] RC VERBOSE 2 {"timestamp":1737233803114,"checkpoint_crosses":{"3":["Saiyuuuu"]}}
[2025-01-18T20:56:43.219Z] RC VERBOSE 2 {"timestamp":1737233803212,"checkpoint_crosses":{"0":["ikonos33"]}}
[2025-01-18T20:56:43.219Z] RACE INFO ikonos33 finished lap 1 with a time of 51
[2025-01-18T20:56:43.816Z] RC VERBOSE 18 {
  "speedTrapResult": {
    "player": "Saiyuuuu",
    "enter": {
      "timestamp": 1737233802413,
      "position": [
        -3688.1928302039355,
        7.5875,
        8495.972024950037
      ],
      "velocity": [
        0.0,
        0.0,
        0.0
      ],
      "player": "Saiyuuuu"
    },
    "exit": {
      "timestamp": 1737233803810,
      "position": [
        -3689.177101817124,
        7.5875,
        8530.747557671806
      ],
      "velocity": [
        0.0,
        0.0,
        0.0
      ],
      "player": "Saiyuuuu"
    }
  }
}
[2025-01-18T20:56:43.816Z] RC VERBOSE {
  speedTrapResult: {
    player: 'Saiyuuuu',
    enter: {
      timestamp: 1737233802413,
      position: [Array],
      velocity: [Array],
      player: 'Saiyuuuu'
    },
    exit: {
      timestamp: 1737233803810,
      position: [Array],
      velocity: [Array],
      player: 'Saiyuuuu'
    }
  }
}
[2025-01-18T20:56:44.122Z] RC VERBOSE 2 {"timestamp":1737233804115,"checkpoint_crosses":{"3":["SaishoVibes"]}}
[2025-01-18T20:56:44.171Z] RC VERBOSE 2 {"timestamp":1737233804164,"checkpoint_crosses":{"0":["Devaliant_"]}}
[2025-01-18T20:56:44.171Z] RACE INFO Devaliant_ finished lap 1 with a time of 47.601
[2025-01-18T20:56:44.970Z] RC VERBOSE 18 {
  "speedTrapResult": {
    "player": "SaishoVibes",
    "enter": {
      "timestamp": 1737233803365,
      "position": [
        -3689.856715912274,
        7.5875,
        8495.713347153101
      ],
      "velocity": [
        0.0,
        0.0,
        0.0
      ],
      "player": "SaishoVibes"
    },
    "exit": {
      "timestamp": 1737233804963,
      "position": [
        -3693.992446210309,
        7.5875,
        8531.824111417349
      ],
      "velocity": [
        0.0,
        0.0,
        0.0
      ],
      "player": "SaishoVibes"
    }
  }
}
[2025-01-18T20:56:44.970Z] RC VERBOSE {
  speedTrapResult: {
    player: 'SaishoVibes',
    enter: {
      timestamp: 1737233803365,
      position: [Array],
      velocity: [Array],
      player: 'SaishoVibes'
    },
    exit: {
      timestamp: 1737233804963,
      position: [Array],
      velocity: [Array],
      player: 'SaishoVibes'
    }
  }
}
[2025-01-18T20:56:45.720Z] RC VERBOSE 2 {"timestamp":1737233805713,"checkpoint_crosses":{"0":["n0va1x"]}}
[2025-01-18T20:56:45.720Z] RACE INFO n0va1x finished lap 1 with a time of 49.55
[2025-01-18T20:56:46.131Z] RC VERBOSE 2 {"timestamp":1737233805457,"checkpoint_crosses":{"1":["MarsCitadel"]}}
[2025-01-18T20:56:46.269Z] RC VERBOSE 2 {"timestamp":1737233806263,"checkpoint_crosses":{"3":["HanameYt"]}}
[2025-01-18T20:56:47.117Z] RC VERBOSE 18 {
  "speedTrapResult": {
    "player": "HanameYt",
    "enter": {
      "timestamp": 1737233805512,
      "position": [
        -3688.9177723101056,
        7.5875,
        8495.406097932491
      ],
      "velocity": [
        0.0,
        0.0,
        0.0
      ],
      "player": "HanameYt"
    },
    "exit": {
      "timestamp": 1737233807110,
      "position": [
        -3690.9789419055937,
        7.5875,
        8531.68181473552
      ],
      "velocity": [
        0.0,
        0.0,
        0.0
      ],
      "player": "HanameYt"
    }
  }
}
[2025-01-18T20:56:47.117Z] RC VERBOSE {
  speedTrapResult: {
    player: 'HanameYt',
    enter: {
      timestamp: 1737233805512,
      position: [Array],
      velocity: [Array],
      player: 'HanameYt'
    },
    exit: {
      timestamp: 1737233807110,
      position: [Array],
      velocity: [Array],
      player: 'HanameYt'
    }
  }
}
[2025-01-18T20:56:48.667Z] RC VERBOSE 2 {"timestamp":1737233808659,"checkpoint_crosses":{"0":["duxq"]}}
[2025-01-18T20:56:48.667Z] RACE INFO duxq finished lap 1 with a time of 50.847
[2025-01-18T20:56:48.820Z] RC VERBOSE 2 {"timestamp":1737233808813,"checkpoint_crosses":{"0":["Terraformer9"]}}
[2025-01-18T20:56:48.820Z] RACE INFO Terraformer9 finished lap 1 with a time of 53.848
[2025-01-18T20:56:48.968Z] RC VERBOSE 2 {"timestamp":1737233808961,"checkpoint_crosses":{"3":["Alger1no"]}}
[2025-01-18T20:56:49.667Z] RC VERBOSE 2 {"timestamp":1737233809661,"checkpoint_crosses":{"3":["TheAlphaGamer787"]}}
[2025-01-18T20:56:49.772Z] RC VERBOSE 18 {
  "speedTrapResult": {
    "player": "Alger1no",
    "enter": {
      "timestamp": 1737233808160,
      "position": [
        -3693.6427096536327,
        7.5875,
        8495.174491940883
      ],
      "velocity": [
        0.0,
        0.0,
        0.0
      ],
      "player": "Alger1no"
    },
    "exit": {
      "timestamp": 1737233809765,
      "position": [
        -3692.5261839284562,
        7.5875,
        8531.273396342087
      ],
      "velocity": [
        0.0,
        0.0,
        0.0
      ],
      "player": "Alger1no"
    }
  }
}
[2025-01-18T20:56:49.772Z] RC VERBOSE {
  speedTrapResult: {
    player: 'Alger1no',
    enter: {
      timestamp: 1737233808160,
      position: [Array],
      velocity: [Array],
      player: 'Alger1no'
    },
    exit: {
      timestamp: 1737233809765,
      position: [Array],
      velocity: [Array],
      player: 'Alger1no'
    }
  }
}
[2025-01-18T20:56:49.780Z] RC VERBOSE 2 {"timestamp":1737233809107,"checkpoint_crosses":{"1":["chocolatemine7"]}}
[2025-01-18T20:56:50.369Z] RC VERBOSE 2 {"timestamp":1737233810363,"checkpoint_crosses":{"3":["KandaWel"]}}
[2025-01-18T20:56:50.466Z] RC VERBOSE 18 {
  "speedTrapResult": {
    "player": "TheAlphaGamer787",
    "enter": {
      "timestamp": 1737233808862,
      "position": [
        -3687.687909219798,
        7.5875,
        8495.561217234253
      ],
      "velocity": [
        0.0,
        0.0,
        0.0
      ],
      "player": "TheAlphaGamer787"
    },
    "exit": {
      "timestamp": 1737233810460,
      "position": [
        -3688.364985301708,
        7.5875,
        8531.530829473777
      ],
      "velocity": [
        0.0,
        0.0,
        0.0
      ],
      "player": "TheAlphaGamer787"
    }
  }
}
[2025-01-18T20:56:50.466Z] RC VERBOSE {
  speedTrapResult: {
    player: 'TheAlphaGamer787',
    enter: {
      timestamp: 1737233808862,
      position: [Array],
      velocity: [Array],
      player: 'TheAlphaGamer787'
    },
    exit: {
      timestamp: 1737233810460,
      position: [Array],
      velocity: [Array],
      player: 'TheAlphaGamer787'
    }
  }
}
[2025-01-18T20:56:50.870Z] RC VERBOSE 2 {"timestamp":1737233810863,"checkpoint_crosses":{"3":["Iceio_"]}}
[2025-01-18T20:56:50.931Z] RC VERBOSE 2 {"timestamp":1737233810257,"checkpoint_crosses":{"1":["Miesneus"]}}
[2025-01-18T20:56:51.169Z] RC VERBOSE 18 {
  "speedTrapResult": {
    "player": "KandaWel",
    "enter": {
      "timestamp": 1737233809661,
      "position": [
        -3692.3145788519005,
        7.5875,
        8495.543622849358
      ],
      "velocity": [
        0.0,
        0.0,
        0.0
      ],
      "player": "KandaWel"
    },
    "exit": {
      "timestamp": 1737233811162,
      "position": [
        -3695.53487865639,
        7.5875,
        8531.40268993568
      ],
      "velocity": [
        0.0,
        0.0,
        0.0
      ],
      "player": "KandaWel"
    }
  }
}
[2025-01-18T20:56:51.169Z] RC VERBOSE {
  speedTrapResult: {
    player: 'KandaWel',
    enter: {
      timestamp: 1737233809661,
      position: [Array],
      velocity: [Array],
      player: 'KandaWel'
    },
    exit: {
      timestamp: 1737233811162,
      position: [Array],
      velocity: [Array],
      player: 'KandaWel'
    }
  }
}
[2025-01-18T20:56:51.419Z] RC VERBOSE 2 {"timestamp":1737233811412,"checkpoint_crosses":{"0":["SubayAdamm"]}}
[2025-01-18T20:56:51.419Z] RACE INFO SubayAdamm finished lap 1 with a time of 52.244
[2025-01-18T20:56:52.371Z] RC VERBOSE 2 {"timestamp":1737233812364,"checkpoint_crosses":{"0":["T1AL_"]}}
[2025-01-18T20:56:52.371Z] RACE INFO T1AL_ finished lap 1 with a time of 55.903
[2025-01-18T20:56:52.630Z] RC VERBOSE 2 {"timestamp":1737233811957,"checkpoint_crosses":{"2":["MarsCitadel"]}}
[2025-01-18T20:56:52.712Z] RC VERBOSE 2 {"timestamp":1737233812008,"checkpoint_crosses":{"1":["_AmazingAstro"]}}
[2025-01-18T20:56:53.315Z] RC VERBOSE 2 {"timestamp":1737233813309,"checkpoint_crosses":{"0":["Malji"]}}
[2025-01-18T20:56:53.315Z] RACE INFO Malji finished lap 1 with a time of 57.943
[2025-01-18T20:56:54.853Z] RC VERBOSE 2 {"timestamp":1737233814157,"checkpoint_crosses":{"1":["Samuelle1411"]}}
[2025-01-18T20:56:55.132Z] RC VERBOSE 2 {"timestamp":1737233814457,"checkpoint_crosses":{"1":["ikonos33"]}}
[2025-01-18T20:56:55.522Z] RC VERBOSE 2 {"timestamp":1737233815514,"checkpoint_crosses":{"0":["SaishoVibes"]}}
[2025-01-18T20:56:55.522Z] RACE INFO SaishoVibes finished lap 1 with a time of 61.205
[2025-01-18T20:56:56.381Z] RC VERBOSE 2 {"timestamp":1737233815707,"checkpoint_crosses":{"2":["chocolatemine7"]}}
[2025-01-18T20:56:56.682Z] RC VERBOSE 2 {"timestamp":1737233816008,"checkpoint_crosses":{"1":["Devaliant_"]}}
[2025-01-18T20:56:56.818Z] RC VERBOSE 2 {"timestamp":1737233816811,"checkpoint_crosses":{"0":["Saiyuuuu"]}}
[2025-01-18T20:56:56.818Z] RACE INFO Saiyuuuu finished lap 1 with a time of 59.345
[2025-01-18T20:56:57.521Z] RC VERBOSE 2 {"timestamp":1737233817514,"checkpoint_crosses":{"0":["CapitaoMorfetico"]}}
[2025-01-18T20:56:57.521Z] RACE INFO CapitaoMorfetico finished lap 1 with a time of 59.153
[2025-01-18T20:56:57.537Z] RC VERBOSE 2 {"timestamp":1737233816857,"checkpoint_crosses":{"2":["Miesneus"]}}
[2025-01-18T20:56:58.331Z] RC VERBOSE 2 {"timestamp":1737233817658,"checkpoint_crosses":{"1":["n0va1x"]}}
[2025-01-18T20:56:59.178Z] RC VERBOSE 2 {"timestamp":1737233819171,"checkpoint_crosses":{"0":["HanameYt"]}}
[2025-01-18T20:56:59.178Z] RACE INFO HanameYt finished lap 1 with a time of 63.655
[2025-01-18T20:56:59.432Z] RC VERBOSE 2 {"timestamp":1737233818758,"checkpoint_crosses":{"2":["_AmazingAstro"]}}
[2025-01-18T20:57:00.369Z] RC VERBOSE 2 {"timestamp":1737233820363,"checkpoint_crosses":{"0":["TheAlphaGamer787"]}}
[2025-01-18T20:57:00.369Z] RACE INFO TheAlphaGamer787 finished lap 1 with a time of 64.05
[2025-01-18T20:57:01.332Z] RC VERBOSE 2 {"timestamp":1737233820658,"checkpoint_crosses":{"2":["Samuelle1411"]}}
[2025-01-18T20:57:01.431Z] RC VERBOSE 2 {"timestamp":1737233820758,"checkpoint_crosses":{"1":["duxq"]}}
[2025-01-18T20:57:01.631Z] RC VERBOSE 2 {"timestamp":1737233820957,"checkpoint_crosses":{"2":["ikonos33"]}}
[2025-01-18T20:57:02.718Z] RC VERBOSE 2 {"timestamp":1737233822712,"checkpoint_crosses":{"0":["Alger1no"]}}
[2025-01-18T20:57:02.718Z] RACE INFO Alger1no finished lap 1 with a time of 61.798
[2025-01-18T20:57:02.881Z] RC VERBOSE 2 {"timestamp":1737233822208,"checkpoint_crosses":{"1":["Terraformer9"]}}
[2025-01-18T20:57:03.432Z] RC VERBOSE 2 {"timestamp":1737233822758,"checkpoint_crosses":{"2":["Devaliant_"]}}
[2025-01-18T20:57:03.831Z] RC VERBOSE 2 {"timestamp":1737233823158,"checkpoint_crosses":{"1":["SubayAdamm"]}}
[2025-01-18T20:57:04.531Z] RC VERBOSE 2 {"timestamp":1737233823857,"checkpoint_crosses":{"2":["n0va1x"]}}
[2025-01-18T20:57:04.921Z] RC VERBOSE 2 {"timestamp":1737233824914,"checkpoint_crosses":{"0":["KandaWel"]}}
[2025-01-18T20:57:04.921Z] RACE INFO KandaWel finished lap 1 with a time of 64.752
[2025-01-18T20:57:05.131Z] RC VERBOSE 2 {"timestamp":1737233824458,"checkpoint_crosses":{"1":["T1AL_"]}}
[2025-01-18T20:57:05.970Z] RC VERBOSE 2 {"timestamp":1737233825964,"checkpoint_crosses":{"3":["MarsCitadel"]}}
[2025-01-18T20:57:06.721Z] RC VERBOSE 18 {
  "speedTrapResult": {
    "player": "MarsCitadel",
    "enter": {
      "timestamp": 1737233825164,
      "position": [
        -3687.7316352599564,
        7.5875,
        8495.701359029074
      ],
      "velocity": [
        0.0,
        0.0,
        0.0
      ],
      "player": "MarsCitadel"
    },
    "exit": {
      "timestamp": 1737233826714,
      "position": [
        -3688.7248166417817,
        7.5875,
        8531.873628299756
      ],
      "velocity": [
        0.0,
        0.0,
        0.0
      ],
      "player": "MarsCitadel"
    }
  }
}
[2025-01-18T20:57:06.721Z] RC VERBOSE {
  speedTrapResult: {
    player: 'MarsCitadel',
    enter: {
      timestamp: 1737233825164,
      position: [Array],
      velocity: [Array],
      player: 'MarsCitadel'
    },
    exit: {
      timestamp: 1737233826714,
      position: [Array],
      velocity: [Array],
      player: 'MarsCitadel'
    }
  }
}
[2025-01-18T20:57:07.332Z] RC VERBOSE 2 {"timestamp":1737233826658,"checkpoint_crosses":{"1":["SaishoVibes"]}}
[2025-01-18T20:57:08.181Z] RC VERBOSE 2 {"timestamp":1737233827509,"checkpoint_crosses":{"2":["duxq"]}}
[2025-01-18T20:57:08.732Z] RC VERBOSE 2 {"timestamp":1737233828058,"checkpoint_crosses":{"1":["Malji"]}}
[2025-01-18T20:57:09.133Z] RC VERBOSE 2 {"timestamp":1737233828458,"checkpoint_crosses":{"1":["Saiyuuuu"]}}
[2025-01-18T20:57:09.582Z] RC VERBOSE 2 {"timestamp":1737233828908,"checkpoint_crosses":{"2":["Terraformer9"]}}
[2025-01-18T20:57:10.272Z] RC VERBOSE 2 {"timestamp":1737233830265,"checkpoint_crosses":{"3":["chocolatemine7"]}}
[2025-01-18T20:57:11.433Z] RC VERBOSE 2 {"timestamp":1737233830758,"checkpoint_crosses":{"2":["SubayAdamm"]}}
[2025-01-18T20:57:11.620Z] RC VERBOSE 2 {"timestamp":1737233831612,"checkpoint_crosses":{"3":["Miesneus"]}}
[2025-01-18T20:57:11.732Z] RC VERBOSE 2 {"timestamp":1737233831058,"checkpoint_crosses":{"1":["HanameYt"]}}
[2025-01-18T20:57:12.322Z] RC VERBOSE 18 {
  "speedTrapResult": {
    "player": "Miesneus",
    "enter": {
      "timestamp": 1737233830765,
      "position": [
        -3687.714502470428,
        7.5875,
        8495.357678185166
      ],
      "velocity": [
        0.0,
        0.0,
        0.0
      ],
      "player": "Miesneus"
    },
    "exit": {
      "timestamp": 1737233832315,
      "position": [
        -3688.3082584858385,
        7.5875,
        8530.847016392074
      ],
      "velocity": [
        0.0,
        0.0,
        0.0
      ],
      "player": "Miesneus"
    }
  }
}
[2025-01-18T20:57:12.322Z] RC VERBOSE {
  speedTrapResult: {
    player: 'Miesneus',
    enter: {
      timestamp: 1737233830765,
      position: [Array],
      velocity: [Array],
      player: 'Miesneus'
    },
    exit: {
      timestamp: 1737233832315,
      position: [Array],
      velocity: [Array],
      player: 'Miesneus'
    }
  }
}
[2025-01-18T20:57:12.532Z] RC VERBOSE 2 {"timestamp":1737233831858,"checkpoint_crosses":{"2":["T1AL_"]}}
[2025-01-18T20:57:13.170Z] RC VERBOSE 2 {"timestamp":1737233833163,"checkpoint_crosses":{"3":["_AmazingAstro"]}}
[2025-01-18T20:57:13.632Z] RC VERBOSE 2 {"timestamp":1737233832958,"checkpoint_crosses":{"1":["TheAlphaGamer787"]}}
[2025-01-18T20:57:13.872Z] RC VERBOSE 18 {
  "speedTrapResult": {
    "player": "_AmazingAstro",
    "enter": {
      "timestamp": 1737233832364,
      "position": [
        -3686.7975503660036,
        7.5875,
        8495.19493269958
      ],
      "velocity": [
        0.0,
        0.0,
        0.0
      ],
      "player": "_AmazingAstro"
    },
    "exit": {
      "timestamp": 1737233833864,
      "position": [
        -3688.3864928029043,
        7.5875,
        8531.213010193074
      ],
      "velocity": [
        0.0,
        0.0,
        0.0
      ],
      "player": "_AmazingAstro"
    }
  }
}
[2025-01-18T20:57:13.872Z] RC VERBOSE {
  speedTrapResult: {
    player: '_AmazingAstro',
    enter: {
      timestamp: 1737233832364,
      position: [Array],
      velocity: [Array],
      player: '_AmazingAstro'
    },
    exit: {
      timestamp: 1737233833864,
      position: [Array],
      velocity: [Array],
      player: '_AmazingAstro'
    }
  }
}
[2025-01-18T20:57:13.932Z] RC VERBOSE 2 {"timestamp":1737233833258,"checkpoint_crosses":{"2":["SaishoVibes"]}}
[2025-01-18T20:57:14.133Z] RC VERBOSE 2 {"timestamp":1737233833458,"checkpoint_crosses":{"1":["CapitaoMorfetico"]}}
[2025-01-18T20:57:15.433Z] RC VERBOSE 2 {"timestamp":1737233834759,"checkpoint_crosses":{"2":["Malji"]}}
[2025-01-18T20:57:15.470Z] RC VERBOSE 2 {"timestamp":1737233835463,"checkpoint_crosses":{"3":["Samuelle1411"]}}
[2025-01-18T20:57:15.616Z] RC VERBOSE 2 {"timestamp":1737233835609,"checkpoint_crosses":{"0":["Iceio_"]}}
[2025-01-18T20:57:15.616Z] RACE INFO Iceio_ finished lap 1 with a time of 77.45
[2025-01-18T20:57:15.866Z] RC VERBOSE 2 {"timestamp":1737233835859,"checkpoint_crosses":{"3":["ikonos33"]}}
[2025-01-18T20:57:16.220Z] RC VERBOSE 18 {
  "speedTrapResult": {
    "player": "Samuelle1411",
    "enter": {
      "timestamp": 1737233834615,
      "position": [
        -3688.8185008827695,
        7.5875,
        8495.543662193739
      ],
      "velocity": [
        0.0,
        0.0,
        0.0
      ],
      "player": "Samuelle1411"
    },
    "exit": {
      "timestamp": 1737233836214,
      "position": [
        -3686.645281606712,
        7.5875,
        8531.469781099673
      ],
      "velocity": [
        0.0,
        0.0,
        0.0
      ],
      "player": "Samuelle1411"
    }
  }
}
[2025-01-18T20:57:16.220Z] RC VERBOSE {
  speedTrapResult: {
    player: 'Samuelle1411',
    enter: {
      timestamp: 1737233834615,
      position: [Array],
      velocity: [Array],
      player: 'Samuelle1411'
    },
    exit: {
      timestamp: 1737233836214,
      position: [Array],
      velocity: [Array],
      player: 'Samuelle1411'
    }
  }
}
[2025-01-18T20:57:16.481Z] RC VERBOSE 2 {"timestamp":1737233835808,"checkpoint_crosses":{"2":["Saiyuuuu"]}}
[2025-01-18T20:57:16.568Z] RC VERBOSE 2 {"timestamp":1737233836561,"checkpoint_crosses":{"0":["MarsCitadel"]}}
[2025-01-18T20:57:16.568Z] RACE INFO MarsCitadel finished lap 2 with a time of 41.799
[2025-01-18T20:57:16.569Z] RACE INFO MarsCitadel just aquired a new fastest lap 41799 on lap 2
[2025-01-18T20:57:16.672Z] RC VERBOSE 18 {
  "speedTrapResult": {
    "player": "ikonos33",
    "enter": {
      "timestamp": 1737233835060,
      "position": [
        -3688.7596886353367,
        7.5875,
        8495.753211282874
      ],
      "velocity": [
        0.0,
        0.0,
        0.0
      ],
      "player": "ikonos33"
    },
    "exit": {
      "timestamp": 1737233836665,
      "position": [
        -3688.890303924304,
        7.5875,
        8531.28511487605
      ],
      "velocity": [
        0.0,
        0.0,
        0.0
      ],
      "player": "ikonos33"
    }
  }
}
[2025-01-18T20:57:16.672Z] RC VERBOSE {
  speedTrapResult: {
    player: 'ikonos33',
    enter: {
      timestamp: 1737233835060,
      position: [Array],
      velocity: [Array],
      player: 'ikonos33'
    },
    exit: {
      timestamp: 1737233836665,
      position: [Array],
      velocity: [Array],
      player: 'ikonos33'
    }
  }
}
[2025-01-18T20:57:17.569Z] RC VERBOSE 2 {"timestamp":1737233837561,"checkpoint_crosses":{"3":["Devaliant_"]}}
[2025-01-18T20:57:18.367Z] RC VERBOSE 18 {
  "speedTrapResult": {
    "player": "Devaliant_",
    "enter": {
      "timestamp": 1737233836714,
      "position": [
        -3689.2243861217175,
        7.5875,
        8495.482483438613
      ],
      "velocity": [
        0.0,
        0.0,
        0.0
      ],
      "player": "Devaliant_"
    },
    "exit": {
      "timestamp": 1737233838361,
      "position": [
        -3688.1496436538564,
        7.5875,
        8531.001544147308
      ],
      "velocity": [
        0.0,
        0.0,
        0.0
      ],
      "player": "Devaliant_"
    }
  }
}
[2025-01-18T20:57:18.368Z] RC VERBOSE {
  speedTrapResult: {
    player: 'Devaliant_',
    enter: {
      timestamp: 1737233836714,
      position: [Array],
      velocity: [Array],
      player: 'Devaliant_'
    },
    exit: {
      timestamp: 1737233838361,
      position: [Array],
      velocity: [Array],
      player: 'Devaliant_'
    }
  }
}
[2025-01-18T20:57:18.432Z] RC VERBOSE 2 {"timestamp":1737233837758,"checkpoint_crosses":{"2":["HanameYt"]}}
[2025-01-18T20:57:18.732Z] RC VERBOSE 2 {"timestamp":1737233838058,"checkpoint_crosses":{"1":["Alger1no"]}}
[2025-01-18T20:57:18.819Z] RC VERBOSE 2 {"timestamp":1737233838812,"checkpoint_crosses":{"3":["n0va1x"]}}
[2025-01-18T20:57:19.581Z] RC VERBOSE 18 {
  "speedTrapResult": {
    "player": "n0va1x",
    "enter": {
      "timestamp": 1737233838062,
      "position": [
        -3687.5042726821493,
        7.5875,
        8495.525116938423
      ],
      "velocity": [
        0.0,
        0.0,
        0.0
      ],
      "player": "n0va1x"
    },
    "exit": {
      "timestamp": 1737233839563,
      "position": [
        -3687.649920437322,
        7.5875,
        8531.159685487712
      ],
      "velocity": [
        0.0,
        0.0,
        0.0
      ],
      "player": "n0va1x"
    }
  }
}
[2025-01-18T20:57:19.582Z] RC VERBOSE {
  speedTrapResult: {
    player: 'n0va1x',
    enter: {
      timestamp: 1737233838062,
      position: [Array],
      velocity: [Array],
      player: 'n0va1x'
    },
    exit: {
      timestamp: 1737233839563,
      position: [Array],
      velocity: [Array],
      player: 'n0va1x'
    }
  }
}
[2025-01-18T20:57:20.394Z] RC VERBOSE 2 {"timestamp":1737233839659,"checkpoint_crosses":{"2":["TheAlphaGamer787"]}}
[2025-01-18T20:57:20.738Z] RC VERBOSE 2 {"timestamp":1737233840058,"checkpoint_crosses":{"1":["KandaWel"]}}
[2025-01-18T20:57:20.918Z] RC VERBOSE 2 {"timestamp":1737233840911,"checkpoint_crosses":{"0":["chocolatemine7"]}}
[2025-01-18T20:57:20.919Z] RACE INFO chocolatemine7 finished lap 2 with a time of 42.696
[2025-01-18T20:57:21.933Z] RC VERBOSE 2 {"timestamp":1737233841259,"checkpoint_crosses":{"2":["CapitaoMorfetico"]}}
[2025-01-18T20:57:22.119Z] RC VERBOSE 2 {"timestamp":1737233842114,"checkpoint_crosses":{"0":["Miesneus"]}}
[2025-01-18T20:57:22.120Z] RACE INFO Miesneus finished lap 2 with a time of 42.954
[2025-01-18T20:57:22.419Z] RC VERBOSE 2 {"timestamp":1737233842412,"checkpoint_crosses":{"3":["duxq"]}}
[2025-01-18T20:57:23.169Z] RC VERBOSE 18 {
  "speedTrapResult": {
    "player": "duxq",
    "enter": {
      "timestamp": 1737233841612,
      "position": [
        -3687.9770519263266,
        7.5875,
        8495.233606091613
      ],
      "velocity": [
        0.0,
        0.0,
        0.0
      ],
      "player": "duxq"
    },
    "exit": {
      "timestamp": 1737233843163,
      "position": [
        -3689.968504689364,
        7.5875,
        8530.709285902258
      ],
      "velocity": [
        0.0,
        0.0,
        0.0
      ],
      "player": "duxq"
    }
  }
}
[2025-01-18T20:57:23.169Z] RC VERBOSE {
  speedTrapResult: {
    player: 'duxq',
    enter: {
      timestamp: 1737233841612,
      position: [Array],
      velocity: [Array],
      player: 'duxq'
    },
    exit: {
      timestamp: 1737233843163,
      position: [Array],
      velocity: [Array],
      player: 'duxq'
    }
  }
}
[2025-01-18T20:57:23.517Z] RC VERBOSE 2 {"timestamp":1737233843510,"checkpoint_crosses":{"3":["Terraformer9"]}}
[2025-01-18T20:57:23.969Z] RC VERBOSE 2 {"timestamp":1737233843961,"checkpoint_crosses":{"0":["_AmazingAstro"]}}
[2025-01-18T20:57:23.969Z] RACE INFO _AmazingAstro finished lap 2 with a time of 42.702
[2025-01-18T20:57:24.316Z] RC VERBOSE 18 {
  "speedTrapResult": {
    "player": "Terraformer9",
    "enter": {
      "timestamp": 1737233842759,
      "position": [
        -3687.7759032636427,
        7.5875,
        8495.749383838462
      ],
      "velocity": [
        0.0,
        0.0,
        0.0
      ],
      "player": "Terraformer9"
    },
    "exit": {
      "timestamp": 1737233844309,
      "position": [
        -3688.889671453636,
        7.5875,
        8531.60708594384
      ],
      "velocity": [
        0.0,
        0.0,
        0.0
      ],
      "player": "Terraformer9"
    }
  }
}
[2025-01-18T20:57:24.316Z] RC VERBOSE {
  speedTrapResult: {
    player: 'Terraformer9',
    enter: {
      timestamp: 1737233842759,
      position: [Array],
      velocity: [Array],
      player: 'Terraformer9'
    },
    exit: {
      timestamp: 1737233844309,
      position: [Array],
      velocity: [Array],
      player: 'Terraformer9'
    }
  }
}
[2025-01-18T20:57:26.019Z] RC VERBOSE 2 {"timestamp":1737233846012,"checkpoint_crosses":{"3":["SubayAdamm"]}}
[2025-01-18T20:57:26.484Z] RC VERBOSE 2 {"timestamp":1737233845809,"checkpoint_crosses":{"2":["Alger1no"]}}
[2025-01-18T20:57:26.520Z] RC VERBOSE 2 {"timestamp":1737233846512,"checkpoint_crosses":{"0":["Samuelle1411"]}}
[2025-01-18T20:57:26.520Z] RACE INFO Samuelle1411 finished lap 2 with a time of 44.85
[2025-01-18T20:57:26.817Z] RC VERBOSE 18 {
  "speedTrapResult": {
    "player": "SubayAdamm",
    "enter": {
      "timestamp": 1737233845164,
      "position": [
        -3689.421424328753,
        7.5875,
        8495.331465668412
      ],
      "velocity": [
        0.0,
        0.0,
        0.0
      ],
      "player": "SubayAdamm"
    },
    "exit": {
      "timestamp": 1737233846811,
      "position": [
        -3690.6851551003506,
        7.5875,
        8530.620806484516
      ],
      "velocity": [
        0.0,
        0.0,
        0.0
      ],
      "player": "SubayAdamm"
    }
  }
}
[2025-01-18T20:57:26.817Z] RC VERBOSE {
  speedTrapResult: {
    player: 'SubayAdamm',
    enter: {
      timestamp: 1737233845164,
      position: [Array],
      velocity: [Array],
      player: 'SubayAdamm'
    },
    exit: {
      timestamp: 1737233846811,
      position: [Array],
      velocity: [Array],
      player: 'SubayAdamm'
    }
  }
}
[2025-01-18T20:57:27.368Z] RC VERBOSE 2 {"timestamp":1737233847360,"checkpoint_crosses":{"3":["T1AL_"]}}
[2025-01-18T20:57:28.083Z] RC VERBOSE 2 {"timestamp":1737233847409,"checkpoint_crosses":{"1":["Iceio_"]}}
[2025-01-18T20:57:28.117Z] RC VERBOSE 18 {
  "speedTrapResult": {
    "player": "T1AL_",
    "enter": {
      "timestamp": 1737233846561,
      "position": [
        -3687.8674121943845,
        7.5875,
        8495.394826129203
      ],
      "velocity": [
        0.0,
        0.0,
        0.0
      ],
      "player": "T1AL_"
    },
    "exit": {
      "timestamp": 1737233848110,
      "position": [
        -3690.240474667457,
        7.5875,
        8531.265095947612
      ],
      "velocity": [
        0.0,
        0.0,
        0.0
      ],
      "player": "T1AL_"
    }
  }
}
[2025-01-18T20:57:28.117Z] RC VERBOSE {
  speedTrapResult: {
    player: 'T1AL_',
    enter: {
      timestamp: 1737233846561,
      position: [Array],
      velocity: [Array],
      player: 'T1AL_'
    },
    exit: {
      timestamp: 1737233848110,
      position: [Array],
      velocity: [Array],
      player: 'T1AL_'
    }
  }
}
[2025-01-18T20:57:28.472Z] RC VERBOSE 2 {"timestamp":1737233848465,"checkpoint_crosses":{"3":["SaishoVibes"]}}
[2025-01-18T20:57:28.534Z] RC VERBOSE 2 {"timestamp":1737233847859,"checkpoint_crosses":{"2":["KandaWel"]}}
[2025-01-18T20:57:28.819Z] RC VERBOSE 2 {"timestamp":1737233848812,"checkpoint_crosses":{"0":["Devaliant_"]}}
[2025-01-18T20:57:28.819Z] RACE INFO Devaliant_ finished lap 2 with a time of 44.648
[2025-01-18T20:57:29.223Z] RC VERBOSE 18 {
  "speedTrapResult": {
    "player": "SaishoVibes",
    "enter": {
      "timestamp": 1737233847666,
      "position": [
        -3688.605903241225,
        7.5875,
        8495.722878207347
      ],
      "velocity": [
        0.0,
        0.0,
        0.0
      ],
      "player": "SaishoVibes"
    },
    "exit": {
      "timestamp": 1737233849215,
      "position": [
        -3687.936549895993,
        7.5875,
        8531.054367833342
      ],
      "velocity": [
        0.0,
        0.0,
        0.0
      ],
      "player": "SaishoVibes"
    }
  }
}
[2025-01-18T20:57:29.223Z] RC VERBOSE {
  speedTrapResult: {
    player: 'SaishoVibes',
    enter: {
      timestamp: 1737233847666,
      position: [Array],
      velocity: [Array],
      player: 'SaishoVibes'
    },
    exit: {
      timestamp: 1737233849215,
      position: [Array],
      velocity: [Array],
      player: 'SaishoVibes'
    }
  }
}
[2025-01-18T20:57:29.284Z] RC VERBOSE 2 {"timestamp":1737233848609,"checkpoint_crosses":{"1":["MarsCitadel"]}}
[2025-01-18T20:57:29.521Z] RC VERBOSE 2 {"timestamp":1737233849514,"checkpoint_crosses":{"3":["Malji"]}}
[2025-01-18T20:57:30.021Z] RC VERBOSE 2 {"timestamp":1737233850015,"checkpoint_crosses":{"0":["ikonos33"]}}
[2025-01-18T20:57:30.021Z] RACE INFO ikonos33 finished lap 2 with a time of 46.803
[2025-01-18T20:57:30.271Z] RC VERBOSE 18 {
  "speedTrapResult": {
    "player": "Malji",
    "enter": {
      "timestamp": 1737233848715,
      "position": [
        -3688.0847443347443,
        7.5875,
        8495.470867613496
      ],
      "velocity": [
        0.0,
        0.0,
        0.0
      ],
      "player": "Malji"
    },
    "exit": {
      "timestamp": 1737233850265,
      "position": [
        -3688.365238395207,
        7.5875,
        8530.838278335445
      ],
      "velocity": [
        0.0,
        0.0,
        0.0
      ],
      "player": "Malji"
    }
  }
}
[2025-01-18T20:57:30.272Z] RC VERBOSE {
  speedTrapResult: {
    player: 'Malji',
    enter: {
      timestamp: 1737233848715,
      position: [Array],
      velocity: [Array],
      player: 'Malji'
    },
    exit: {
      timestamp: 1737233850265,
      position: [Array],
      velocity: [Array],
      player: 'Malji'
    }
  }
}
[2025-01-18T20:57:32.120Z] RC VERBOSE 2 {"timestamp":1737233852113,"checkpoint_crosses":{"0":["n0va1x"]}}
[2025-01-18T20:57:32.121Z] RACE INFO n0va1x finished lap 2 with a time of 46.4
[2025-01-18T20:57:32.267Z] RC VERBOSE 2 {"timestamp":1737233852259,"checkpoint_crosses":{"3":["HanameYt"]}}
[2025-01-18T20:57:32.386Z] RC VERBOSE 2 {"timestamp":1737233851709,"checkpoint_crosses":{"1":["chocolatemine7"]}}
[2025-01-18T20:57:33.017Z] RC VERBOSE 18 {
  "speedTrapResult": {
    "player": "HanameYt",
    "enter": {
      "timestamp": 1737233851560,
      "position": [
        -3688.808853307234,
        7.5875,
        8495.875980999308
      ],
      "velocity": [
        0.0,
        0.0,
        0.0
      ],
      "player": "HanameYt"
    },
    "exit": {
      "timestamp": 1737233853009,
      "position": [
        -3688.851326405809,
        7.5875,
        8530.94331461419
      ],
      "velocity": [
        0.0,
        0.0,
        0.0
      ],
      "player": "HanameYt"
    }
  }
}
[2025-01-18T20:57:33.017Z] RC VERBOSE {
  speedTrapResult: {
    player: 'HanameYt',
    enter: {
      timestamp: 1737233851560,
      position: [Array],
      velocity: [Array],
      player: 'HanameYt'
    },
    exit: {
      timestamp: 1737233853009,
      position: [Array],
      velocity: [Array],
      player: 'HanameYt'
    }
  }
}
[2025-01-18T20:57:33.517Z] RC VERBOSE 2 {"timestamp":1737233853510,"checkpoint_crosses":{"3":["Saiyuuuu"]}}
[2025-01-18T20:57:33.621Z] RC VERBOSE 2 {"timestamp":1737233853614,"checkpoint_crosses":{"0":["duxq"]}}
[2025-01-18T20:57:33.621Z] RACE INFO duxq finished lap 2 with a time of 44.955
[2025-01-18T20:57:33.633Z] RC VERBOSE 2 {"timestamp":1737233852959,"checkpoint_crosses":{"1":["Miesneus"]}}
[2025-01-18T20:57:34.169Z] RC VERBOSE 2 {"timestamp":1737233854163,"checkpoint_crosses":{"3":["TheAlphaGamer787"]}}
[2025-01-18T20:57:34.317Z] RC VERBOSE 18 {
  "speedTrapResult": {
    "player": "Saiyuuuu",
    "enter": {
      "timestamp": 1737233852662,
      "position": [
        -3688.8116196200463,
        7.5875,
        8495.46945855502
      ],
      "velocity": [
        0.0,
        0.0,
        0.0
      ],
      "player": "Saiyuuuu"
    },
    "exit": {
      "timestamp": 1737233854309,
      "position": [
        -3688.4474490273615,
        7.5875,
        8531.149510481759
      ],
      "velocity": [
        0.0,
        0.0,
        0.0
      ],
      "player": "Saiyuuuu"
    }
  }
}
[2025-01-18T20:57:34.317Z] RC VERBOSE {
  speedTrapResult: {
    player: 'Saiyuuuu',
    enter: {
      timestamp: 1737233852662,
      position: [Array],
      velocity: [Array],
      player: 'Saiyuuuu'
    },
    exit: {
      timestamp: 1737233854309,
      position: [Array],
      velocity: [Array],
      player: 'Saiyuuuu'
    }
  }
}
[2025-01-18T20:57:34.670Z] RC VERBOSE 2 {"timestamp":1737233854664,"checkpoint_crosses":{"0":["Terraformer9"]}}
[2025-01-18T20:57:34.670Z] RACE INFO Terraformer9 finished lap 2 with a time of 45.851
[2025-01-18T20:57:35.018Z] RC VERBOSE 18 {
  "speedTrapResult": {
    "player": "TheAlphaGamer787",
    "enter": {
      "timestamp": 1737233853211,
      "position": [
        -3689.934770801765,
        7.5875,
        8495.418709226631
      ],
      "velocity": [
        0.0,
        0.0,
        0.0
      ],
      "player": "TheAlphaGamer787"
    },
    "exit": {
      "timestamp": 1737233855011,
      "position": [
        -3691.919414703624,
        7.5875,
        8530.89094117092
      ],
      "velocity": [
        0.0,
        0.0,
        0.0
      ],
      "player": "TheAlphaGamer787"
    }
  }
}
[2025-01-18T20:57:35.019Z] RC VERBOSE {
  speedTrapResult: {
    player: 'TheAlphaGamer787',
    enter: {
      timestamp: 1737233853211,
      position: [Array],
      velocity: [Array],
      player: 'TheAlphaGamer787'
    },
    exit: {
      timestamp: 1737233855011,
      position: [Array],
      velocity: [Array],
      player: 'TheAlphaGamer787'
    }
  }
}
[2025-01-18T20:57:35.335Z] RC VERBOSE 2 {"timestamp":1737233854660,"checkpoint_crosses":{"2":["Iceio_"]}}
[2025-01-18T20:57:35.634Z] RC VERBOSE 2 {"timestamp":1737233854959,"checkpoint_crosses":{"1":["_AmazingAstro"]}}
[2025-01-18T20:57:35.784Z] RC VERBOSE 2 {"timestamp":1737233855109,"checkpoint_crosses":{"2":["MarsCitadel"]}}
[2025-01-18T20:57:36.518Z] RC VERBOSE 2 {"timestamp":1737233856512,"checkpoint_crosses":{"3":["CapitaoMorfetico"]}}
[2025-01-18T20:57:37.020Z] RC VERBOSE 2 {"timestamp":1737233857012,"checkpoint_crosses":{"0":["SubayAdamm"]}}
[2025-01-18T20:57:37.020Z] RACE INFO SubayAdamm finished lap 2 with a time of 45.6
[2025-01-18T20:57:37.319Z] RC VERBOSE 18 {
  "speedTrapResult": {
    "player": "CapitaoMorfetico",
    "enter": {
      "timestamp": 1737233855616,
      "position": [
        -3690.1152486628935,
        7.9,
        8495.234770799376
      ],
      "velocity": [
        0.0,
        0.0,
        0.0
      ],
      "player": "CapitaoMorfetico"
    },
    "exit": {
      "timestamp": 1737233857311,
      "position": [
        -3689.436617424057,
        7.9,
        8530.512660435736
      ],
      "velocity": [
        0.0,
        0.0,
        0.0
      ],
      "player": "CapitaoMorfetico"
    }
  }
}
[2025-01-18T20:57:37.319Z] RC VERBOSE {
  speedTrapResult: {
    player: 'CapitaoMorfetico',
    enter: {
      timestamp: 1737233855616,
      position: [Array],
      velocity: [Array],
      player: 'CapitaoMorfetico'
    },
    exit: {
      timestamp: 1737233857311,
      position: [Array],
      velocity: [Array],
      player: 'CapitaoMorfetico'
    }
  }
}
[2025-01-18T20:57:37.686Z] RC VERBOSE 2 {"timestamp":1737233857009,"checkpoint_crosses":{"1":["Samuelle1411"]}}
[2025-01-18T20:57:38.521Z] RC VERBOSE 2 {"timestamp":1737233858513,"checkpoint_crosses":{"0":["T1AL_"]}}
[2025-01-18T20:57:38.521Z] RACE INFO T1AL_ finished lap 2 with a time of 46.149
[2025-01-18T20:57:39.034Z] RC VERBOSE 2 {"timestamp":1737233858359,"checkpoint_crosses":{"2":["chocolatemine7"]}}
[2025-01-18T20:57:39.667Z] RC VERBOSE 2 {"timestamp":1737233859660,"checkpoint_crosses":{"0":["SaishoVibes"]}}
[2025-01-18T20:57:39.667Z] RACE INFO SaishoVibes finished lap 2 with a time of 44.146
[2025-01-18T20:57:40.335Z] RC VERBOSE 2 {"timestamp":1737233859660,"checkpoint_crosses":{"2":["Miesneus"]}}
[2025-01-18T20:57:40.634Z] RC VERBOSE 2 {"timestamp":1737233859959,"checkpoint_crosses":{"1":["Devaliant_"]}}
[2025-01-18T20:57:40.717Z] RC VERBOSE 2 {"timestamp":1737233860710,"checkpoint_crosses":{"0":["Malji"]}}
[2025-01-18T20:57:40.717Z] RACE INFO Malji finished lap 2 with a time of 47.401
[2025-01-18T20:57:41.934Z] RC VERBOSE 2 {"timestamp":1737233861260,"checkpoint_crosses":{"1":["ikonos33"]}}
[2025-01-18T20:57:42.285Z] RC VERBOSE 2 {"timestamp":1737233861610,"checkpoint_crosses":{"2":["_AmazingAstro"]}}
[2025-01-18T20:57:43.822Z] RC VERBOSE 2 {"timestamp":1737233863816,"checkpoint_crosses":{"0":["HanameYt"]}}
[2025-01-18T20:57:43.822Z] RACE INFO HanameYt finished lap 2 with a time of 44.645
[2025-01-18T20:57:44.284Z] RC VERBOSE 2 {"timestamp":1737233863610,"checkpoint_crosses":{"2":["Samuelle1411"]}}
[2025-01-18T20:57:45.018Z] RC VERBOSE 2 {"timestamp":1737233865011,"checkpoint_crosses":{"3":["Alger1no"]}}
[2025-01-18T20:57:45.066Z] RC VERBOSE 2 {"timestamp":1737233865059,"checkpoint_crosses":{"0":["Saiyuuuu"],"3":["KandaWel"]}}
[2025-01-18T20:57:45.066Z] RACE INFO Saiyuuuu finished lap 2 with a time of 48.248
[2025-01-18T20:57:45.631Z] RC VERBOSE 18 {
  "speedTrapResult": {
    "player": "Alger1no",
    "enter": {
      "timestamp": 1737233864010,
      "position": [
        -3694.558222737533,
        7.5875,
        8495.179901872372
      ],
      "velocity": [
        0.0,
        0.0,
        0.0
      ],
      "player": "Alger1no"
    },
    "exit": {
      "timestamp": 1737233865624,
      "position": [
        -3696.1018863990994,
        7.5875,
        8530.505686377774
      ],
      "velocity": [
        0.0,
        0.0,
        0.0
      ],
      "player": "Alger1no"
    }
  }
}
[2025-01-18T20:57:45.631Z] RC VERBOSE {
  speedTrapResult: {
    player: 'Alger1no',
    enter: {
      timestamp: 1737233864010,
      position: [Array],
      velocity: [Array],
      player: 'Alger1no'
    },
    exit: {
      timestamp: 1737233865624,
      position: [Array],
      velocity: [Array],
      player: 'Alger1no'
    }
  }
}
[2025-01-18T20:57:45.835Z] RC VERBOSE 2 {"timestamp":1737233865160,"checkpoint_crosses":{"1":["n0va1x"]}}
[2025-01-18T20:57:45.970Z] RC VERBOSE 18 {
  "speedTrapResult": {
    "player": "KandaWel",
    "enter": {
      "timestamp": 1737233864114,
      "position": [
        -3692.1298347440957,
        7.5875,
        8495.548196664045
      ],
      "velocity": [
        0.0,
        0.0,
        0.0
      ],
      "player": "KandaWel"
    },
    "exit": {
      "timestamp": 1737233865963,
      "position": [
        -3693.3828526450925,
        7.5875,
        8530.465005755837
      ],
      "velocity": [
        0.0,
        0.0,
        0.0
      ],
      "player": "KandaWel"
    }
  }
}
[2025-01-18T20:57:45.970Z] RC VERBOSE {
  speedTrapResult: {
    player: 'KandaWel',
    enter: {
      timestamp: 1737233864114,
      position: [Array],
      velocity: [Array],
      player: 'KandaWel'
    },
    exit: {
      timestamp: 1737233865963,
      position: [Array],
      velocity: [Array],
      player: 'KandaWel'
    }
  }
}
[2025-01-18T20:57:46.366Z] RC VERBOSE 2 {"timestamp":1737233866359,"checkpoint_crosses":{"0":["TheAlphaGamer787"]}}
[2025-01-18T20:57:46.366Z] RACE INFO TheAlphaGamer787 finished lap 2 with a time of 45.996
[2025-01-18T20:57:46.535Z] RC VERBOSE 2 {"timestamp":1737233865860,"checkpoint_crosses":{"1":["duxq"]}}
[2025-01-18T20:57:47.135Z] RC VERBOSE 2 {"timestamp":1737233866460,"checkpoint_crosses":{"2":["Devaliant_"]}}
[2025-01-18T20:57:47.285Z] RC VERBOSE 2 {"timestamp":1737233866610,"checkpoint_crosses":{"1":["Terraformer9"]}}
[2025-01-18T20:57:48.385Z] RC VERBOSE 2 {"timestamp":1737233867710,"checkpoint_crosses":{"2":["ikonos33"]}}
[2025-01-18T20:57:49.735Z] RC VERBOSE 2 {"timestamp":1737233869060,"checkpoint_crosses":{"1":["SubayAdamm"]}}
[2025-01-18T20:57:50.584Z] RC VERBOSE 2 {"timestamp":1737233869910,"checkpoint_crosses":{"1":["T1AL_"]}}
[2025-01-18T20:57:51.321Z] RC VERBOSE 16 {"timestamp":1737233871314,"pit_enter_crosses":["CapitaoMorfetico"]}
[2025-01-18T20:57:51.735Z] RC VERBOSE 2 {"timestamp":1737233871061,"checkpoint_crosses":{"1":["SaishoVibes"]}}
[2025-01-18T20:57:52.285Z] RC VERBOSE 2 {"timestamp":1737233871610,"checkpoint_crosses":{"2":["n0va1x"]}}
[2025-01-18T20:57:52.885Z] RC VERBOSE 2 {"timestamp":1737233872210,"checkpoint_crosses":{"1":["Malji"]}}
[2025-01-18T20:57:53.467Z] RC VERBOSE 2 {"timestamp":1737233873461,"checkpoint_crosses":{"3":["chocolatemine7"]}}
[2025-01-18T20:57:54.035Z] RC VERBOSE 2 {"timestamp":1737233873360,"checkpoint_crosses":{"2":["Terraformer9"]}}
[2025-01-18T20:57:54.235Z] RC VERBOSE 2 {"timestamp":1737233873560,"checkpoint_crosses":{"2":["duxq"]}}
[2025-01-18T20:57:54.267Z] RC VERBOSE 18 {
  "speedTrapResult": {
    "player": "chocolatemine7",
    "enter": {
      "timestamp": 1737233872614,
      "position": [
        -3693.0819410145505,
        7.5875,
        8495.095067161003
      ],
      "velocity": [
        0.0,
        0.0,
        0.0
      ],
      "player": "chocolatemine7"
    },
    "exit": {
      "timestamp": 1737233874260,
      "position": [
        -3694.3015118438157,
        7.5875,
        8531.257143741725
      ],
      "velocity": [
        0.0,
        0.0,
        0.0
      ],
      "player": "chocolatemine7"
    }
  }
}
[2025-01-18T20:57:54.267Z] RC VERBOSE {
  speedTrapResult: {
    player: 'chocolatemine7',
    enter: {
      timestamp: 1737233872614,
      position: [Array],
      velocity: [Array],
      player: 'chocolatemine7'
    },
    exit: {
      timestamp: 1737233874260,
      position: [Array],
      velocity: [Array],
      player: 'chocolatemine7'
    }
  }
}
[2025-01-18T20:57:54.420Z] RC VERBOSE 2 {"timestamp":1737233874413,"checkpoint_crosses":{"3":["MarsCitadel"]}}
[2025-01-18T20:57:55.622Z] RC VERBOSE 18 {
  "speedTrapResult": {
    "player": "MarsCitadel",
    "enter": {
      "timestamp": 1737233873009,
      "position": [
        -3687.1708820480862,
        7.5875,
        8495.835482676734
      ],
      "velocity": [
        0.0,
        0.0,
        0.0
      ],
      "player": "MarsCitadel"
    },
    "exit": {
      "timestamp": 1737233875615,
      "position": [
        -3687.736432315873,
        7.5875,
        8530.916012458525
      ],
      "velocity": [
        0.0,
        0.0,
        0.0
      ],
      "player": "MarsCitadel"
    }
  }
}
[2025-01-18T20:57:55.622Z] RC VERBOSE {
  speedTrapResult: {
    player: 'MarsCitadel',
    enter: {
      timestamp: 1737233873009,
      position: [Array],
      velocity: [Array],
      player: 'MarsCitadel'
    },
    exit: {
      timestamp: 1737233875615,
      position: [Array],
      velocity: [Array],
      player: 'MarsCitadel'
    }
  }
}
[2025-01-18T20:57:56.035Z] RC VERBOSE 2 {"timestamp":1737233875361,"checkpoint_crosses":{"1":["HanameYt"]}}
[2025-01-18T20:57:56.067Z] RC VERBOSE 2 {"timestamp":1737233876060,"checkpoint_crosses":{"3":["Miesneus"]}}
[2025-01-18T20:57:56.171Z] RC VERBOSE 2 {"timestamp":1737233876164,"checkpoint_crosses":{"3":["_AmazingAstro"]}}
[2025-01-18T20:57:56.585Z] RC VERBOSE 2 {"timestamp":1737233875911,"checkpoint_crosses":{"2":["SubayAdamm"]}}
[2025-01-18T20:57:56.970Z] RC VERBOSE 18 {
  "speedTrapResult": {
    "player": "_AmazingAstro",
    "enter": {
      "timestamp": 1737233875310,
      "position": [
        -3689.925248296761,
        7.5875,
        8495.298826013981
      ],
      "velocity": [
        0.0,
        0.0,
        0.0
      ],
      "player": "_AmazingAstro"
    },
    "exit": {
      "timestamp": 1737233876964,
      "position": [
        -3695.40039548853,
        7.5875,
        8530.552866266933
      ],
      "velocity": [
        0.0,
        0.0,
        0.0
      ],
      "player": "_AmazingAstro"
    }
  }
}
[2025-01-18T20:57:56.970Z] RC VERBOSE {
  speedTrapResult: {
    player: '_AmazingAstro',
    enter: {
      timestamp: 1737233875310,
      position: [Array],
      velocity: [Array],
      player: '_AmazingAstro'
    },
    exit: {
      timestamp: 1737233876964,
      position: [Array],
      velocity: [Array],
      player: '_AmazingAstro'
    }
  }
}
[2025-01-18T20:57:57.116Z] RC VERBOSE 2 {"timestamp":1737233877109,"checkpoint_crosses":{"0":["KandaWel"]}}
[2025-01-18T20:57:57.116Z] RACE INFO KandaWel finished lap 2 with a time of 52.195
[2025-01-18T20:57:57.367Z] RC VERBOSE 18 {
  "speedTrapResult": {
    "player": "Miesneus",
    "enter": {
      "timestamp": 1737233874559,
      "position": [
        -3687.566544023771,
        7.5875,
        8495.200184322619
      ],
      "velocity": [
        0.0,
        0.0,
        0.0
      ],
      "player": "Miesneus"
    },
    "exit": {
      "timestamp": 1737233877359,
      "position": [
        -3693.517824735801,
        7.5875,
        8530.700222720927
      ],
      "velocity": [
        0.0,
        0.0,
        0.0
      ],
      "player": "Miesneus"
    }
  }
}
[2025-01-18T20:57:57.367Z] RC VERBOSE {
  speedTrapResult: {
    player: 'Miesneus',
    enter: {
      timestamp: 1737233874559,
      position: [Array],
      velocity: [Array],
      player: 'Miesneus'
    },
    exit: {
      timestamp: 1737233877359,
      position: [Array],
      velocity: [Array],
      player: 'Miesneus'
    }
  }
}
[2025-01-18T20:57:57.835Z] RC VERBOSE 2 {"timestamp":1737233877161,"checkpoint_crosses":{"1":["Saiyuuuu"]}}
[2025-01-18T20:57:58.020Z] RC VERBOSE 2 {"timestamp":1737233878013,"checkpoint_crosses":{"3":["Samuelle1411"]}}
[2025-01-18T20:57:58.086Z] RC VERBOSE 2 {"timestamp":1737233877411,"checkpoint_crosses":{"2":["T1AL_"]}}
[2025-01-18T20:57:58.617Z] RC VERBOSE 2 {"timestamp":1737233878611,"checkpoint_crosses":{"0":["Alger1no"]}}
[2025-01-18T20:57:58.618Z] RACE INFO Alger1no finished lap 2 with a time of 55.899
[2025-01-18T20:57:58.867Z] RC VERBOSE 18 {
  "speedTrapResult": {
    "player": "Samuelle1411",
    "enter": {
      "timestamp": 1737233877165,
      "position": [
        -3690.2326474476745,
        7.5875,
        8495.317818205873
      ],
      "velocity": [
        0.0,
        0.0,
        0.0
      ],
      "player": "Samuelle1411"
    },
    "exit": {
      "timestamp": 1737233878861,
      "position": [
        -3694.1061756421095,
        7.5875,
        8530.788418966673
      ],
      "velocity": [
        0.0,
        0.0,
        0.0
      ],
      "player": "Samuelle1411"
    }
  }
}
[2025-01-18T20:57:58.867Z] RC VERBOSE {
  speedTrapResult: {
    player: 'Samuelle1411',
    enter: {
      timestamp: 1737233877165,
      position: [Array],
      velocity: [Array],
      player: 'Samuelle1411'
    },
    exit: {
      timestamp: 1737233878861,
      position: [Array],
      velocity: [Array],
      player: 'Samuelle1411'
    }
  }
}
[2025-01-18T20:57:58.986Z] RC VERBOSE 2 {"timestamp":1737233878311,"checkpoint_crosses":{"2":["SaishoVibes"]}}
[2025-01-18T20:57:59.485Z] RC VERBOSE 2 {"timestamp":1737233878811,"checkpoint_crosses":{"2":["Malji"]}}
[2025-01-18T20:58:01.518Z] RC VERBOSE 2 {"timestamp":1737233881511,"checkpoint_crosses":{"3":["Devaliant_"]}}
[2025-01-18T20:58:02.370Z] RC VERBOSE 18 {
  "speedTrapResult": {
    "player": "Devaliant_",
    "enter": {
      "timestamp": 1737233880709,
      "position": [
        -3693.242925634947,
        7.5875,
        8495.336332782135
      ],
      "velocity": [
        0.0,
        0.0,
        0.0
      ],
      "player": "Devaliant_"
    },
    "exit": {
      "timestamp": 1737233882363,
      "position": [
        -3691.8039840981182,
        7.5875,
        8530.974921141287
      ],
      "velocity": [
        0.0,
        0.0,
        0.0
      ],
      "player": "Devaliant_"
    }
  }
}
[2025-01-18T20:58:02.370Z] RC VERBOSE {
  speedTrapResult: {
    player: 'Devaliant_',
    enter: {
      timestamp: 1737233880709,
      position: [Array],
      velocity: [Array],
      player: 'Devaliant_'
    },
    exit: {
      timestamp: 1737233882363,
      position: [Array],
      velocity: [Array],
      player: 'Devaliant_'
    }
  }
}
[2025-01-18T20:58:02.486Z] RC VERBOSE 2 {"timestamp":1737233881810,"checkpoint_crosses":{"2":["HanameYt"]}}
[2025-01-18T20:58:02.516Z] RC VERBOSE 2 {"timestamp":1737233882508,"checkpoint_crosses":{"3":["ikonos33"]}}
[2025-01-18T20:58:03.086Z] RC VERBOSE 2 {"timestamp":1737233882411,"checkpoint_crosses":{"1":["TheAlphaGamer787"]}}
[2025-01-18T20:58:03.370Z] RC VERBOSE 18 {
  "speedTrapResult": {
    "player": "ikonos33",
    "enter": {
      "timestamp": 1737233881661,
      "position": [
        -3690.088062349551,
        7.5875,
        8495.483740652722
      ],
      "velocity": [
        0.0,
        0.0,
        0.0
      ],
      "player": "ikonos33"
    },
    "exit": {
      "timestamp": 1737233883364,
      "position": [
        -3690.11323502079,
        7.5875,
        8531.346851968454
      ],
      "velocity": [
        0.0,
        0.0,
        0.0
      ],
      "player": "ikonos33"
    }
  }
}
[2025-01-18T20:58:03.370Z] RC VERBOSE {
  speedTrapResult: {
    player: 'ikonos33',
    enter: {
      timestamp: 1737233881661,
      position: [Array],
      velocity: [Array],
      player: 'ikonos33'
    },
    exit: {
      timestamp: 1737233883364,
      position: [Array],
      velocity: [Array],
      player: 'ikonos33'
    }
  }
}
[2025-01-18T20:58:03.620Z] RC VERBOSE 2 {"timestamp":1737233883613,"checkpoint_crosses":{"3":["Iceio_"]}}
[2025-01-18T20:58:04.371Z] RC VERBOSE 2 {"timestamp":1737233884364,"checkpoint_crosses":{"0":["chocolatemine7"]}}
[2025-01-18T20:58:04.371Z] RACE INFO chocolatemine7 finished lap 3 with a time of 43.453
[2025-01-18T20:58:04.420Z] RC VERBOSE 18 {
  "speedTrapResult": {
    "player": "Iceio_",
    "enter": {
      "timestamp": 1737233882864,
      "position": [
        -3688.384903622009,
        7.5875,
        8495.085025464263
      ],
      "velocity": [
        0.0,
        0.0,
        0.0
      ],
      "player": "Iceio_"
    },
    "exit": {
      "timestamp": 1737233884413,
      "position": [
        -3689.5083609577937,
        7.5875,
        8531.347552033305
      ],
      "velocity": [
        0.0,
        0.0,
        0.0
      ],
      "player": "Iceio_"
    }
  }
}
[2025-01-18T20:58:04.420Z] RC VERBOSE {
  speedTrapResult: {
    player: 'Iceio_',
    enter: {
      timestamp: 1737233882864,
      position: [Array],
      velocity: [Array],
      player: 'Iceio_'
    },
    exit: {
      timestamp: 1737233884413,
      position: [Array],
      velocity: [Array],
      player: 'Iceio_'
    }
  }
}
[2025-01-18T20:58:04.669Z] RC VERBOSE 2 {"timestamp":1737233884663,"checkpoint_crosses":{"0":["CapitaoMorfetico"]}}
[2025-01-18T20:58:04.669Z] RACE INFO CapitaoMorfetico finished lap 2 with a time of 67.149
[2025-01-18T20:58:04.670Z] RC VERBOSE 8 {"timestamp":1737233884663,"pit_crosses":["CapitaoMorfetico"]}
[2025-01-18T20:58:04.886Z] RC VERBOSE 2 {"timestamp":1737233884211,"checkpoint_crosses":{"2":["Saiyuuuu"]}}
[2025-01-18T20:58:05.518Z] RC VERBOSE 2 {"timestamp":1737233885511,"checkpoint_crosses":{"0":["MarsCitadel"]}}
[2025-01-18T20:58:05.518Z] RACE INFO MarsCitadel finished lap 3 with a time of 48.95
[2025-01-18T20:58:06.922Z] RC VERBOSE 2 {"timestamp":1737233886915,"checkpoint_crosses":{"3":["n0va1x"]}}
[2025-01-18T20:58:07.269Z] RC VERBOSE 2 {"timestamp":1737233887262,"checkpoint_crosses":{"0":["_AmazingAstro"]}}
[2025-01-18T20:58:07.269Z] RACE INFO _AmazingAstro finished lap 3 with a time of 43.301
[2025-01-18T20:58:07.617Z] RC VERBOSE 18 {
  "speedTrapResult": {
    "player": "n0va1x",
    "enter": {
      "timestamp": 1737233886116,
      "position": [
        -3687.6747177511993,
        7.5875,
        8495.089488698703
      ],
      "velocity": [
        0.0,
        0.0,
        0.0
      ],
      "player": "n0va1x"
    },
    "exit": {
      "timestamp": 1737233887610,
      "position": [
        -3687.7728265942696,
        7.5875,
        8530.382564932692
      ],
      "velocity": [
        0.0,
        0.0,
        0.0
      ],
      "player": "n0va1x"
    }
  }
}
[2025-01-18T20:58:07.617Z] RC VERBOSE {
  speedTrapResult: {
    player: 'n0va1x',
    enter: {
      timestamp: 1737233886116,
      position: [Array],
      velocity: [Array],
      player: 'n0va1x'
    },
    exit: {
      timestamp: 1737233887610,
      position: [Array],
      velocity: [Array],
      player: 'n0va1x'
    }
  }
}
[2025-01-18T20:58:08.020Z] RC VERBOSE 2 {"timestamp":1737233888013,"checkpoint_crosses":{"3":["Terraformer9"]}}
[2025-01-18T20:58:08.770Z] RC VERBOSE 18 {
  "speedTrapResult": {
    "player": "Terraformer9",
    "enter": {
      "timestamp": 1737233887214,
      "position": [
        -3688.304317978413,
        7.5875,
        8495.5304246718
      ],
      "velocity": [
        0.0,
        0.0,
        0.0
      ],
      "player": "Terraformer9"
    },
    "exit": {
      "timestamp": 1737233888763,
      "position": [
        -3688.0122765086835,
        7.5875,
        8531.318290559844
      ],
      "velocity": [
        0.0,
        0.0,
        0.0
      ],
      "player": "Terraformer9"
    }
  }
}
[2025-01-18T20:58:08.770Z] RC VERBOSE {
  speedTrapResult: {
    player: 'Terraformer9',
    enter: {
      timestamp: 1737233887214,
      position: [Array],
      velocity: [Array],
      player: 'Terraformer9'
    },
    exit: {
      timestamp: 1737233888763,
      position: [Array],
      velocity: [Array],
      player: 'Terraformer9'
    }
  }
}
[2025-01-18T20:58:09.222Z] RC VERBOSE 2 {"timestamp":1737233889215,"checkpoint_crosses":{"0":["Samuelle1411"]}}
[2025-01-18T20:58:09.222Z] RACE INFO Samuelle1411 finished lap 3 with a time of 42.703
[2025-01-18T20:58:09.538Z] RC VERBOSE 2 {"timestamp":1737233888861,"checkpoint_crosses":{"2":["TheAlphaGamer787"]}}
[2025-01-18T20:58:10.223Z] RC VERBOSE 2 {"timestamp":1737233890216,"checkpoint_crosses":{"0":["Miesneus"]}}
[2025-01-18T20:58:10.223Z] RACE INFO Miesneus finished lap 3 with a time of 48.102
[2025-01-18T20:58:10.987Z] RC VERBOSE 2 {"timestamp":1737233890312,"checkpoint_crosses":{"1":["KandaWel"]}}
[2025-01-18T20:58:11.021Z] RC VERBOSE 2 {"timestamp":1737233891015,"checkpoint_crosses":{"3":["duxq"]}}
[2025-01-18T20:58:11.716Z] RC VERBOSE 18 {
  "speedTrapResult": {
    "player": "duxq",
    "enter": {
      "timestamp": 1737233890264,
      "position": [
        -3688.3151532749603,
        7.5875,
        8495.686091333864
      ],
      "velocity": [
        0.0,
        0.0,
        0.0
      ],
      "player": "duxq"
    },
    "exit": {
      "timestamp": 1737233891710,
      "position": [
        -3688.2251835998422,
        7.5875,
        8530.482103775106
      ],
      "velocity": [
        0.0,
        0.0,
        0.0
      ],
      "player": "duxq"
    }
  }
}
[2025-01-18T20:58:11.717Z] RC VERBOSE {
  speedTrapResult: {
    player: 'duxq',
    enter: {
      timestamp: 1737233890264,
      position: [Array],
      velocity: [Array],
      player: 'duxq'
    },
    exit: {
      timestamp: 1737233891710,
      position: [Array],
      velocity: [Array],
      player: 'duxq'
    }
  }
}
[2025-01-18T20:58:11.887Z] RC VERBOSE 2 {"timestamp":1737233891211,"checkpoint_crosses":{"1":["Alger1no"]}}
[2025-01-18T20:58:12.522Z] RC VERBOSE 2 {"timestamp":1737233892515,"checkpoint_crosses":{"0":["Devaliant_"],"3":["SubayAdamm","T1AL_"]}}
[2025-01-18T20:58:12.522Z] RACE INFO Devaliant_ finished lap 3 with a time of 43.703
[2025-01-18T20:58:13.322Z] RC VERBOSE 18 {
  "speedTrapResult": {
    "player": "T1AL_",
    "enter": {
      "timestamp": 1737233891564,
      "position": [
        -3689.770149153104,
        7.5875,
        8495.637022387846
      ],
      "velocity": [
        0.0,
        0.0,
        0.0
      ],
      "player": "T1AL_"
    },
    "exit": {
      "timestamp": 1737233893315,
      "position": [
        -3687.57495476728,
        7.5875,
        8530.495479543746
      ],
      "velocity": [
        0.0,
        0.0,
        0.0
      ],
      "player": "T1AL_"
    }
  }
}
[2025-01-18T20:58:13.322Z] RC VERBOSE {
  speedTrapResult: {
    player: 'T1AL_',
    enter: {
      timestamp: 1737233891564,
      position: [Array],
      velocity: [Array],
      player: 'T1AL_'
    },
    exit: {
      timestamp: 1737233893315,
      position: [Array],
      velocity: [Array],
      player: 'T1AL_'
    }
  }
}
[2025-01-18T20:58:13.370Z] RC VERBOSE 18 {
  "speedTrapResult": {
    "player": "SubayAdamm",
    "enter": {
      "timestamp": 1737233891710,
      "position": [
        -3692.4674429050833,
        7.5875,
        8495.379035483616
      ],
      "velocity": [
        0.0,
        0.0,
        0.0
      ],
      "player": "SubayAdamm"
    },
    "exit": {
      "timestamp": 1737233893364,
      "position": [
        -3695.159931294506,
        7.5875,
        8531.255740846931
      ],
      "velocity": [
        0.0,
        0.0,
        0.0
      ],
      "player": "SubayAdamm"
    }
  }
}
[2025-01-18T20:58:13.371Z] RC VERBOSE {
  speedTrapResult: {
    player: 'SubayAdamm',
    enter: {
      timestamp: 1737233891710,
      position: [Array],
      velocity: [Array],
      player: 'SubayAdamm'
    },
    exit: {
      timestamp: 1737233893364,
      position: [Array],
      velocity: [Array],
      player: 'SubayAdamm'
    }
  }
}
[2025-01-18T20:58:13.517Z] RC VERBOSE 2 {"timestamp":1737233893510,"checkpoint_crosses":{"0":["ikonos33"]}}
[2025-01-18T20:58:13.517Z] RACE INFO ikonos33 finished lap 3 with a time of 43.495
[2025-01-18T20:58:13.821Z] RC VERBOSE 2 {"timestamp":1737233893815,"checkpoint_crosses":{"3":["SaishoVibes"]}}
[2025-01-18T20:58:14.573Z] RC VERBOSE 18 {
  "speedTrapResult": {
    "player": "SaishoVibes",
    "enter": {
      "timestamp": 1737233893009,
      "position": [
        -3688.2707915329656,
        7.5875,
        8495.349277094583
      ],
      "velocity": [
        0.0,
        0.0,
        0.0
      ],
      "player": "SaishoVibes"
    },
    "exit": {
      "timestamp": 1737233894566,
      "position": [
        -3688.4199873915118,
        7.5875,
        8531.024281269605
      ],
      "velocity": [
        0.0,
        0.0,
        0.0
      ],
      "player": "SaishoVibes"
    }
  }
}
[2025-01-18T20:58:14.573Z] RC VERBOSE {
  speedTrapResult: {
    player: 'SaishoVibes',
    enter: {
      timestamp: 1737233893009,
      position: [Array],
      velocity: [Array],
      player: 'SaishoVibes'
    },
    exit: {
      timestamp: 1737233894566,
      position: [Array],
      velocity: [Array],
      player: 'SaishoVibes'
    }
  }
}
[2025-01-18T20:58:15.421Z] RC VERBOSE 2 {"timestamp":1737233895414,"checkpoint_crosses":{"3":["Malji"]}}
[2025-01-18T20:58:15.987Z] RC VERBOSE 2 {"timestamp":1737233895311,"checkpoint_crosses":{"1":["chocolatemine7"]}}
[2025-01-18T20:58:16.170Z] RC VERBOSE 18 {
  "speedTrapResult": {
    "player": "Malji",
    "enter": {
      "timestamp": 1737233894614,
      "position": [
        -3687.8604045829165,
        7.5875,
        8495.877073392256
      ],
      "velocity": [
        0.0,
        0.0,
        0.0
      ],
      "player": "Malji"
    },
    "exit": {
      "timestamp": 1737233896164,
      "position": [
        -3689.9284682945618,
        7.5875,
        8531.688251909332
      ],
      "velocity": [
        0.0,
        0.0,
        0.0
      ],
      "player": "Malji"
    }
  }
}
[2025-01-18T20:58:16.170Z] RC VERBOSE {
  speedTrapResult: {
    player: 'Malji',
    enter: {
      timestamp: 1737233894614,
      position: [Array],
      velocity: [Array],
      player: 'Malji'
    },
    exit: {
      timestamp: 1737233896164,
      position: [Array],
      velocity: [Array],
      player: 'Malji'
    }
  }
}
[2025-01-18T20:58:16.637Z] RC VERBOSE 2 {"timestamp":1737233895962,"checkpoint_crosses":{"1":["CapitaoMorfetico"]}}
[2025-01-18T20:58:17.587Z] RC VERBOSE 2 {"timestamp":1737233896912,"checkpoint_crosses":{"1":["MarsCitadel"]}}
[2025-01-18T20:58:18.020Z] RC VERBOSE 2 {"timestamp":1737233898013,"checkpoint_crosses":{"3":["HanameYt"]}}
[2025-01-18T20:58:18.770Z] RC VERBOSE 18 {
  "speedTrapResult": {
    "player": "HanameYt",
    "enter": {
      "timestamp": 1737233897415,
      "position": [
        -3688.2697825927803,
        7.5875,
        8495.454662879545
      ],
      "velocity": [
        0.0,
        0.0,
        0.0
      ],
      "player": "HanameYt"
    },
    "exit": {
      "timestamp": 1737233898763,
      "position": [
        -3688.1490129583512,
        7.5875,
        8531.803562152032
      ],
      "velocity": [
        0.0,
        0.0,
        0.0
      ],
      "player": "HanameYt"
    }
  }
}
[2025-01-18T20:58:18.770Z] RC VERBOSE {
  speedTrapResult: {
    player: 'HanameYt',
    enter: {
      timestamp: 1737233897415,
      position: [Array],
      velocity: [Array],
      player: 'HanameYt'
    },
    exit: {
      timestamp: 1737233898763,
      position: [Array],
      velocity: [Array],
      player: 'HanameYt'
    }
  }
}
[2025-01-18T20:58:18.837Z] RC VERBOSE 2 {"timestamp":1737233898162,"checkpoint_crosses":{"1":["_AmazingAstro"],"2":["KandaWel"]}}
[2025-01-18T20:58:19.602Z] RC VERBOSE 2 {"timestamp":1737233898904,"checkpoint_crosses":{"2":["Alger1no"]}}
[2025-01-18T20:58:20.570Z] RC VERBOSE 2 {"timestamp":1737233900563,"checkpoint_crosses":{"3":["Saiyuuuu"]}}
[2025-01-18T20:58:20.618Z] RC VERBOSE 16 {"timestamp":1737233900612,"pit_enter_crosses":["Terraformer9"]}
[2025-01-18T20:58:21.320Z] RC VERBOSE 18 {
  "speedTrapResult": {
    "player": "Saiyuuuu",
    "enter": {
      "timestamp": 1737233899812,
      "position": [
        -3687.0096695239945,
        7.5875,
        8495.453417340885
      ],
      "velocity": [
        0.0,
        0.0,
        0.0
      ],
      "player": "Saiyuuuu"
    },
    "exit": {
      "timestamp": 1737233901313,
      "position": [
        -3688.2810303962424,
        7.5875,
        8531.710075400095
      ],
      "velocity": [
        0.0,
        0.0,
        0.0
      ],
      "player": "Saiyuuuu"
    }
  }
}
[2025-01-18T20:58:21.320Z] RC VERBOSE {
  speedTrapResult: {
    player: 'Saiyuuuu',
    enter: {
      timestamp: 1737233899812,
      position: [Array],
      velocity: [Array],
      player: 'Saiyuuuu'
    },
    exit: {
      timestamp: 1737233901313,
      position: [Array],
      velocity: [Array],
      player: 'Saiyuuuu'
    }
  }
}
[2025-01-18T20:58:21.737Z] RC VERBOSE 2 {"timestamp":1737233901062,"checkpoint_crosses":{"1":["Samuelle1411"]}}
[2025-01-18T20:58:22.491Z] RC VERBOSE 2 {"timestamp":1737233901812,"checkpoint_crosses":{"2":["chocolatemine7"]}}
[2025-01-18T20:58:22.772Z] RC VERBOSE 2 {"timestamp":1737233902765,"checkpoint_crosses":{"0":["n0va1x"]}}
[2025-01-18T20:58:22.772Z] RACE INFO n0va1x finished lap 3 with a time of 50.652
[2025-01-18T20:58:22.887Z] RC VERBOSE 2 {"timestamp":1737233902212,"checkpoint_crosses":{"1":["Miesneus"]}}
[2025-01-18T20:58:23.887Z] RC VERBOSE 2 {"timestamp":1737233903211,"checkpoint_crosses":{"2":["MarsCitadel"]}}
[2025-01-18T20:58:24.187Z] RC VERBOSE 2 {"timestamp":1737233903511,"checkpoint_crosses":{"2":["CapitaoMorfetico"]}}
[2025-01-18T20:58:24.272Z] RC VERBOSE 2 {"timestamp":1737233903562,"checkpoint_crosses":{"1":["Devaliant_"]}}
[2025-01-18T20:58:24.371Z] RC VERBOSE 2 {"timestamp":1737233904364,"checkpoint_crosses":{"0":["duxq"]}}
[2025-01-18T20:58:24.371Z] RACE INFO duxq finished lap 3 with a time of 50.75
[2025-01-18T20:58:24.420Z] RC VERBOSE 2 {"timestamp":1737233904413,"checkpoint_crosses":{"3":["TheAlphaGamer787"]}}
[2025-01-18T20:58:24.719Z] RC VERBOSE 2 {"timestamp":1737233904712,"checkpoint_crosses":{"0":["T1AL_"]}}
[2025-01-18T20:58:24.719Z] RACE INFO T1AL_ finished lap 3 with a time of 46.199
[2025-01-18T20:58:25.170Z] RC VERBOSE 18 {
  "speedTrapResult": {
    "player": "TheAlphaGamer787",
    "enter": {
      "timestamp": 1737233903565,
      "position": [
        -3687.889942825692,
        7.5875,
        8495.6739916289
      ],
      "velocity": [
        0.0,
        0.0,
        0.0
      ],
      "player": "TheAlphaGamer787"
    },
    "exit": {
      "timestamp": 1737233905163,
      "position": [
        -3688.1454391813186,
        7.5875,
        8530.489888394839
      ],
      "velocity": [
        0.0,
        0.0,
        0.0
      ],
      "player": "TheAlphaGamer787"
    }
  }
}
[2025-01-18T20:58:25.170Z] RC VERBOSE {
  speedTrapResult: {
    player: 'TheAlphaGamer787',
    enter: {
      timestamp: 1737233903565,
      position: [Array],
      velocity: [Array],
      player: 'TheAlphaGamer787'
    },
    exit: {
      timestamp: 1737233905163,
      position: [Array],
      velocity: [Array],
      player: 'TheAlphaGamer787'
    }
  }
}
[2025-01-18T20:58:25.421Z] RC VERBOSE 2 {"timestamp":1737233905413,"checkpoint_crosses":{"0":["SaishoVibes"]}}
[2025-01-18T20:58:25.421Z] RACE INFO SaishoVibes finished lap 3 with a time of 45.753
[2025-01-18T20:58:25.588Z] RC VERBOSE 2 {"timestamp":1737233904912,"checkpoint_crosses":{"2":["_AmazingAstro"]}}
[2025-01-18T20:58:27.737Z] RC VERBOSE 2 {"timestamp":1737233907063,"checkpoint_crosses":{"1":["ikonos33"]}}
[2025-01-18T20:58:28.423Z] RC VERBOSE 2 {"timestamp":1737233908415,"checkpoint_crosses":{"0":["SubayAdamm"]}}
[2025-01-18T20:58:28.423Z] RACE INFO SubayAdamm finished lap 3 with a time of 51.403
[2025-01-18T20:58:28.437Z] RC VERBOSE 2 {"timestamp":1737233907763,"checkpoint_crosses":{"2":["Samuelle1411"]}}
[2025-01-18T20:58:29.139Z] RC VERBOSE 2 {"timestamp":1737233908463,"checkpoint_crosses":{"2":["Miesneus"]}}
[2025-01-18T20:58:30.569Z] RC VERBOSE 2 {"timestamp":1737233910562,"checkpoint_crosses":{"0":["Malji"]}}
[2025-01-18T20:58:30.569Z] RACE INFO Malji finished lap 3 with a time of 49.852
[2025-01-18T20:58:30.868Z] RC VERBOSE 2 {"timestamp":1737233910861,"checkpoint_crosses":{"0":["HanameYt"]}}
[2025-01-18T20:58:30.868Z] RACE INFO HanameYt finished lap 3 with a time of 47.045
[2025-01-18T20:58:31.088Z] RC VERBOSE 2 {"timestamp":1737233910413,"checkpoint_crosses":{"2":["Devaliant_"]}}
[2025-01-18T20:58:33.717Z] RC VERBOSE 16 {"timestamp":1737233913710,"pit_enter_crosses":["Saiyuuuu"]}
[2025-01-18T20:58:33.822Z] RC VERBOSE 2 {"timestamp":1737233913815,"checkpoint_crosses":{"0":["Terraformer9"]}}
[2025-01-18T20:58:33.822Z] RACE INFO Terraformer9 finished lap 3 with a time of 59.151
[2025-01-18T20:58:33.823Z] RC VERBOSE 8 {"timestamp":1737233913815,"pit_crosses":["Terraformer9"]}
[2025-01-18T20:58:34.138Z] RC VERBOSE 2 {"timestamp":1737233913462,"checkpoint_crosses":{"2":["ikonos33"]}}
[2025-01-18T20:58:34.488Z] RC VERBOSE 2 {"timestamp":1737233913813,"checkpoint_crosses":{"1":["n0va1x"]}}
[2025-01-18T20:58:36.066Z] RC VERBOSE 2 {"timestamp":1737233916060,"checkpoint_crosses":{"0":["TheAlphaGamer787"]}}
[2025-01-18T20:58:36.066Z] RACE INFO TheAlphaGamer787 finished lap 3 with a time of 49.701
[2025-01-18T20:58:36.122Z] RC VERBOSE 2 {"timestamp":1737233916115,"checkpoint_crosses":{"3":["KandaWel"]}}
[2025-01-18T20:58:36.338Z] RC VERBOSE 2 {"timestamp":1737233915663,"checkpoint_crosses":{"1":["T1AL_"]}}
[2025-01-18T20:58:36.518Z] RC VERBOSE 2 {"timestamp":1737233916511,"checkpoint_crosses":{"3":["chocolatemine7"]}}
[2025-01-18T20:58:36.738Z] RC VERBOSE 2 {"timestamp":1737233916063,"checkpoint_crosses":{"1":["duxq"]}}
[2025-01-18T20:58:36.921Z] RC VERBOSE 18 {
  "speedTrapResult": {
    "player": "KandaWel",
    "enter": {
      "timestamp": 1737233915309,
      "position": [
        -3693.350343334796,
        7.5875,
        8495.790159476192
      ],
      "velocity": [
        0.0,
        0.0,
        0.0
      ],
      "player": "KandaWel"
    },
    "exit": {
      "timestamp": 1737233916914,
      "position": [
        -3696.925790930338,
        7.5875,
        8531.538686389415
      ],
      "velocity": [
        0.0,
        0.0,
        0.0
      ],
      "player": "KandaWel"
    }
  }
}
[2025-01-18T20:58:36.921Z] RC VERBOSE {
  speedTrapResult: {
    player: 'KandaWel',
    enter: {
      timestamp: 1737233915309,
      position: [Array],
      velocity: [Array],
      player: 'KandaWel'
    },
    exit: {
      timestamp: 1737233916914,
      position: [Array],
      velocity: [Array],
      player: 'KandaWel'
    }
  }
}
[2025-01-18T20:58:37.220Z] RC VERBOSE 18 {
  "speedTrapResult": {
    "player": "chocolatemine7",
    "enter": {
      "timestamp": 1737233915712,
      "position": [
        -3686.705363485198,
        7.5875,
        8495.590964521842
      ],
      "velocity": [
        0.0,
        0.0,
        0.0
      ],
      "player": "chocolatemine7"
    },
    "exit": {
      "timestamp": 1737233917213,
      "position": [
        -3687.7312868198605,
        7.5875,
        8530.553103546783
      ],
      "velocity": [
        0.0,
        0.0,
        0.0
      ],
      "player": "chocolatemine7"
    }
  }
}
[2025-01-18T20:58:37.220Z] RC VERBOSE {
  speedTrapResult: {
    player: 'chocolatemine7',
    enter: {
      timestamp: 1737233915712,
      position: [Array],
      velocity: [Array],
      player: 'chocolatemine7'
    },
    exit: {
      timestamp: 1737233917213,
      position: [Array],
      velocity: [Array],
      player: 'chocolatemine7'
    }
  }
}
[2025-01-18T20:58:38.019Z] RC VERBOSE 2 {"timestamp":1737233918013,"checkpoint_crosses":{"3":["MarsCitadel"]}}
[2025-01-18T20:58:38.769Z] RC VERBOSE 18 {
  "speedTrapResult": {
    "player": "MarsCitadel",
    "enter": {
      "timestamp": 1737233917213,
      "position": [
        -3687.4811654934424,
        7.5875,
        8495.091432115401
      ],
      "velocity": [
        0.0,
        0.0,
        0.0
      ],
      "player": "MarsCitadel"
    },
    "exit": {
      "timestamp": 1737233918763,
      "position": [
        -3688.034052426809,
        7.5875,
        8530.782398513587
      ],
      "velocity": [
        0.0,
        0.0,
        0.0
      ],
      "player": "MarsCitadel"
    }
  }
}
[2025-01-18T20:58:38.770Z] RC VERBOSE {
  speedTrapResult: {
    player: 'MarsCitadel',
    enter: {
      timestamp: 1737233917213,
      position: [Array],
      velocity: [Array],
      player: 'MarsCitadel'
    },
    exit: {
      timestamp: 1737233918763,
      position: [Array],
      velocity: [Array],
      player: 'MarsCitadel'
    }
  }
}
[2025-01-18T20:58:39.520Z] RC VERBOSE 2 {"timestamp":1737233919513,"checkpoint_crosses":{"3":["Alger1no"]}}
[2025-01-18T20:58:40.339Z] RC VERBOSE 2 {"timestamp":1737233919663,"checkpoint_crosses":{"1":["SaishoVibes"]}}
[2025-01-18T20:58:40.368Z] RC VERBOSE 18 {
  "speedTrapResult": {
    "player": "Alger1no",
    "enter": {
      "timestamp": 1737233918714,
      "position": [
        -3694.8514522264986,
        7.5875,
        8495.707566258505
      ],
      "velocity": [
        0.0,
        0.0,
        0.0
      ],
      "player": "Alger1no"
    },
    "exit": {
      "timestamp": 1737233920361,
      "position": [
        -3691.692213099538,
        7.5875,
        8531.199933025902
      ],
      "velocity": [
        0.0,
        0.0,
        0.0
      ],
      "player": "Alger1no"
    }
  }
}
[2025-01-18T20:58:40.368Z] RC VERBOSE {
  speedTrapResult: {
    player: 'Alger1no',
    enter: {
      timestamp: 1737233918714,
      position: [Array],
      velocity: [Array],
      player: 'Alger1no'
    },
    exit: {
      timestamp: 1737233920361,
      position: [Array],
      velocity: [Array],
      player: 'Alger1no'
    }
  }
}
[2025-01-18T20:58:41.089Z] RC VERBOSE 2 {"timestamp":1737233920413,"checkpoint_crosses":{"2":["n0va1x"]}}
[2025-01-18T20:58:41.717Z] RC VERBOSE 2 {"timestamp":1737233921709,"checkpoint_crosses":{"3":["CapitaoMorfetico"]}}
[2025-01-18T20:58:41.889Z] RC VERBOSE 2 {"timestamp":1737233921213,"checkpoint_crosses":{"1":["SubayAdamm"]}}
[2025-01-18T20:58:42.418Z] RC VERBOSE 18 {
  "speedTrapResult": {
    "player": "CapitaoMorfetico",
    "enter": {
      "timestamp": 1737233920966,
      "position": [
        -3688.887336053526,
        7.9,
        8495.737484835005
      ],
      "velocity": [
        0.0,
        0.0,
        0.0
      ],
      "player": "CapitaoMorfetico"
    },
    "exit": {
      "timestamp": 1737233922411,
      "position": [
        -3688.982240397151,
        7.9,
        8530.388126222098
      ],
      "velocity": [
        0.0,
        0.0,
        0.0
      ],
      "player": "CapitaoMorfetico"
    }
  }
}
[2025-01-18T20:58:42.418Z] RC VERBOSE {
  speedTrapResult: {
    player: 'CapitaoMorfetico',
    enter: {
      timestamp: 1737233920966,
      position: [Array],
      velocity: [Array],
      player: 'CapitaoMorfetico'
    },
    exit: {
      timestamp: 1737233922411,
      position: [Array],
      velocity: [Array],
      player: 'CapitaoMorfetico'
    }
  }
}
[2025-01-18T20:58:42.571Z] RC VERBOSE 2 {"timestamp":1737233922564,"checkpoint_crosses":{"3":["_AmazingAstro"]}}
[2025-01-18T20:58:42.588Z] RC VERBOSE 2 {"timestamp":1737233921913,"checkpoint_crosses":{"1":["Malji"]}}
[2025-01-18T20:58:42.668Z] RC VERBOSE 2 {"timestamp":1737233922661,"checkpoint_crosses":{"3":["Samuelle1411"]}}
[2025-01-18T20:58:42.838Z] RC VERBOSE 2 {"timestamp":1737233922163,"checkpoint_crosses":{"2":["T1AL_"]}}
[2025-01-18T20:58:43.289Z] RC VERBOSE 2 {"timestamp":1737233922613,"checkpoint_crosses":{"1":["HanameYt"]}}
[2025-01-18T20:58:43.370Z] RC VERBOSE 18 {
  "speedTrapResult": {
    "player": "Samuelle1411",
    "enter": {
      "timestamp": 1737233921911,
      "position": [
        -3686.477362299291,
        7.5875,
        8495.717377921996
      ],
      "velocity": [
        0.0,
        0.0,
        0.0
      ],
      "player": "Samuelle1411"
    },
    "exit": {
      "timestamp": 1737233923362,
      "position": [
        -3689.4125755031437,
        7.5875,
        8530.438562289688
      ],
      "velocity": [
        0.0,
        0.0,
        0.0
      ],
      "player": "Samuelle1411"
    }
  }
}
[2025-01-18T20:58:43.370Z] RC VERBOSE {
  speedTrapResult: {
    player: 'Samuelle1411',
    enter: {
      timestamp: 1737233921911,
      position: [Array],
      velocity: [Array],
      player: 'Samuelle1411'
    },
    exit: {
      timestamp: 1737233923362,
      position: [Array],
      velocity: [Array],
      player: 'Samuelle1411'
    }
  }
}
[2025-01-18T20:58:43.371Z] RC VERBOSE 18 {
  "speedTrapResult": {
    "player": "_AmazingAstro",
    "enter": {
      "timestamp": 1737233921814,
      "position": [
        -3690.0056383975398,
        7.5875,
        8495.586369752727
      ],
      "velocity": [
        0.0,
        0.0,
        0.0
      ],
      "player": "_AmazingAstro"
    },
    "exit": {
      "timestamp": 1737233923362,
      "position": [
        -3693.4216143363983,
        7.5875,
        8531.440356440618
      ],
      "velocity": [
        0.0,
        0.0,
        0.0
      ],
      "player": "_AmazingAstro"
    }
  }
}
[2025-01-18T20:58:43.372Z] RC VERBOSE {
  speedTrapResult: {
    player: '_AmazingAstro',
    enter: {
      timestamp: 1737233921814,
      position: [Array],
      velocity: [Array],
      player: '_AmazingAstro'
    },
    exit: {
      timestamp: 1737233923362,
      position: [Array],
      velocity: [Array],
      player: '_AmazingAstro'
    }
  }
}
[2025-01-18T20:58:44.169Z] RC VERBOSE 2 {"timestamp":1737233924162,"checkpoint_crosses":{"3":["Miesneus"]}}
[2025-01-18T20:58:44.188Z] RC VERBOSE 2 {"timestamp":1737233923513,"checkpoint_crosses":{"2":["duxq"]}}
[2025-01-18T20:58:44.871Z] RC VERBOSE 18 {
  "speedTrapResult": {
    "player": "Miesneus",
    "enter": {
      "timestamp": 1737233923613,
      "position": [
        -3687.0297867850672,
        7.5875,
        8496.908840809563
      ],
      "velocity": [
        0.0,
        0.0,
        0.0
      ],
      "player": "Miesneus"
    },
    "exit": {
      "timestamp": 1737233924864,
      "position": [
        -3689.419425590055,
        7.5875,
        8531.468081553485
      ],
      "velocity": [
        0.0,
        0.0,
        0.0
      ],
      "player": "Miesneus"
    }
  }
}
[2025-01-18T20:58:44.871Z] RC VERBOSE {
  speedTrapResult: {
    player: 'Miesneus',
    enter: {
      timestamp: 1737233923613,
      position: [Array],
      velocity: [Array],
      player: 'Miesneus'
    },
    exit: {
      timestamp: 1737233924864,
      position: [Array],
      velocity: [Array],
      player: 'Miesneus'
    }
  }
}
[2025-01-18T20:58:46.089Z] RC VERBOSE 2 {"timestamp":1737233925413,"checkpoint_crosses":{"1":["Terraformer9"]}}
[2025-01-18T20:58:46.792Z] RC VERBOSE 2 {"timestamp":1737233926113,"checkpoint_crosses":{"2":["SaishoVibes"]}}
[2025-01-18T20:58:47.018Z] RC VERBOSE 2 {"timestamp":1737233927011,"checkpoint_crosses":{"0":["Saiyuuuu"]}}
[2025-01-18T20:58:47.018Z] RACE INFO Saiyuuuu finished lap 3 with a time of 61.952
[2025-01-18T20:58:47.019Z] RC VERBOSE 8 {"timestamp":1737233927011,"pit_crosses":["Saiyuuuu"]}
[2025-01-18T20:58:47.317Z] RC VERBOSE 2 {"timestamp":1737233927311,"checkpoint_crosses":{"3":["Devaliant_"]}}
[2025-01-18T20:58:47.739Z] RC VERBOSE 2 {"timestamp":1737233927063,"checkpoint_crosses":{"1":["TheAlphaGamer787"]}}
[2025-01-18T20:58:48.067Z] RC VERBOSE 18 {
  "speedTrapResult": {
    "player": "Devaliant_",
    "enter": {
      "timestamp": 1737233926414,
      "position": [
        -3689.124476344019,
        7.5875,
        8495.714823185781
      ],
      "velocity": [
        0.0,
        0.0,
        0.0
      ],
      "player": "Devaliant_"
    },
    "exit": {
      "timestamp": 1737233928060,
      "position": [
        -3688.189603852079,
        7.5875,
        8530.640051758182
      ],
      "velocity": [
        0.0,
        0.0,
        0.0
      ],
      "player": "Devaliant_"
    }
  }
}
[2025-01-18T20:58:48.067Z] RC VERBOSE {
  speedTrapResult: {
    player: 'Devaliant_',
    enter: {
      timestamp: 1737233926414,
      position: [Array],
      velocity: [Array],
      player: 'Devaliant_'
    },
    exit: {
      timestamp: 1737233928060,
      position: [Array],
      velocity: [Array],
      player: 'Devaliant_'
    }
  }
}
[2025-01-18T20:58:48.318Z] RC VERBOSE 2 {"timestamp":1737233928310,"checkpoint_crosses":{"0":["chocolatemine7"]}}
[2025-01-18T20:58:48.318Z] RACE INFO chocolatemine7 finished lap 4 with a time of 43.946
[2025-01-18T20:58:49.189Z] RC VERBOSE 2 {"timestamp":1737233928514,"checkpoint_crosses":{"2":["Malji"]}}
[2025-01-18T20:58:49.319Z] RC VERBOSE 2 {"timestamp":1737233929311,"checkpoint_crosses":{"0":["MarsCitadel"]}}
[2025-01-18T20:58:49.319Z] RACE INFO MarsCitadel finished lap 4 with a time of 43.8
[2025-01-18T20:58:49.471Z] RC VERBOSE 2 {"timestamp":1737233929465,"checkpoint_crosses":{"3":["ikonos33"]}}
[2025-01-18T20:58:49.789Z] RC VERBOSE 2 {"timestamp":1737233929113,"checkpoint_crosses":{"2":["SubayAdamm"]}}
[2025-01-18T20:58:50.222Z] RC VERBOSE 18 {
  "speedTrapResult": {
    "player": "ikonos33",
    "enter": {
      "timestamp": 1737233928714,
      "position": [
        -3687.771945352002,
        7.5875,
        8495.5908734728
      ],
      "velocity": [
        0.0,
        0.0,
        0.0
      ],
      "player": "ikonos33"
    },
    "exit": {
      "timestamp": 1737233930215,
      "position": [
        -3687.598927499121,
        7.5875,
        8531.906297845024
      ],
      "velocity": [
        0.0,
        0.0,
        0.0
      ],
      "player": "ikonos33"
    }
  }
}
[2025-01-18T20:58:50.222Z] RC VERBOSE {
  speedTrapResult: {
    player: 'ikonos33',
    enter: {
      timestamp: 1737233928714,
      position: [Array],
      velocity: [Array],
      player: 'ikonos33'
    },
    exit: {
      timestamp: 1737233930215,
      position: [Array],
      velocity: [Array],
      player: 'ikonos33'
    }
  }
}
[2025-01-18T20:58:50.521Z] RC VERBOSE 2 {"timestamp":1737233930514,"checkpoint_crosses":{"0":["KandaWel"]}}
[2025-01-18T20:58:50.521Z] RACE INFO KandaWel finished lap 3 with a time of 53.405
[2025-01-18T20:58:51.965Z] RC VERBOSE 2 {"timestamp":1737233931960,"checkpoint_crosses":{"0":["Alger1no"]}}
[2025-01-18T20:58:51.965Z] RACE INFO Alger1no finished lap 3 with a time of 53.349
[2025-01-18T20:58:52.630Z] RC VERBOSE 2 {"timestamp":1737233931954,"checkpoint_crosses":{"2":["Terraformer9"]}}
[2025-01-18T20:58:53.731Z] RC VERBOSE 2 {"timestamp":1737233933053,"checkpoint_crosses":{"2":["HanameYt"]}}
[2025-01-18T20:58:53.968Z] RC VERBOSE 2 {"timestamp":1737233933961,"checkpoint_crosses":{"0":["CapitaoMorfetico"]}}
[2025-01-18T20:58:53.968Z] RACE INFO CapitaoMorfetico finished lap 3 with a time of 49.298
[2025-01-18T20:58:54.169Z] RC VERBOSE 2 {"timestamp":1737233934162,"checkpoint_crosses":{"0":["Samuelle1411"]}}
[2025-01-18T20:58:54.169Z] RACE INFO Samuelle1411 finished lap 4 with a time of 44.947
[2025-01-18T20:58:55.218Z] RC VERBOSE 2 {"timestamp":1737233935212,"checkpoint_crosses":{"0":["Miesneus"]}}
[2025-01-18T20:58:55.218Z] RACE INFO Miesneus finished lap 4 with a time of 44.996
[2025-01-18T20:58:55.370Z] RC VERBOSE 2 {"timestamp":1737233935365,"checkpoint_crosses":{"3":["n0va1x"]}}
[2025-01-18T20:58:55.919Z] RC VERBOSE 16 {"timestamp":1737233935913,"pit_enter_crosses":["_AmazingAstro"]}
[2025-01-18T20:58:56.066Z] RC VERBOSE 18 {
  "speedTrapResult": {
    "player": "n0va1x",
    "enter": {
      "timestamp": 1737233934614,
      "position": [
        -3686.5936865051444,
        7.5875,
        8495.58207879319
      ],
      "velocity": [
        0.0,
        0.0,
        0.0
      ],
      "player": "n0va1x"
    },
    "exit": {
      "timestamp": 1737233936059,
      "position": [
        -3687.782399161166,
        7.5875,
        8531.378846790127
      ],
      "velocity": [
        0.0,
        0.0,
        0.0
      ],
      "player": "n0va1x"
    }
  }
}
[2025-01-18T20:58:56.066Z] RC VERBOSE {
  speedTrapResult: {
    player: 'n0va1x',
    enter: {
      timestamp: 1737233934614,
      position: [Array],
      velocity: [Array],
      player: 'n0va1x'
    },
    exit: {
      timestamp: 1737233936059,
      position: [Array],
      velocity: [Array],
      player: 'n0va1x'
    }
  }
}
[2025-01-18T20:58:56.331Z] RC VERBOSE 2 {"timestamp":1737233935654,"checkpoint_crosses":{"2":["TheAlphaGamer787"]}}
[2025-01-18T20:58:56.671Z] RC VERBOSE 2 {"timestamp":1737233936664,"checkpoint_crosses":{"3":["T1AL_"]}}
[2025-01-18T20:58:57.421Z] RC VERBOSE 18 {
  "speedTrapResult": {
    "player": "T1AL_",
    "enter": {
      "timestamp": 1737233935864,
      "position": [
        -3687.7453246701853,
        7.5875,
        8495.309151888527
      ],
      "velocity": [
        0.0,
        0.0,
        0.0
      ],
      "player": "T1AL_"
    },
    "exit": {
      "timestamp": 1737233937414,
      "position": [
        -3689.036578949225,
        7.5875,
        8531.545028729417
      ],
      "velocity": [
        0.0,
        0.0,
        0.0
      ],
      "player": "T1AL_"
    }
  }
}
[2025-01-18T20:58:57.421Z] RC VERBOSE {
  speedTrapResult: {
    player: 'T1AL_',
    enter: {
      timestamp: 1737233935864,
      position: [Array],
      velocity: [Array],
      player: 'T1AL_'
    },
    exit: {
      timestamp: 1737233937414,
      position: [Array],
      velocity: [Array],
      player: 'T1AL_'
    }
  }
}
[2025-01-18T20:58:58.081Z] RC VERBOSE 2 {"timestamp":1737233937404,"checkpoint_crosses":{"1":["Saiyuuuu"]}}
[2025-01-18T20:58:58.818Z] RC VERBOSE 2 {"timestamp":1737233938811,"checkpoint_crosses":{"3":["duxq"]}}
[2025-01-18T20:58:59.568Z] RC VERBOSE 18 {
  "speedTrapResult": {
    "player": "duxq",
    "enter": {
      "timestamp": 1737233937963,
      "position": [
        -3688.7725009066435,
        7.5875,
        8495.429977365866
      ],
      "velocity": [
        0.0,
        0.0,
        0.0
      ],
      "player": "duxq"
    },
    "exit": {
      "timestamp": 1737233939562,
      "position": [
        -3687.7080925919618,
        7.5875,
        8531.842063954555
      ],
      "velocity": [
        0.0,
        0.0,
        0.0
      ],
      "player": "duxq"
    }
  }
}
[2025-01-18T20:58:59.568Z] RC VERBOSE {
  speedTrapResult: {
    player: 'duxq',
    enter: {
      timestamp: 1737233937963,
      position: [Array],
      velocity: [Array],
      player: 'duxq'
    },
    exit: {
      timestamp: 1737233939562,
      position: [Array],
      velocity: [Array],
      player: 'duxq'
    }
  }
}
[2025-01-18T20:58:59.730Z] RC VERBOSE 2 {"timestamp":1737233939054,"checkpoint_crosses":{"1":["chocolatemine7"]}}
[2025-01-18T20:59:00.472Z] RC VERBOSE 2 {"timestamp":1737233940465,"checkpoint_crosses":{"3":["SaishoVibes"]}}
[2025-01-18T20:59:00.880Z] RC VERBOSE 2 {"timestamp":1737233940204,"checkpoint_crosses":{"1":["MarsCitadel"]}}
[2025-01-18T20:59:01.021Z] RC VERBOSE 16 {"timestamp":1737233941014,"pit_enter_crosses":["Devaliant_"]}
[2025-01-18T20:59:01.271Z] RC VERBOSE 18 {
  "speedTrapResult": {
    "player": "SaishoVibes",
    "enter": {
      "timestamp": 1737233939715,
      "position": [
        -3687.9709449302964,
        7.5875,
        8495.276013408256
      ],
      "velocity": [
        0.0,
        0.0,
        0.0
      ],
      "player": "SaishoVibes"
    },
    "exit": {
      "timestamp": 1737233941264,
      "position": [
        -3687.5873193168545,
        7.5875,
        8530.687279628615
      ],
      "velocity": [
        0.0,
        0.0,
        0.0
      ],
      "player": "SaishoVibes"
    }
  }
}
[2025-01-18T20:59:01.271Z] RC VERBOSE {
  speedTrapResult: {
    player: 'SaishoVibes',
    enter: {
      timestamp: 1737233939715,
      position: [Array],
      velocity: [Array],
      player: 'SaishoVibes'
    },
    exit: {
      timestamp: 1737233941264,
      position: [Array],
      velocity: [Array],
      player: 'SaishoVibes'
    }
  }
}
[2025-01-18T20:59:02.167Z] RC VERBOSE 2 {"timestamp":1737233942161,"checkpoint_crosses":{"0":["ikonos33"]}}
[2025-01-18T20:59:02.167Z] RACE INFO ikonos33 finished lap 4 with a time of 48.651
[2025-01-18T20:59:03.766Z] RC VERBOSE 2 {"timestamp":1737233943759,"checkpoint_crosses":{"3":["Malji"]}}
[2025-01-18T20:59:04.419Z] RC VERBOSE 2 {"timestamp":1737233944412,"checkpoint_crosses":{"0":["Iceio_"]}}
[2025-01-18T20:59:04.419Z] RACE INFO Iceio_ finished lap 2 with a time of 108.803
[2025-01-18T20:59:04.468Z] RC VERBOSE 18 {
  "speedTrapResult": {
    "player": "Malji",
    "enter": {
      "timestamp": 1737233943016,
      "position": [
        -3687.6871712077204,
        7.5875,
        8495.82413028026
      ],
      "velocity": [
        0.0,
        0.0,
        0.0
      ],
      "player": "Malji"
    },
    "exit": {
      "timestamp": 1737233944460,
      "position": [
        -3689.9069267300893,
        7.5875,
        8530.596548593958
      ],
      "velocity": [
        0.0,
        0.0,
        0.0
      ],
      "player": "Malji"
    }
  }
}
[2025-01-18T20:59:04.468Z] RC VERBOSE {
  speedTrapResult: {
    player: 'Malji',
    enter: {
      timestamp: 1737233943016,
      position: [Array],
      velocity: [Array],
      player: 'Malji'
    },
    exit: {
      timestamp: 1737233944460,
      position: [Array],
      velocity: [Array],
      player: 'Malji'
    }
  }
}
[2025-01-18T20:59:04.779Z] RC VERBOSE 2 {"timestamp":1737233944104,"checkpoint_crosses":{"2":["Saiyuuuu"]}}
[2025-01-18T20:59:05.121Z] RC VERBOSE 2 {"timestamp":1737233945114,"checkpoint_crosses":{"3":["SubayAdamm"]}}
[2025-01-18T20:59:05.333Z] RC VERBOSE 2 {"timestamp":1737233944654,"checkpoint_crosses":{"1":["KandaWel"]}}
[2025-01-18T20:59:05.969Z] RC VERBOSE 18 {
  "speedTrapResult": {
    "player": "SubayAdamm",
    "enter": {
      "timestamp": 1737233944259,
      "position": [
        -3690.1436051926094,
        7.5875,
        8495.411911152416
      ],
      "velocity": [
        0.0,
        0.0,
        0.0
      ],
      "player": "SubayAdamm"
    },
    "exit": {
      "timestamp": 1737233945962,
      "position": [
        -3689.5340971759756,
        7.5875,
        8531.530489279981
      ],
      "velocity": [
        0.0,
        0.0,
        0.0
      ],
      "player": "SubayAdamm"
    }
  }
}
[2025-01-18T20:59:05.969Z] RC VERBOSE {
  speedTrapResult: {
    player: 'SubayAdamm',
    enter: {
      timestamp: 1737233944259,
      position: [Array],
      velocity: [Array],
      player: 'SubayAdamm'
    },
    exit: {
      timestamp: 1737233945962,
      position: [Array],
      velocity: [Array],
      player: 'SubayAdamm'
    }
  }
}
[2025-01-18T20:59:06.183Z] RC VERBOSE 2 {"timestamp":1737233945504,"checkpoint_crosses":{"2":["chocolatemine7"]}}
[2025-01-18T20:59:06.267Z] RC VERBOSE 2 {"timestamp":1737233946261,"checkpoint_crosses":{"0":["n0va1x"]}}
[2025-01-18T20:59:06.268Z] RACE INFO n0va1x finished lap 4 with a time of 43.496
[2025-01-18T20:59:06.680Z] RC VERBOSE 2 {"timestamp":1737233946004,"checkpoint_crosses":{"1":["Samuelle1411"]}}
[2025-01-18T20:59:06.719Z] RC VERBOSE 2 {"timestamp":1737233946712,"checkpoint_crosses":{"3":["Terraformer9"]}}
[2025-01-18T20:59:07.332Z] RC VERBOSE 2 {"timestamp":1737233946654,"checkpoint_crosses":{"1":["CapitaoMorfetico"],"2":["MarsCitadel"]}}
[2025-01-18T20:59:07.470Z] RC VERBOSE 18 {
  "speedTrapResult": {
    "player": "Terraformer9",
    "enter": {
      "timestamp": 1737233945913,
      "position": [
        -3688.345763245251,
        7.5875,
        8495.64341319022
      ],
      "velocity": [
        0.0,
        0.0,
        0.0
      ],
      "player": "Terraformer9"
    },
    "exit": {
      "timestamp": 1737233947462,
      "position": [
        -3688.8283391156833,
        7.5875,
        8530.513196409702
      ],
      "velocity": [
        0.0,
        0.0,
        0.0
      ],
      "player": "Terraformer9"
    }
  }
}
[2025-01-18T20:59:07.470Z] RC VERBOSE {
  speedTrapResult: {
    player: 'Terraformer9',
    enter: {
      timestamp: 1737233945913,
      position: [Array],
      velocity: [Array],
      player: 'Terraformer9'
    },
    exit: {
      timestamp: 1737233947462,
      position: [Array],
      velocity: [Array],
      player: 'Terraformer9'
    }
  }
}
[2025-01-18T20:59:07.769Z] RC VERBOSE 2 {"timestamp":1737233947761,"checkpoint_crosses":{"0":["T1AL_"]}}
[2025-01-18T20:59:07.769Z] RACE INFO T1AL_ finished lap 4 with a time of 43.049
[2025-01-18T20:59:08.067Z] RC VERBOSE 2 {"timestamp":1737233948061,"checkpoint_crosses":{"3":["HanameYt"]}}
[2025-01-18T20:59:08.970Z] RC VERBOSE 18 {
  "speedTrapResult": {
    "player": "HanameYt",
    "enter": {
      "timestamp": 1737233947012,
      "position": [
        -3692.8122713972925,
        7.5875,
        8495.160080483105
      ],
      "velocity": [
        0.0,
        0.0,
        0.0
      ],
      "player": "HanameYt"
    },
    "exit": {
      "timestamp": 1737233948963,
      "position": [
        -3687.8350800093567,
        7.5875,
        8530.936999627957
      ],
      "velocity": [
        0.0,
        0.0,
        0.0
      ],
      "player": "HanameYt"
    }
  }
}
[2025-01-18T20:59:08.970Z] RC VERBOSE {
  speedTrapResult: {
    player: 'HanameYt',
    enter: {
      timestamp: 1737233947012,
      position: [Array],
      velocity: [Array],
      player: 'HanameYt'
    },
    exit: {
      timestamp: 1737233948963,
      position: [Array],
      velocity: [Array],
      player: 'HanameYt'
    }
  }
}
[2025-01-18T20:59:09.270Z] RC VERBOSE 2 {"timestamp":1737233949263,"checkpoint_crosses":{"0":["_AmazingAstro"]}}
[2025-01-18T20:59:09.270Z] RACE INFO _AmazingAstro finished lap 4 with a time of 62.001
[2025-01-18T20:59:09.271Z] RC VERBOSE 8 {"timestamp":1737233949263,"pit_crosses":["_AmazingAstro"]}
[2025-01-18T20:59:10.231Z] RC VERBOSE 2 {"timestamp":1737233949555,"checkpoint_crosses":{"1":["Miesneus"]}}
[2025-01-18T20:59:11.021Z] RC VERBOSE 2 {"timestamp":1737233951014,"checkpoint_crosses":{"3":["TheAlphaGamer787"]}}
[2025-01-18T20:59:11.039Z] RC VERBOSE 2 {"timestamp":1737233950363,"checkpoint_crosses":{"1":["Alger1no"]}}
[2025-01-18T20:59:11.167Z] RC VERBOSE 2 {"timestamp":1737233951160,"checkpoint_crosses":{"0":["duxq"]}}
[2025-01-18T20:59:11.167Z] RACE INFO duxq finished lap 4 with a time of 46.796
[2025-01-18T20:59:11.771Z] RC VERBOSE 18 {
  "speedTrapResult": {
    "player": "TheAlphaGamer787",
    "enter": {
      "timestamp": 1737233950159,
      "position": [
        -3688.0143744471607,
        7.5875,
        8495.220736974223
      ],
      "velocity": [
        0.0,
        0.0,
        0.0
      ],
      "player": "TheAlphaGamer787"
    },
    "exit": {
      "timestamp": 1737233951764,
      "position": [
        -3687.6173905525975,
        7.5875,
        8531.895348547803
      ],
      "velocity": [
        0.0,
        0.0,
        0.0
      ],
      "player": "TheAlphaGamer787"
    }
  }
}
[2025-01-18T20:59:11.772Z] RC VERBOSE {
  speedTrapResult: {
    player: 'TheAlphaGamer787',
    enter: {
      timestamp: 1737233950159,
      position: [Array],
      velocity: [Array],
      player: 'TheAlphaGamer787'
    },
    exit: {
      timestamp: 1737233951764,
      position: [Array],
      velocity: [Array],
      player: 'TheAlphaGamer787'
    }
  }
}
[2025-01-18T20:59:12.168Z] RC VERBOSE 2 {"timestamp":1737233952161,"checkpoint_crosses":{"0":["SaishoVibes"]}}
[2025-01-18T20:59:12.168Z] RACE INFO SaishoVibes finished lap 4 with a time of 46.748
[2025-01-18T20:59:13.281Z] RC VERBOSE 2 {"timestamp":1737233952605,"checkpoint_crosses":{"2":["KandaWel"]}}
[2025-01-18T20:59:13.481Z] RC VERBOSE 2 {"timestamp":1737233952805,"checkpoint_crosses":{"1":["ikonos33"]}}
[2025-01-18T20:59:13.681Z] RC VERBOSE 2 {"timestamp":1737233953004,"checkpoint_crosses":{"2":["Samuelle1411"]}}
[2025-01-18T20:59:14.370Z] RC VERBOSE 2 {"timestamp":1737233954363,"checkpoint_crosses":{"0":["Devaliant_"]}}
[2025-01-18T20:59:14.370Z] RACE INFO Devaliant_ finished lap 4 with a time of 61.848
[2025-01-18T20:59:14.372Z] RC VERBOSE 8 {"timestamp":1737233954363,"pit_crosses":["Devaliant_"]}
[2025-01-18T20:59:14.516Z] RC VERBOSE 2 {"timestamp":1737233954509,"checkpoint_crosses":{"0":["Malji"]}}
[2025-01-18T20:59:14.516Z] RACE INFO Malji finished lap 4 with a time of 43.947
[2025-01-18T20:59:16.368Z] RC VERBOSE 2 {"timestamp":1737233956361,"checkpoint_crosses":{"0":["SubayAdamm"]}}
[2025-01-18T20:59:16.368Z] RACE INFO SubayAdamm finished lap 4 with a time of 47.946
[2025-01-18T20:59:16.831Z] RC VERBOSE 2 {"timestamp":1737233956154,"checkpoint_crosses":{"2":["CapitaoMorfetico"]}}
[2025-01-18T20:59:17.030Z] RC VERBOSE 2 {"timestamp":1737233956354,"checkpoint_crosses":{"1":["Iceio_"]}}
[2025-01-18T20:59:17.470Z] RC VERBOSE 2 {"timestamp":1737233957463,"checkpoint_crosses":{"0":["Terraformer9"]}}
[2025-01-18T20:59:17.470Z] RACE INFO Terraformer9 finished lap 4 with a time of 43.648
[2025-01-18T20:59:17.831Z] RC VERBOSE 2 {"timestamp":1737233957154,"checkpoint_crosses":{"2":["Miesneus"]}}
[2025-01-18T20:59:18.531Z] RC VERBOSE 2 {"timestamp":1737233957855,"checkpoint_crosses":{"1":["n0va1x"]}}
[2025-01-18T20:59:18.681Z] RC VERBOSE 2 {"timestamp":1737233958005,"checkpoint_crosses":{"2":["Alger1no"]}}
[2025-01-18T20:59:19.068Z] RC VERBOSE 2 {"timestamp":1737233959061,"checkpoint_crosses":{"3":["Saiyuuuu"]}}
[2025-01-18T20:59:19.471Z] RC VERBOSE 2 {"timestamp":1737233959464,"checkpoint_crosses":{"0":["HanameYt"]}}
[2025-01-18T20:59:19.471Z] RACE INFO HanameYt finished lap 4 with a time of 48.603
[2025-01-18T20:59:19.818Z] RC VERBOSE 18 {
  "speedTrapResult": {
    "player": "Saiyuuuu",
    "enter": {
      "timestamp": 1737233958262,
      "position": [
        -3687.82359039068,
        7.5875,
        8495.153506301205
      ],
      "velocity": [
        0.0,
        0.0,
        0.0
      ],
      "player": "Saiyuuuu"
    },
    "exit": {
      "timestamp": 1737233959812,
      "position": [
        -3688.6876478386826,
        7.5875,
        8530.922856599973
      ],
      "velocity": [
        0.0,
        0.0,
        0.0
      ],
      "player": "Saiyuuuu"
    }
  }
}
[2025-01-18T20:59:19.818Z] RC VERBOSE {
  speedTrapResult: {
    player: 'Saiyuuuu',
    enter: {
      timestamp: 1737233958262,
      position: [Array],
      velocity: [Array],
      player: 'Saiyuuuu'
    },
    exit: {
      timestamp: 1737233959812,
      position: [Array],
      velocity: [Array],
      player: 'Saiyuuuu'
    }
  }
}
[2025-01-18T20:59:19.881Z] RC VERBOSE 2 {"timestamp":1737233959205,"checkpoint_crosses":{"1":["T1AL_"]}}
[2025-01-18T20:59:19.966Z] RC VERBOSE 2 {"timestamp":1737233959255,"checkpoint_crosses":{"2":["ikonos33"]}}
[2025-01-18T20:59:20.182Z] RC VERBOSE 2 {"timestamp":1737233959505,"checkpoint_crosses":{"1":["_AmazingAstro"]}}
[2025-01-18T20:59:21.417Z] RC VERBOSE 2 {"timestamp":1737233961410,"checkpoint_crosses":{"3":["MarsCitadel"]}}
[2025-01-18T20:59:21.473Z] RC VERBOSE 2 {"timestamp":1737233961466,"checkpoint_crosses":{"0":["TheAlphaGamer787"],"3":["chocolatemine7"]}}
[2025-01-18T20:59:21.473Z] RACE INFO TheAlphaGamer787 finished lap 4 with a time of 45.406
[2025-01-18T20:59:22.167Z] RC VERBOSE 18 {
  "speedTrapResult": {
    "player": "MarsCitadel",
    "enter": {
      "timestamp": 1737233960563,
      "position": [
        -3686.908019927103,
        7.5875,
        8495.225103949995
      ],
      "velocity": [
        0.0,
        0.0,
        0.0
      ],
      "player": "MarsCitadel"
    },
    "exit": {
      "timestamp": 1737233962160,
      "position": [
        -3688.60066298066,
        7.5875,
        8530.536781872519
      ],
      "velocity": [
        0.0,
        0.0,
        0.0
      ],
      "player": "MarsCitadel"
    }
  }
}
[2025-01-18T20:59:22.167Z] RC VERBOSE {
  speedTrapResult: {
    player: 'MarsCitadel',
    enter: {
      timestamp: 1737233960563,
      position: [Array],
      velocity: [Array],
      player: 'MarsCitadel'
    },
    exit: {
      timestamp: 1737233962160,
      position: [Array],
      velocity: [Array],
      player: 'MarsCitadel'
    }
  }
}
[2025-01-18T20:59:22.272Z] RC VERBOSE 18 {
  "speedTrapResult": {
    "player": "chocolatemine7",
    "enter": {
      "timestamp": 1737233960715,
      "position": [
        -3695.089328982896,
        7.5875,
        8495.493872986459
      ],
      "velocity": [
        0.0,
        0.0,
        0.0
      ],
      "player": "chocolatemine7"
    },
    "exit": {
      "timestamp": 1737233962265,
      "position": [
        -3697.7253870640043,
        7.5875,
        8530.942374908165
      ],
      "velocity": [
        0.0,
        0.0,
        0.0
      ],
      "player": "chocolatemine7"
    }
  }
}
[2025-01-18T20:59:22.272Z] RC VERBOSE {
  speedTrapResult: {
    player: 'chocolatemine7',
    enter: {
      timestamp: 1737233960715,
      position: [Array],
      velocity: [Array],
      player: 'chocolatemine7'
    },
    exit: {
      timestamp: 1737233962265,
      position: [Array],
      velocity: [Array],
      player: 'chocolatemine7'
    }
  }
}
[2025-01-18T20:59:23.281Z] RC VERBOSE 2 {"timestamp":1737233962605,"checkpoint_crosses":{"1":["duxq"]}}
[2025-01-18T20:59:24.132Z] RC VERBOSE 2 {"timestamp":1737233963456,"checkpoint_crosses":{"2":["Iceio_"]}}
[2025-01-18T20:59:24.532Z] RC VERBOSE 2 {"timestamp":1737233963855,"checkpoint_crosses":{"1":["SaishoVibes"]}}
[2025-01-18T20:59:26.132Z] RC VERBOSE 2 {"timestamp":1737233965455,"checkpoint_crosses":{"1":["Devaliant_"]}}
[2025-01-18T20:59:26.393Z] RC VERBOSE 2 {"timestamp":1737233965706,"checkpoint_crosses":{"1":["Malji"]}}
[2025-01-18T20:59:26.685Z] RC VERBOSE 2 {"timestamp":1737233966005,"checkpoint_crosses":{"2":["T1AL_"]}}
[2025-01-18T20:59:26.882Z] RC VERBOSE 2 {"timestamp":1737233966205,"checkpoint_crosses":{"2":["n0va1x"]}}
[2025-01-18T20:59:27.482Z] RC VERBOSE 2 {"timestamp":1737233966805,"checkpoint_crosses":{"2":["_AmazingAstro"]}}
[2025-01-18T20:59:27.624Z] RC VERBOSE 2 {"timestamp":1737233967615,"checkpoint_crosses":{"3":["Samuelle1411"]}}
[2025-01-18T20:59:28.367Z] RC VERBOSE 18 {
  "speedTrapResult": {
    "player": "Samuelle1411",
    "enter": {
      "timestamp": 1737233966810,
      "position": [
        -3688.0532761489594,
        7.5875,
        8495.391760768822
      ],
      "velocity": [
        0.0,
        0.0,
        0.0
      ],
      "player": "Samuelle1411"
    },
    "exit": {
      "timestamp": 1737233968359,
      "position": [
        -3689.2843003451335,
        7.5875,
        8531.868699817182
      ],
      "velocity": [
        0.0,
        0.0,
        0.0
      ],
      "player": "Samuelle1411"
    }
  }
}
[2025-01-18T20:59:28.367Z] RC VERBOSE {
  speedTrapResult: {
    player: 'Samuelle1411',
    enter: {
      timestamp: 1737233966810,
      position: [Array],
      velocity: [Array],
      player: 'Samuelle1411'
    },
    exit: {
      timestamp: 1737233968359,
      position: [Array],
      velocity: [Array],
      player: 'Samuelle1411'
    }
  }
}
[2025-01-18T20:59:28.732Z] RC VERBOSE 2 {"timestamp":1737233968056,"checkpoint_crosses":{"1":["SubayAdamm"]}}
[2025-01-18T20:59:29.923Z] RC VERBOSE 2 {"timestamp":1737233969916,"checkpoint_crosses":{"0":["Saiyuuuu"]}}
[2025-01-18T20:59:29.923Z] RACE INFO Saiyuuuu finished lap 4 with a time of 42.905
[2025-01-18T20:59:30.035Z] RC VERBOSE 2 {"timestamp":1737233969356,"checkpoint_crosses":{"2":["duxq"]}}
[2025-01-18T20:59:30.222Z] RC VERBOSE 2 {"timestamp":1737233970214,"checkpoint_crosses":{"3":["KandaWel"]}}
[2025-01-18T20:59:31.021Z] RC VERBOSE 18 {
  "speedTrapResult": {
    "player": "KandaWel",
    "enter": {
      "timestamp": 1737233969415,
      "position": [
        -3691.3790369323187,
        7.5875,
        8495.383093474939
      ],
      "velocity": [
        0.0,
        0.0,
        0.0
      ],
      "player": "KandaWel"
    },
    "exit": {
      "timestamp": 1737233971015,
      "position": [
        -3696.306200873805,
        7.5875,
        8531.105106005236
      ],
      "velocity": [
        0.0,
        0.0,
        0.0
      ],
      "player": "KandaWel"
    }
  }
}
[2025-01-18T20:59:31.021Z] RC VERBOSE {
  speedTrapResult: {
    player: 'KandaWel',
    enter: {
      timestamp: 1737233969415,
      position: [Array],
      velocity: [Array],
      player: 'KandaWel'
    },
    exit: {
      timestamp: 1737233971015,
      position: [Array],
      velocity: [Array],
      player: 'KandaWel'
    }
  }
}
[2025-01-18T20:59:31.083Z] RC VERBOSE 2 {"timestamp":1737233970406,"checkpoint_crosses":{"1":["HanameYt"]}}
[2025-01-18T20:59:31.536Z] RC VERBOSE 2 {"timestamp":1737233970855,"checkpoint_crosses":{"2":["SaishoVibes"]}}
[2025-01-18T20:59:31.771Z] RC VERBOSE 2 {"timestamp":1737233971764,"checkpoint_crosses":{"0":["MarsCitadel"]}}
[2025-01-18T20:59:31.771Z] RACE INFO MarsCitadel finished lap 5 with a time of 42.453
[2025-01-18T20:59:32.534Z] RC VERBOSE 2 {"timestamp":1737233971856,"checkpoint_crosses":{"1":["Terraformer9"]}}
[2025-01-18T20:59:32.835Z] RC VERBOSE 2 {"timestamp":1737233972156,"checkpoint_crosses":{"2":["Devaliant_"]}}
[2025-01-18T20:59:32.967Z] RC VERBOSE 2 {"timestamp":1737233972959,"checkpoint_crosses":{"0":["chocolatemine7"]}}
[2025-01-18T20:59:32.967Z] RACE INFO chocolatemine7 finished lap 5 with a time of 44.649
[2025-01-18T20:59:33.185Z] RC VERBOSE 2 {"timestamp":1737233972505,"checkpoint_crosses":{"2":["Malji"]}}
[2025-01-18T20:59:33.821Z] RC VERBOSE 2 {"timestamp":1737233973814,"checkpoint_crosses":{"3":["CapitaoMorfetico"]}}
[2025-01-18T20:59:34.333Z] RC VERBOSE 2 {"timestamp":1737233973656,"checkpoint_crosses":{"1":["TheAlphaGamer787"]}}
[2025-01-18T20:59:34.515Z] RC VERBOSE 2 {"timestamp":1737233974509,"checkpoint_crosses":{"3":["Alger1no"]}}
[2025-01-18T20:59:34.572Z] RC VERBOSE 18 {
  "speedTrapResult": {
    "player": "CapitaoMorfetico",
    "enter": {
      "timestamp": 1737233973015,
      "position": [
        -3689.050970394609,
        7.9,
        8495.43734219111
      ],
      "velocity": [
        0.0,
        0.0,
        0.0
      ],
      "player": "CapitaoMorfetico"
    },
    "exit": {
      "timestamp": 1737233974565,
      "position": [
        -3688.7336798297424,
        7.9,
        8531.187259497858
      ],
      "velocity": [
        0.0,
        0.0,
        0.0
      ],
      "player": "CapitaoMorfetico"
    }
  }
}
[2025-01-18T20:59:34.572Z] RC VERBOSE {
  speedTrapResult: {
    player: 'CapitaoMorfetico',
    enter: {
      timestamp: 1737233973015,
      position: [Array],
      velocity: [Array],
      player: 'CapitaoMorfetico'
    },
    exit: {
      timestamp: 1737233974565,
      position: [Array],
      velocity: [Array],
      player: 'CapitaoMorfetico'
    }
  }
}
[2025-01-18T20:59:35.218Z] RC VERBOSE 18 {
  "speedTrapResult": {
    "player": "Alger1no",
    "enter": {
      "timestamp": 1737233973710,
      "position": [
        -3689.3713489331367,
        7.5875,
        8495.135296004344
      ],
      "velocity": [
        0.0,
        0.0,
        0.0
      ],
      "player": "Alger1no"
    },
    "exit": {
      "timestamp": 1737233975211,
      "position": [
        -3689.8314452501536,
        7.5875,
        8530.773668536192
      ],
      "velocity": [
        0.0,
        0.0,
        0.0
      ],
      "player": "Alger1no"
    }
  }
}
[2025-01-18T20:59:35.218Z] RC VERBOSE {
  speedTrapResult: {
    player: 'Alger1no',
    enter: {
      timestamp: 1737233973710,
      position: [Array],
      velocity: [Array],
      player: 'Alger1no'
    },
    exit: {
      timestamp: 1737233975211,
      position: [Array],
      velocity: [Array],
      player: 'Alger1no'
    }
  }
}
[2025-01-18T20:59:35.432Z] RC VERBOSE 2 {"timestamp":1737233974756,"checkpoint_crosses":{"2":["SubayAdamm"]}}
[2025-01-18T20:59:35.968Z] RC VERBOSE 2 {"timestamp":1737233975962,"checkpoint_crosses":{"3":["ikonos33"]}}
[2025-01-18T20:59:36.768Z] RC VERBOSE 18 {
  "speedTrapResult": {
    "player": "ikonos33",
    "enter": {
      "timestamp": 1737233974912,
      "position": [
        -3688.0022941249886,
        7.5875,
        8495.386111624057
      ],
      "velocity": [
        0.0,
        0.0,
        0.0
      ],
      "player": "ikonos33"
    },
    "exit": {
      "timestamp": 1737233976761,
      "position": [
        -3689.4126843143486,
        7.5875,
        8531.694074759638
      ],
      "velocity": [
        0.0,
        0.0,
        0.0
      ],
      "player": "ikonos33"
    }
  }
}
[2025-01-18T20:59:36.768Z] RC VERBOSE {
  speedTrapResult: {
    player: 'ikonos33',
    enter: {
      timestamp: 1737233974912,
      position: [Array],
      velocity: [Array],
      player: 'ikonos33'
    },
    exit: {
      timestamp: 1737233976761,
      position: [Array],
      velocity: [Array],
      player: 'ikonos33'
    }
  }
}
[2025-01-18T20:59:37.122Z] RC VERBOSE 2 {"timestamp":1737233977115,"checkpoint_crosses":{"3":["Miesneus"]}}
[2025-01-18T20:59:37.634Z] RC VERBOSE 2 {"timestamp":1737233976955,"checkpoint_crosses":{"2":["HanameYt"]}}
[2025-01-18T20:59:37.970Z] RC VERBOSE 18 {
  "speedTrapResult": {
    "player": "Miesneus",
    "enter": {
      "timestamp": 1737233976163,
      "position": [
        -3688.734768029281,
        7.5875,
        8495.754958651496
      ],
      "velocity": [
        0.0,
        0.0,
        0.0
      ],
      "player": "Miesneus"
    },
    "exit": {
      "timestamp": 1737233977963,
      "position": [
        -3694.5615937249354,
        7.5875,
        8531.539051702039
      ],
      "velocity": [
        0.0,
        0.0,
        0.0
      ],
      "player": "Miesneus"
    }
  }
}
[2025-01-18T20:59:37.970Z] RC VERBOSE {
  speedTrapResult: {
    player: 'Miesneus',
    enter: {
      timestamp: 1737233976163,
      position: [Array],
      velocity: [Array],
      player: 'Miesneus'
    },
    exit: {
      timestamp: 1737233977963,
      position: [Array],
      velocity: [Array],
      player: 'Miesneus'
    }
  }
}
[2025-01-18T20:59:38.317Z] RC VERBOSE 2 {"timestamp":1737233978310,"checkpoint_crosses":{"0":["Samuelle1411"]}}
[2025-01-18T20:59:38.317Z] RACE INFO Samuelle1411 finished lap 5 with a time of 44.148
[2025-01-18T20:59:39.283Z] RC VERBOSE 2 {"timestamp":1737233978605,"checkpoint_crosses":{"2":["Terraformer9"]}}
[2025-01-18T20:59:40.617Z] RC VERBOSE 2 {"timestamp":1737233980610,"checkpoint_crosses":{"3":["T1AL_"]}}
[2025-01-18T20:59:40.783Z] RC VERBOSE 2 {"timestamp":1737233980106,"checkpoint_crosses":{"2":["TheAlphaGamer787"]}}
[2025-01-18T20:59:40.916Z] RC VERBOSE 2 {"timestamp":1737233980909,"checkpoint_crosses":{"3":["Iceio_"]}}
[2025-01-18T20:59:41.417Z] RC VERBOSE 18 {
  "speedTrapResult": {
    "player": "T1AL_",
    "enter": {
      "timestamp": 1737233979811,
      "position": [
        -3687.2689186141283,
        7.5875,
        8495.643850203802
      ],
      "velocity": [
        0.0,
        0.0,
        0.0
      ],
      "player": "T1AL_"
    },
    "exit": {
      "timestamp": 1737233981409,
      "position": [
        -3690.780726404668,
        7.5875,
        8531.619964623278
      ],
      "velocity": [
        0.0,
        0.0,
        0.0
      ],
      "player": "T1AL_"
    }
  }
}
[2025-01-18T20:59:41.417Z] RC VERBOSE {
  speedTrapResult: {
    player: 'T1AL_',
    enter: {
      timestamp: 1737233979811,
      position: [Array],
      velocity: [Array],
      player: 'T1AL_'
    },
    exit: {
      timestamp: 1737233981409,
      position: [Array],
      velocity: [Array],
      player: 'T1AL_'
    }
  }
}
[2025-01-18T20:59:41.867Z] RC VERBOSE 18 {
  "speedTrapResult": {
    "player": "Iceio_",
    "enter": {
      "timestamp": 1737233980165,
      "position": [
        -3694.1285653162186,
        7.5875,
        8495.821753312775
      ],
      "velocity": [
        0.0,
        0.0,
        0.0
      ],
      "player": "Iceio_"
    },
    "exit": {
      "timestamp": 1737233981861,
      "position": [
        -3697.036360890779,
        7.5875,
        8532.06241836333
      ],
      "velocity": [
        0.0,
        0.0,
        0.0
      ],
      "player": "Iceio_"
    }
  }
}
[2025-01-18T20:59:41.867Z] RC VERBOSE {
  speedTrapResult: {
    player: 'Iceio_',
    enter: {
      timestamp: 1737233980165,
      position: [Array],
      velocity: [Array],
      player: 'Iceio_'
    },
    exit: {
      timestamp: 1737233981861,
      position: [Array],
      velocity: [Array],
      player: 'Iceio_'
    }
  }
}
[2025-01-18T20:59:42.021Z] RC VERBOSE 2 {"timestamp":1737233982014,"checkpoint_crosses":{"3":["n0va1x"]}}
[2025-01-18T20:59:42.716Z] RC VERBOSE 18 {
  "speedTrapResult": {
    "player": "n0va1x",
    "enter": {
      "timestamp": 1737233981312,
      "position": [
        -3686.6827257456243,
        7.5875,
        8495.52556365417
      ],
      "velocity": [
        0.0,
        0.0,
        0.0
      ],
      "player": "n0va1x"
    },
    "exit": {
      "timestamp": 1737233982708,
      "position": [
        -3688.0906326740023,
        7.5875,
        8530.521639046816
      ],
      "velocity": [
        0.0,
        0.0,
        0.0
      ],
      "player": "n0va1x"
    }
  }
}
[2025-01-18T20:59:42.716Z] RC VERBOSE {
  speedTrapResult: {
    player: 'n0va1x',
    enter: {
      timestamp: 1737233981312,
      position: [Array],
      velocity: [Array],
      player: 'n0va1x'
    },
    exit: {
      timestamp: 1737233982708,
      position: [Array],
      velocity: [Array],
      player: 'n0va1x'
    }
  }
}
[2025-01-18T20:59:43.033Z] RC VERBOSE 2 {"timestamp":1737233982356,"checkpoint_crosses":{"1":["Saiyuuuu"]}}
[2025-01-18T20:59:43.522Z] RC VERBOSE 2 {"timestamp":1737233983515,"checkpoint_crosses":{"3":["_AmazingAstro"]}}
[2025-01-18T20:59:43.619Z] RC VERBOSE 2 {"timestamp":1737233983613,"checkpoint_crosses":{"0":["KandaWel"]}}
[2025-01-18T20:59:43.619Z] RACE INFO KandaWel finished lap 4 with a time of 53.099
[2025-01-18T20:59:44.232Z] RC VERBOSE 2 {"timestamp":1737233983556,"checkpoint_crosses":{"1":["MarsCitadel"]}}
[2025-01-18T20:59:44.419Z] RC VERBOSE 18 {
  "speedTrapResult": {
    "player": "_AmazingAstro",
    "enter": {
      "timestamp": 1737233982313,
      "position": [
        -3687.550761759634,
        7.5875,
        8495.128506534693
      ],
      "velocity": [
        0.0,
        0.0,
        0.0
      ],
      "player": "_AmazingAstro"
    },
    "exit": {
      "timestamp": 1737233984412,
      "position": [
        -3694.6386048341933,
        7.5875,
        8531.222059654092
      ],
      "velocity": [
        0.0,
        0.0,
        0.0
      ],
      "player": "_AmazingAstro"
    }
  }
}
[2025-01-18T20:59:44.419Z] RC VERBOSE {
  speedTrapResult: {
    player: '_AmazingAstro',
    enter: {
      timestamp: 1737233982313,
      position: [Array],
      velocity: [Array],
      player: '_AmazingAstro'
    },
    exit: {
      timestamp: 1737233984412,
      position: [Array],
      velocity: [Array],
      player: '_AmazingAstro'
    }
  }
}
[2025-01-18T20:59:44.718Z] RC VERBOSE 2 {"timestamp":1737233984711,"checkpoint_crosses":{"3":["duxq"]}}
[2025-01-18T20:59:45.419Z] RC VERBOSE 18 {
  "speedTrapResult": {
    "player": "duxq",
    "enter": {
      "timestamp": 1737233983911,
      "position": [
        -3686.9861693249545,
        7.5875,
        8495.44929255638
      ],
      "velocity": [
        0.0,
        0.0,
        0.0
      ],
      "player": "duxq"
    },
    "exit": {
      "timestamp": 1737233985412,
      "position": [
        -3688.421520885826,
        7.5875,
        8531.2451670896
      ],
      "velocity": [
        0.0,
        0.0,
        0.0
      ],
      "player": "duxq"
    }
  }
}
[2025-01-18T20:59:45.420Z] RC VERBOSE {
  speedTrapResult: {
    player: 'duxq',
    enter: {
      timestamp: 1737233983911,
      position: [Array],
      velocity: [Array],
      player: 'duxq'
    },
    exit: {
      timestamp: 1737233985412,
      position: [Array],
      velocity: [Array],
      player: 'duxq'
    }
  }
}
[2025-01-18T20:59:46.371Z] RC VERBOSE 2 {"timestamp":1737233986364,"checkpoint_crosses":{"0":["CapitaoMorfetico"]}}
[2025-01-18T20:59:46.371Z] RACE INFO CapitaoMorfetico finished lap 4 with a time of 52.403
[2025-01-18T20:59:46.383Z] RC VERBOSE 2 {"timestamp":1737233985707,"checkpoint_crosses":{"1":["chocolatemine7"]}}
[2025-01-18T20:59:46.565Z] RC VERBOSE 2 {"timestamp":1737233986559,"checkpoint_crosses":{"3":["SaishoVibes"]}}
[2025-01-18T20:59:46.969Z] RC VERBOSE 2 {"timestamp":1737233986962,"checkpoint_crosses":{"3":["Malji"]}}
[2025-01-18T20:59:47.422Z] RC VERBOSE 18 {
  "speedTrapResult": {
    "player": "SaishoVibes",
    "enter": {
      "timestamp": 1737233985509,
      "position": [
        -3686.6183863152037,
        7.5875,
        8495.197018682831
      ],
      "velocity": [
        0.0,
        0.0,
        0.0
      ],
      "player": "SaishoVibes"
    },
    "exit": {
      "timestamp": 1737233987415,
      "position": [
        -3689.9510166776463,
        7.5875,
        8531.205927041017
      ],
      "velocity": [
        0.0,
        0.0,
        0.0
      ],
      "player": "SaishoVibes"
    }
  }
}
[2025-01-18T20:59:47.422Z] RC VERBOSE {
  speedTrapResult: {
    player: 'SaishoVibes',
    enter: {
      timestamp: 1737233985509,
      position: [Array],
      velocity: [Array],
      player: 'SaishoVibes'
    },
    exit: {
      timestamp: 1737233987415,
      position: [Array],
      velocity: [Array],
      player: 'SaishoVibes'
    }
  }
}
[2025-01-18T20:59:47.768Z] RC VERBOSE 18 {
  "speedTrapResult": {
    "player": "Malji",
    "enter": {
      "timestamp": 1737233986114,
      "position": [
        -3688.857141070521,
        7.5875,
        8495.554014552274
      ],
      "velocity": [
        0.0,
        0.0,
        0.0
      ],
      "player": "Malji"
    },
    "exit": {
      "timestamp": 1737233987761,
      "position": [
        -3687.7386098396164,
        7.5875,
        8531.011035729261
      ],
      "velocity": [
        0.0,
        0.0,
        0.0
      ],
      "player": "Malji"
    }
  }
}
[2025-01-18T20:59:47.768Z] RC VERBOSE {
  speedTrapResult: {
    player: 'Malji',
    enter: {
      timestamp: 1737233986114,
      position: [Array],
      velocity: [Array],
      player: 'Malji'
    },
    exit: {
      timestamp: 1737233987761,
      position: [Array],
      velocity: [Array],
      player: 'Malji'
    }
  }
}
[2025-01-18T20:59:47.768Z] RC VERBOSE 2 {"timestamp":1737233987761,"checkpoint_crosses":{"3":["Devaliant_"]}}
[2025-01-18T20:59:48.671Z] RC VERBOSE 18 {
  "speedTrapResult": {
    "player": "Devaliant_",
    "enter": {
      "timestamp": 1737233986664,
      "position": [
        -3689.0492382191746,
        7.5875,
        8495.442960300548
      ],
      "velocity": [
        0.0,
        0.0,
        0.0
      ],
      "player": "Devaliant_"
    },
    "exit": {
      "timestamp": 1737233988665,
      "position": [
        -3693.2974509422475,
        7.5875,
        8531.435637883147
      ],
      "velocity": [
        0.0,
        0.0,
        0.0
      ],
      "player": "Devaliant_"
    }
  }
}
[2025-01-18T20:59:48.671Z] RC VERBOSE {
  speedTrapResult: {
    player: 'Devaliant_',
    enter: {
      timestamp: 1737233986664,
      position: [Array],
      velocity: [Array],
      player: 'Devaliant_'
    },
    exit: {
      timestamp: 1737233988665,
      position: [Array],
      velocity: [Array],
      player: 'Devaliant_'
    }
  }
}
[2025-01-18T20:59:48.866Z] RC VERBOSE 16 {"timestamp":1737233988859,"pit_enter_crosses":["ikonos33"]}
[2025-01-18T20:59:49.220Z] RC VERBOSE 2 {"timestamp":1737233989213,"checkpoint_crosses":{"0":["Alger1no"]}}
[2025-01-18T20:59:49.220Z] RACE INFO Alger1no finished lap 4 with a time of 57.253
[2025-01-18T20:59:49.337Z] RC VERBOSE 2 {"timestamp":1737233988657,"checkpoint_crosses":{"1":["Samuelle1411"]}}
[2025-01-18T20:59:49.635Z] RC VERBOSE 2 {"timestamp":1737233988956,"checkpoint_crosses":{"2":["Saiyuuuu"]}}
[2025-01-18T20:59:49.922Z] RC VERBOSE 2 {"timestamp":1737233989915,"checkpoint_crosses":{"3":["SubayAdamm"]}}
[2025-01-18T20:59:50.634Z] RC VERBOSE 2 {"timestamp":1737233989957,"checkpoint_crosses":{"2":["MarsCitadel"]}}
[2025-01-18T20:59:50.721Z] RC VERBOSE 18 {
  "speedTrapResult": {
    "player": "SubayAdamm",
    "enter": {
      "timestamp": 1737233989109,
      "position": [
        -3689.9701033467095,
        7.5875,
        8495.410866207183
      ],
      "velocity": [
        0.0,
        0.0,
        0.0
      ],
      "player": "SubayAdamm"
    },
    "exit": {
      "timestamp": 1737233990715,
      "position": [
        -3692.493766066711,
        7.5875,
        8530.569200064192
      ],
      "velocity": [
        0.0,
        0.0,
        0.0
      ],
      "player": "SubayAdamm"
    }
  }
}
[2025-01-18T20:59:50.721Z] RC VERBOSE {
  speedTrapResult: {
    player: 'SubayAdamm',
    enter: {
      timestamp: 1737233989109,
      position: [Array],
      velocity: [Array],
      player: 'SubayAdamm'
    },
    exit: {
      timestamp: 1737233990715,
      position: [Array],
      velocity: [Array],
      player: 'SubayAdamm'
    }
  }
}
[2025-01-18T20:59:51.868Z] RC VERBOSE 2 {"timestamp":1737233991861,"checkpoint_crosses":{"0":["T1AL_"]}}
[2025-01-18T20:59:51.868Z] RACE INFO T1AL_ finished lap 5 with a time of 44.1
[2025-01-18T20:59:52.216Z] RC VERBOSE 2 {"timestamp":1737233992209,"checkpoint_crosses":{"3":["HanameYt"]}}
[2025-01-18T20:59:52.884Z] RC VERBOSE 2 {"timestamp":1737233992206,"checkpoint_crosses":{"2":["chocolatemine7"]}}
[2025-01-18T20:59:52.917Z] RC VERBOSE 18 {
  "speedTrapResult": {
    "player": "HanameYt",
    "enter": {
      "timestamp": 1737233991410,
      "position": [
        -3688.3839742620908,
        7.5875,
        8495.433601717688
      ],
      "velocity": [
        0.0,
        0.0,
        0.0
      ],
      "player": "HanameYt"
    },
    "exit": {
      "timestamp": 1737233992910,
      "position": [
        -3687.5578970184033,
        7.5875,
        8531.127204688215
      ],
      "velocity": [
        0.0,
        0.0,
        0.0
      ],
      "player": "HanameYt"
    }
  }
}
[2025-01-18T20:59:52.917Z] RC VERBOSE {
  speedTrapResult: {
    player: 'HanameYt',
    enter: {
      timestamp: 1737233991410,
      position: [Array],
      velocity: [Array],
      player: 'HanameYt'
    },
    exit: {
      timestamp: 1737233992910,
      position: [Array],
      velocity: [Array],
      player: 'HanameYt'
    }
  }
}
[2025-01-18T20:59:53.369Z] RC VERBOSE 2 {"timestamp":1737233993362,"checkpoint_crosses":{"0":["Iceio_"],"3":["Terraformer9"]}}
[2025-01-18T20:59:53.370Z] RACE INFO Iceio_ finished lap 3 with a time of 48.95
[2025-01-18T20:59:53.821Z] RC VERBOSE 2 {"timestamp":1737233993814,"checkpoint_crosses":{"0":["Miesneus"]}}
[2025-01-18T20:59:53.821Z] RACE INFO Miesneus finished lap 5 with a time of 58.602
[2025-01-18T20:59:54.119Z] RC VERBOSE 18 {
  "speedTrapResult": {
    "player": "Terraformer9",
    "enter": {
      "timestamp": 1737233992661,
      "position": [
        -3687.6579573631793,
        7.5875,
        8495.083555760259
      ],
      "velocity": [
        0.0,
        0.0,
        0.0
      ],
      "player": "Terraformer9"
    },
    "exit": {
      "timestamp": 1737233994113,
      "position": [
        -3687.737089852464,
        7.5875,
        8531.131010905558
      ],
      "velocity": [
        0.0,
        0.0,
        0.0
      ],
      "player": "Terraformer9"
    }
  }
}
[2025-01-18T20:59:54.119Z] RC VERBOSE {
  speedTrapResult: {
    player: 'Terraformer9',
    enter: {
      timestamp: 1737233992661,
      position: [Array],
      velocity: [Array],
      player: 'Terraformer9'
    },
    exit: {
      timestamp: 1737233994113,
      position: [Array],
      velocity: [Array],
      player: 'Terraformer9'
    }
  }
}
[2025-01-18T20:59:54.668Z] RC VERBOSE 2 {"timestamp":1737233994662,"checkpoint_crosses":{"3":["TheAlphaGamer787"]}}
[2025-01-18T20:59:55.322Z] RC VERBOSE 2 {"timestamp":1737233995315,"checkpoint_crosses":{"0":["_AmazingAstro"]}}
[2025-01-18T20:59:55.322Z] RACE INFO _AmazingAstro finished lap 5 with a time of 46.052
[2025-01-18T20:59:55.468Z] RC VERBOSE 18 {
  "speedTrapResult": {
    "player": "TheAlphaGamer787",
    "enter": {
      "timestamp": 1737233993814,
      "position": [
        -3688.8985658077245,
        7.5875,
        8495.12491515548
      ],
      "velocity": [
        0.0,
        0.0,
        0.0
      ],
      "player": "TheAlphaGamer787"
    },
    "exit": {
      "timestamp": 1737233995461,
      "position": [
        -3686.935422016496,
        7.5875,
        8531.643607438014
      ],
      "velocity": [
        0.0,
        0.0,
        0.0
      ],
      "player": "TheAlphaGamer787"
    }
  }
}
[2025-01-18T20:59:55.468Z] RC VERBOSE {
  speedTrapResult: {
    player: 'TheAlphaGamer787',
    enter: {
      timestamp: 1737233993814,
      position: [Array],
      velocity: [Array],
      player: 'TheAlphaGamer787'
    },
    exit: {
      timestamp: 1737233995461,
      position: [Array],
      velocity: [Array],
      player: 'TheAlphaGamer787'
    }
  }
}
[2025-01-18T20:59:55.469Z] RC VERBOSE 16 {"timestamp":1737233995461,"pit_enter_crosses":["n0va1x"]}
[2025-01-18T20:59:55.766Z] RC VERBOSE 2 {"timestamp":1737233995760,"checkpoint_crosses":{"0":["duxq"]}}
[2025-01-18T20:59:55.766Z] RACE INFO duxq finished lap 5 with a time of 44.6
[2025-01-18T20:59:55.934Z] RC VERBOSE 2 {"timestamp":1737233995257,"checkpoint_crosses":{"2":["Samuelle1411"]}}
[2025-01-18T20:59:57.671Z] RC VERBOSE 2 {"timestamp":1737233997664,"checkpoint_crosses":{"0":["SaishoVibes"]}}
[2025-01-18T20:59:57.671Z] RACE INFO SaishoVibes finished lap 5 with a time of 45.503
[2025-01-18T20:59:57.834Z] RC VERBOSE 2 {"timestamp":1737233997157,"checkpoint_crosses":{"1":["KandaWel"]}}
[2025-01-18T20:59:57.970Z] RC VERBOSE 2 {"timestamp":1737233997963,"checkpoint_crosses":{"0":["Malji"]}}
[2025-01-18T20:59:57.970Z] RACE INFO Malji finished lap 5 with a time of 43.454
[2025-01-18T20:59:59.220Z] RC VERBOSE 2 {"timestamp":1737233999213,"checkpoint_crosses":{"0":["Devaliant_"]}}
[2025-01-18T20:59:59.220Z] RACE INFO Devaliant_ finished lap 5 with a time of 44.85
[2025-01-18T21:00:00.916Z] RC VERBOSE 2 {"timestamp":1737234000909,"checkpoint_crosses":{"0":["SubayAdamm"]}}
[2025-01-18T21:00:00.916Z] RACE INFO SubayAdamm finished lap 5 with a time of 44.548
[2025-01-18T21:00:01.185Z] RC VERBOSE 2 {"timestamp":1737234000507,"checkpoint_crosses":{"1":["CapitaoMorfetico"]}}
[2025-01-18T21:00:02.272Z] RC VERBOSE 2 {"timestamp":1737234002264,"checkpoint_crosses":{"0":["ikonos33"]}}
[2025-01-18T21:00:02.272Z] RACE INFO ikonos33 finished lap 5 with a time of 60.103
[2025-01-18T21:00:02.273Z] RC VERBOSE 8 {"timestamp":1737234002264,"pit_crosses":["ikonos33"]}
[2025-01-18T21:00:03.168Z] RC VERBOSE 2 {"timestamp":1737234003160,"checkpoint_crosses":{"0":["HanameYt"]}}
[2025-01-18T21:00:03.168Z] RACE INFO HanameYt finished lap 5 with a time of 43.696
[2025-01-18T21:00:03.772Z] RC VERBOSE 2 {"timestamp":1737234003765,"checkpoint_crosses":{"3":["Saiyuuuu"]}}
[2025-01-18T21:00:04.467Z] RC VERBOSE 18 {
  "speedTrapResult": {
    "player": "Saiyuuuu",
    "enter": {
      "timestamp": 1737234002911,
      "position": [
        -3687.9784570513457,
        7.5875,
        8495.350868027512
      ],
      "velocity": [
        0.0,
        0.0,
        0.0
      ],
      "player": "Saiyuuuu"
    },
    "exit": {
      "timestamp": 1737234004460,
      "position": [
        -3688.1092453999936,
        7.5875,
        8531.938115893117
      ],
      "velocity": [
        0.0,
        0.0,
        0.0
      ],
      "player": "Saiyuuuu"
    }
  }
}
[2025-01-18T21:00:04.467Z] RC VERBOSE {
  speedTrapResult: {
    player: 'Saiyuuuu',
    enter: {
      timestamp: 1737234002911,
      position: [Array],
      velocity: [Array],
      player: 'Saiyuuuu'
    },
    exit: {
      timestamp: 1737234004460,
      position: [Array],
      velocity: [Array],
      player: 'Saiyuuuu'
    }
  }
}
[2025-01-18T21:00:04.467Z] RC VERBOSE 2 {"timestamp":1737234004460,"checkpoint_crosses":{"0":["Terraformer9"]}}
[2025-01-18T21:00:04.467Z] RACE INFO Terraformer9 finished lap 5 with a time of 46.997
[2025-01-18T21:00:04.985Z] RC VERBOSE 2 {"timestamp":1737234004307,"checkpoint_crosses":{"1":["Alger1no"]}}
[2025-01-18T21:00:05.935Z] RC VERBOSE 2 {"timestamp":1737234005257,"checkpoint_crosses":{"2":["KandaWel"]}}
[2025-01-18T21:00:06.573Z] RC VERBOSE 2 {"timestamp":1737234006566,"checkpoint_crosses":{"3":["chocolatemine7"]}}
[2025-01-18T21:00:06.635Z] RC VERBOSE 2 {"timestamp":1737234005957,"checkpoint_crosses":{"1":["Miesneus"]}}
[2025-01-18T21:00:06.785Z] RC VERBOSE 2 {"timestamp":1737234006107,"checkpoint_crosses":{"1":["Iceio_"]}}
[2025-01-18T21:00:07.267Z] RC VERBOSE 18 {
  "speedTrapResult": {
    "player": "chocolatemine7",
    "enter": {
      "timestamp": 1737234005961,
      "position": [
        -3687.059601009809,
        7.5875,
        8495.10335415254
      ],
      "velocity": [
        0.0,
        0.0,
        0.0
      ],
      "player": "chocolatemine7"
    },
    "exit": {
      "timestamp": 1737234007261,
      "position": [
        -3689.3679714348173,
        7.5875,
        8531.495266891294
      ],
      "velocity": [
        0.0,
        0.0,
        0.0
      ],
      "player": "chocolatemine7"
    }
  }
}
[2025-01-18T21:00:07.267Z] RC VERBOSE {
  speedTrapResult: {
    player: 'chocolatemine7',
    enter: {
      timestamp: 1737234005961,
      position: [Array],
      velocity: [Array],
      player: 'chocolatemine7'
    },
    exit: {
      timestamp: 1737234007261,
      position: [Array],
      velocity: [Array],
      player: 'chocolatemine7'
    }
  }
}
[2025-01-18T21:00:08.335Z] RC VERBOSE 2 {"timestamp":1737234007658,"checkpoint_crosses":{"1":["T1AL_"]}}
[2025-01-18T21:00:08.686Z] RC VERBOSE 2 {"timestamp":1737234008008,"checkpoint_crosses":{"2":["CapitaoMorfetico"]}}
[2025-01-18T21:00:08.769Z] RC VERBOSE 2 {"timestamp":1737234008762,"checkpoint_crosses":{"3":["MarsCitadel"]}}
[2025-01-18T21:00:08.817Z] RC VERBOSE 2 {"timestamp":1737234008810,"checkpoint_crosses":{"0":["n0va1x"]}}
[2025-01-18T21:00:08.817Z] RACE INFO n0va1x finished lap 5 with a time of 62.549
[2025-01-18T21:00:08.819Z] RC VERBOSE 8 {"timestamp":1737234008810,"pit_crosses":["n0va1x"]}
[2025-01-18T21:00:09.471Z] RC VERBOSE 18 {
  "speedTrapResult": {
    "player": "MarsCitadel",
    "enter": {
      "timestamp": 1737234008011,
      "position": [
        -3686.845235579027,
        7.5875,
        8495.449526245144
      ],
      "velocity": [
        0.0,
        0.0,
        0.0
      ],
      "player": "MarsCitadel"
    },
    "exit": {
      "timestamp": 1737234009464,
      "position": [
        -3687.8925312370357,
        7.5875,
        8530.775179922284
      ],
      "velocity": [
        0.0,
        0.0,
        0.0
      ],
      "player": "MarsCitadel"
    }
  }
}
[2025-01-18T21:00:09.471Z] RC VERBOSE {
  speedTrapResult: {
    player: 'MarsCitadel',
    enter: {
      timestamp: 1737234008011,
      position: [Array],
      velocity: [Array],
      player: 'MarsCitadel'
    },
    exit: {
      timestamp: 1737234009464,
      position: [Array],
      velocity: [Array],
      player: 'MarsCitadel'
    }
  }
}
[2025-01-18T21:00:09.789Z] RC VERBOSE 2 {"timestamp":1737234009107,"checkpoint_crosses":{"1":["SaishoVibes"]}}
[2025-01-18T21:00:10.172Z] RC VERBOSE 2 {"timestamp":1737234010165,"checkpoint_crosses":{"3":["Samuelle1411"]}}
[2025-01-18T21:00:10.221Z] RC VERBOSE 16 {"timestamp":1737234010214,"pit_enter_crosses":["TheAlphaGamer787"]}
[2025-01-18T21:00:10.834Z] RC VERBOSE 2 {"timestamp":1737234010158,"checkpoint_crosses":{"1":["_AmazingAstro"]}}
[2025-01-18T21:00:10.923Z] RC VERBOSE 18 {
  "speedTrapResult": {
    "player": "Samuelle1411",
    "enter": {
      "timestamp": 1737234009311,
      "position": [
        -3689.1762559148124,
        7.5875,
        8495.15687484912
      ],
      "velocity": [
        0.0,
        0.0,
        0.0
      ],
      "player": "Samuelle1411"
    },
    "exit": {
      "timestamp": 1737234010916,
      "position": [
        -3688.0431908608816,
        7.5875,
        8531.268586551374
      ],
      "velocity": [
        0.0,
        0.0,
        0.0
      ],
      "player": "Samuelle1411"
    }
  }
}
[2025-01-18T21:00:10.923Z] RC VERBOSE {
  speedTrapResult: {
    player: 'Samuelle1411',
    enter: {
      timestamp: 1737234009311,
      position: [Array],
      velocity: [Array],
      player: 'Samuelle1411'
    },
    exit: {
      timestamp: 1737234010916,
      position: [Array],
      velocity: [Array],
      player: 'Samuelle1411'
    }
  }
}
[2025-01-18T21:00:11.936Z] RC VERBOSE 2 {"timestamp":1737234011258,"checkpoint_crosses":{"1":["duxq"]}}
[2025-01-18T21:00:12.016Z] RC VERBOSE 2 {"timestamp":1737234011308,"checkpoint_crosses":{"1":["Malji"]}}
[2025-01-18T21:00:13.036Z] RC VERBOSE 2 {"timestamp":1737234012358,"checkpoint_crosses":{"2":["Alger1no"]}}
[2025-01-18T21:00:13.112Z] RC VERBOSE 2 {"timestamp":1737234012408,"checkpoint_crosses":{"1":["Devaliant_"]}}
[2025-01-18T21:00:13.485Z] RC VERBOSE 2 {"timestamp":1737234012808,"checkpoint_crosses":{"2":["Iceio_"]}}
[2025-01-18T21:00:14.035Z] RC VERBOSE 2 {"timestamp":1737234013358,"checkpoint_crosses":{"1":["SubayAdamm"]}}
[2025-01-18T21:00:14.571Z] RC VERBOSE 2 {"timestamp":1737234014564,"checkpoint_crosses":{"0":["Saiyuuuu"]}}
[2025-01-18T21:00:14.571Z] RACE INFO Saiyuuuu finished lap 5 with a time of 44.648
[2025-01-18T21:00:15.336Z] RC VERBOSE 2 {"timestamp":1737234014657,"checkpoint_crosses":{"1":["HanameYt"]}}
[2025-01-18T21:00:15.436Z] RC VERBOSE 2 {"timestamp":1737234014758,"checkpoint_crosses":{"2":["T1AL_"]}}
[2025-01-18T21:00:16.686Z] RC VERBOSE 2 {"timestamp":1737234016007,"checkpoint_crosses":{"1":["ikonos33"]}}
[2025-01-18T21:00:17.285Z] RC VERBOSE 2 {"timestamp":1737234016608,"checkpoint_crosses":{"2":["SaishoVibes"]}}
[2025-01-18T21:00:17.371Z] RC VERBOSE 2 {"timestamp":1737234017364,"checkpoint_crosses":{"0":["chocolatemine7"]}}
[2025-01-18T21:00:17.371Z] RACE INFO chocolatemine7 finished lap 6 with a time of 44.405
[2025-01-18T21:00:18.336Z] RC VERBOSE 2 {"timestamp":1737234017658,"checkpoint_crosses":{"2":["Miesneus"]}}
[2025-01-18T21:00:18.935Z] RC VERBOSE 2 {"timestamp":1737234018258,"checkpoint_crosses":{"2":["_AmazingAstro"]}}
[2025-01-18T21:00:19.116Z] RC VERBOSE 2 {"timestamp":1737234019109,"checkpoint_crosses":{"0":["MarsCitadel"]}}
[2025-01-18T21:00:19.116Z] RACE INFO MarsCitadel finished lap 6 with a time of 47.345
[2025-01-18T21:00:19.186Z] RC VERBOSE 2 {"timestamp":1737234018508,"checkpoint_crosses":{"1":["n0va1x"]}}
[2025-01-18T21:00:19.736Z] RC VERBOSE 2 {"timestamp":1737234019058,"checkpoint_crosses":{"2":["Malji"]}}
[2025-01-18T21:00:20.736Z] RC VERBOSE 2 {"timestamp":1737234020058,"checkpoint_crosses":{"2":["Devaliant_"]}}
[2025-01-18T21:00:20.770Z] RC VERBOSE 2 {"timestamp":1737234020763,"checkpoint_crosses":{"0":["Samuelle1411"]}}
[2025-01-18T21:00:20.770Z] RACE INFO Samuelle1411 finished lap 6 with a time of 42.453
[2025-01-18T21:00:21.741Z] RC VERBOSE 2 {"timestamp":1737234021058,"checkpoint_crosses":{"2":["duxq"]}}
[2025-01-18T21:00:21.938Z] RC VERBOSE 2 {"timestamp":1737234021258,"checkpoint_crosses":{"1":["Terraformer9"]}}
[2025-01-18T21:00:22.086Z] RC VERBOSE 2 {"timestamp":1737234021408,"checkpoint_crosses":{"2":["SubayAdamm"]}}
[2025-01-18T21:00:22.536Z] RC VERBOSE 2 {"timestamp":1737234021858,"checkpoint_crosses":{"2":["HanameYt"]}}
[2025-01-18T21:00:23.271Z] RC VERBOSE 2 {"timestamp":1737234023265,"checkpoint_crosses":{"3":["CapitaoMorfetico"]}}
[2025-01-18T21:00:23.418Z] RC VERBOSE 2 {"timestamp":1737234023410,"checkpoint_crosses":{"0":["TheAlphaGamer787"],"3":["KandaWel"]}}
[2025-01-18T21:00:23.418Z] RACE INFO TheAlphaGamer787 finished lap 5 with a time of 61.944
[2025-01-18T21:00:23.419Z] RC VERBOSE 8 {"timestamp":1737234023410,"pit_crosses":["TheAlphaGamer787"]}
[2025-01-18T21:00:24.022Z] RC VERBOSE 18 {
  "speedTrapResult": {
    "player": "CapitaoMorfetico",
    "enter": {
      "timestamp": 1737234022563,
      "position": [
        -3688.0914182150377,
        7.9,
        8495.412267315223
      ],
      "velocity": [
        0.0,
        0.0,
        0.0
      ],
      "player": "CapitaoMorfetico"
    },
    "exit": {
      "timestamp": 1737234024015,
      "position": [
        -3689.6512965460747,
        7.9,
        8531.422557516758
      ],
      "velocity": [
        0.0,
        0.0,
        0.0
      ],
      "player": "CapitaoMorfetico"
    }
  }
}
[2025-01-18T21:00:24.022Z] RC VERBOSE {
  speedTrapResult: {
    player: 'CapitaoMorfetico',
    enter: {
      timestamp: 1737234022563,
      position: [Array],
      velocity: [Array],
      player: 'CapitaoMorfetico'
    },
    exit: {
      timestamp: 1737234024015,
      position: [Array],
      velocity: [Array],
      player: 'CapitaoMorfetico'
    }
  }
}
[2025-01-18T21:00:24.087Z] RC VERBOSE 2 {"timestamp":1737234023409,"checkpoint_crosses":{"2":["ikonos33"]}}
[2025-01-18T21:00:24.119Z] RC VERBOSE 18 {
  "speedTrapResult": {
    "player": "KandaWel",
    "enter": {
      "timestamp": 1737234022764,
      "position": [
        -3691.3541132493096,
        7.5875,
        8495.467828235001
      ],
      "velocity": [
        0.0,
        0.0,
        0.0
      ],
      "player": "KandaWel"
    },
    "exit": {
      "timestamp": 1737234024113,
      "position": [
        -3695.056242656074,
        7.5875,
        8530.670829991801
      ],
      "velocity": [
        0.0,
        0.0,
        0.0
      ],
      "player": "KandaWel"
    }
  }
}
[2025-01-18T21:00:24.119Z] RC VERBOSE {
  speedTrapResult: {
    player: 'KandaWel',
    enter: {
      timestamp: 1737234022764,
      position: [Array],
      velocity: [Array],
      player: 'KandaWel'
    },
    exit: {
      timestamp: 1737234024113,
      position: [Array],
      velocity: [Array],
      player: 'KandaWel'
    }
  }
}
[2025-01-18T21:00:25.840Z] RC VERBOSE 2 {"timestamp":1737234025159,"checkpoint_crosses":{"2":["n0va1x"]}}
[2025-01-18T21:00:26.886Z] RC VERBOSE 2 {"timestamp":1737234026209,"checkpoint_crosses":{"1":["Saiyuuuu"]}}
[2025-01-18T21:00:28.136Z] RC VERBOSE 2 {"timestamp":1737234027459,"checkpoint_crosses":{"2":["Terraformer9"]}}
[2025-01-18T21:00:28.693Z] RC VERBOSE 2 {"timestamp":1737234028009,"checkpoint_crosses":{"1":["chocolatemine7"]}}
[2025-01-18T21:00:28.970Z] RC VERBOSE 2 {"timestamp":1737234028963,"checkpoint_crosses":{"3":["T1AL_"]}}
[2025-01-18T21:00:29.672Z] RC VERBOSE 18 {
  "speedTrapResult": {
    "player": "T1AL_",
    "enter": {
      "timestamp": 1737234028059,
      "position": [
        -3688.313585018879,
        7.5875,
        8495.590391300731
      ],
      "velocity": [
        0.0,
        0.0,
        0.0
      ],
      "player": "T1AL_"
    },
    "exit": {
      "timestamp": 1737234029664,
      "position": [
        -3687.8666766698716,
        7.5875,
        8530.627899556197
      ],
      "velocity": [
        0.0,
        0.0,
        0.0
      ],
      "player": "T1AL_"
    }
  }
}
[2025-01-18T21:00:29.672Z] RC VERBOSE {
  speedTrapResult: {
    player: 'T1AL_',
    enter: {
      timestamp: 1737234028059,
      position: [Array],
      velocity: [Array],
      player: 'T1AL_'
    },
    exit: {
      timestamp: 1737234029664,
      position: [Array],
      velocity: [Array],
      player: 'T1AL_'
    }
  }
}
[2025-01-18T21:00:30.519Z] RC VERBOSE 2 {"timestamp":1737234030513,"checkpoint_crosses":{"3":["Alger1no"]}}
[2025-01-18T21:00:30.687Z] RC VERBOSE 2 {"timestamp":1737234030009,"checkpoint_crosses":{"1":["MarsCitadel"]}}
[2025-01-18T21:00:31.318Z] RC VERBOSE 18 {
  "speedTrapResult": {
    "player": "Alger1no",
    "enter": {
      "timestamp": 1737234029609,
      "position": [
        -3695.847693981834,
        7.5875,
        8495.445304990439
      ],
      "velocity": [
        0.0,
        0.0,
        0.0
      ],
      "player": "Alger1no"
    },
    "exit": {
      "timestamp": 1737234031312,
      "position": [
        -3691.070293378219,
        7.5875,
        8530.464210291842
      ],
      "velocity": [
        0.0,
        0.0,
        0.0
      ],
      "player": "Alger1no"
    }
  }
}
[2025-01-18T21:00:31.319Z] RC VERBOSE {
  speedTrapResult: {
    player: 'Alger1no',
    enter: {
      timestamp: 1737234029609,
      position: [Array],
      velocity: [Array],
      player: 'Alger1no'
    },
    exit: {
      timestamp: 1737234031312,
      position: [Array],
      velocity: [Array],
      player: 'Alger1no'
    }
  }
}
[2025-01-18T21:00:31.367Z] RC VERBOSE 2 {"timestamp":1737234031360,"checkpoint_crosses":{"3":["SaishoVibes"]}}
[2025-01-18T21:00:32.118Z] RC VERBOSE 18 {
  "speedTrapResult": {
    "player": "SaishoVibes",
    "enter": {
      "timestamp": 1737234030561,
      "position": [
        -3688.157364620537,
        7.5875,
        8495.631619858174
      ],
      "velocity": [
        0.0,
        0.0,
        0.0
      ],
      "player": "SaishoVibes"
    },
    "exit": {
      "timestamp": 1737234032111,
      "position": [
        -3687.861510922071,
        7.5875,
        8531.603018672522
      ],
      "velocity": [
        0.0,
        0.0,
        0.0
      ],
      "player": "SaishoVibes"
    }
  }
}
[2025-01-18T21:00:32.118Z] RC VERBOSE {
  speedTrapResult: {
    player: 'SaishoVibes',
    enter: {
      timestamp: 1737234030561,
      position: [Array],
      velocity: [Array],
      player: 'SaishoVibes'
    },
    exit: {
      timestamp: 1737234032111,
      position: [Array],
      velocity: [Array],
      player: 'SaishoVibes'
    }
  }
}
[2025-01-18T21:00:32.337Z] RC VERBOSE 2 {"timestamp":1737234031658,"checkpoint_crosses":{"1":["Samuelle1411"]}}
[2025-01-18T21:00:33.889Z] RC VERBOSE 2 {"timestamp":1737234033210,"checkpoint_crosses":{"1":["TheAlphaGamer787"]}}
[2025-01-18T21:00:34.168Z] RC VERBOSE 2 {"timestamp":1737234034161,"checkpoint_crosses":{"3":["Malji"]}}
[2025-01-18T21:00:34.287Z] RC VERBOSE 2 {"timestamp":1737234033608,"checkpoint_crosses":{"2":["Saiyuuuu"]}}
[2025-01-18T21:00:34.918Z] RC VERBOSE 18 {
  "speedTrapResult": {
    "player": "Malji",
    "enter": {
      "timestamp": 1737234033362,
      "position": [
        -3688.241642483479,
        7.5875,
        8495.64239964799
      ],
      "velocity": [
        0.0,
        0.0,
        0.0
      ],
      "player": "Malji"
    },
    "exit": {
      "timestamp": 1737234034912,
      "position": [
        -3689.379073635678,
        7.5875,
        8530.654522420016
      ],
      "velocity": [
        0.0,
        0.0,
        0.0
      ],
      "player": "Malji"
    }
  }
}
[2025-01-18T21:00:34.918Z] RC VERBOSE {
  speedTrapResult: {
    player: 'Malji',
    enter: {
      timestamp: 1737234033362,
      position: [Array],
      velocity: [Array],
      player: 'Malji'
    },
    exit: {
      timestamp: 1737234034912,
      position: [Array],
      velocity: [Array],
      player: 'Malji'
    }
  }
}
[2025-01-18T21:00:34.967Z] RC VERBOSE 2 {"timestamp":1737234034960,"checkpoint_crosses":{"0":["CapitaoMorfetico"]}}
[2025-01-18T21:00:34.967Z] RACE INFO CapitaoMorfetico finished lap 5 with a time of 48.596
[2025-01-18T21:00:35.491Z] RC VERBOSE 2 {"timestamp":1737234034808,"checkpoint_crosses":{"2":["chocolatemine7"]}}
[2025-01-18T21:00:35.968Z] RC VERBOSE 2 {"timestamp":1737234035961,"checkpoint_crosses":{"3":["_AmazingAstro"]}}
[2025-01-18T21:00:36.767Z] RC VERBOSE 18 {
  "speedTrapResult": {
    "player": "_AmazingAstro",
    "enter": {
      "timestamp": 1737234035162,
      "position": [
        -3688.045889204449,
        7.5875,
        8495.748083090128
      ],
      "velocity": [
        0.0,
        0.0,
        0.0
      ],
      "player": "_AmazingAstro"
    },
    "exit": {
      "timestamp": 1737234036759,
      "position": [
        -3691.549605143837,
        7.5875,
        8531.379605055243
      ],
      "velocity": [
        0.0,
        0.0,
        0.0
      ],
      "player": "_AmazingAstro"
    }
  }
}
[2025-01-18T21:00:36.767Z] RC VERBOSE {
  speedTrapResult: {
    player: '_AmazingAstro',
    enter: {
      timestamp: 1737234035162,
      position: [Array],
      velocity: [Array],
      player: '_AmazingAstro'
    },
    exit: {
      timestamp: 1737234036759,
      position: [Array],
      velocity: [Array],
      player: '_AmazingAstro'
    }
  }
}
[2025-01-18T21:00:37.137Z] RC VERBOSE 2 {"timestamp":1737234036459,"checkpoint_crosses":{"2":["MarsCitadel"]}}
[2025-01-18T21:00:37.968Z] RC VERBOSE 2 {"timestamp":1737234037962,"checkpoint_crosses":{"3":["SubayAdamm"]}}
[2025-01-18T21:00:38.316Z] RC VERBOSE 2 {"timestamp":1737234038309,"checkpoint_crosses":{"0":["KandaWel"]}}
[2025-01-18T21:00:38.316Z] RACE INFO KandaWel finished lap 5 with a time of 54.696
[2025-01-18T21:00:38.768Z] RC VERBOSE 18 {
  "speedTrapResult": {
    "player": "SubayAdamm",
    "enter": {
      "timestamp": 1737234037162,
      "position": [
        -3692.1970317661035,
        7.5875,
        8495.642273265268
      ],
      "velocity": [
        0.0,
        0.0,
        0.0
      ],
      "player": "SubayAdamm"
    },
    "exit": {
      "timestamp": 1737234038761,
      "position": [
        -3692.202316292721,
        7.5875,
        8531.437928296258
      ],
      "velocity": [
        0.0,
        0.0,
        0.0
      ],
      "player": "SubayAdamm"
    }
  }
}
[2025-01-18T21:00:38.768Z] RC VERBOSE {
  speedTrapResult: {
    player: 'SubayAdamm',
    enter: {
      timestamp: 1737234037162,
      position: [Array],
      velocity: [Array],
      player: 'SubayAdamm'
    },
    exit: {
      timestamp: 1737234038761,
      position: [Array],
      velocity: [Array],
      player: 'SubayAdamm'
    }
  }
}
[2025-01-18T21:00:39.087Z] RC VERBOSE 2 {"timestamp":1737234038409,"checkpoint_crosses":{"2":["Samuelle1411"]}}
[2025-01-18T21:00:39.866Z] RC VERBOSE 2 {"timestamp":1737234039859,"checkpoint_crosses":{"0":["T1AL_"]}}
[2025-01-18T21:00:39.866Z] RACE INFO T1AL_ finished lap 6 with a time of 47.998
[2025-01-18T21:00:40.220Z] RC VERBOSE 2 {"timestamp":1737234040213,"checkpoint_crosses":{"3":["Devaliant_"]}}
[2025-01-18T21:00:40.487Z] RC VERBOSE 2 {"timestamp":1737234039809,"checkpoint_crosses":{"2":["TheAlphaGamer787"]}}
[2025-01-18T21:00:40.567Z] RC VERBOSE 2 {"timestamp":1737234040561,"checkpoint_crosses":{"3":["ikonos33"]}}
[2025-01-18T21:00:40.922Z] RC VERBOSE 18 {
  "speedTrapResult": {
    "player": "Devaliant_",
    "enter": {
      "timestamp": 1737234039414,
      "position": [
        -3687.92065062547,
        7.5875,
        8495.15213128272
      ],
      "velocity": [
        0.0,
        0.0,
        0.0
      ],
      "player": "Devaliant_"
    },
    "exit": {
      "timestamp": 1737234040916,
      "position": [
        -3690.381902904749,
        7.5875,
        8530.41693685457
      ],
      "velocity": [
        0.0,
        0.0,
        0.0
      ],
      "player": "Devaliant_"
    }
  }
}
[2025-01-18T21:00:40.922Z] RC VERBOSE {
  speedTrapResult: {
    player: 'Devaliant_',
    enter: {
      timestamp: 1737234039414,
      position: [Array],
      velocity: [Array],
      player: 'Devaliant_'
    },
    exit: {
      timestamp: 1737234040916,
      position: [Array],
      velocity: [Array],
      player: 'Devaliant_'
    }
  }
}
[2025-01-18T21:00:40.922Z] RC VERBOSE 2 {"timestamp":1737234040916,"checkpoint_crosses":{"3":["HanameYt"]}}
[2025-01-18T21:00:41.319Z] RC VERBOSE 18 {
  "speedTrapResult": {
    "player": "ikonos33",
    "enter": {
      "timestamp": 1737234039810,
      "position": [
        -3688.218978953533,
        7.5875,
        8495.295021521268
      ],
      "velocity": [
        0.0,
        0.0,
        0.0
      ],
      "player": "ikonos33"
    },
    "exit": {
      "timestamp": 1737234041311,
      "position": [
        -3689.608569376807,
        7.5875,
        8531.47872637429
      ],
      "velocity": [
        0.0,
        0.0,
        0.0
      ],
      "player": "ikonos33"
    }
  }
}
[2025-01-18T21:00:41.319Z] RC VERBOSE {
  speedTrapResult: {
    player: 'ikonos33',
    enter: {
      timestamp: 1737234039810,
      position: [Array],
      velocity: [Array],
      player: 'ikonos33'
    },
    exit: {
      timestamp: 1737234041311,
      position: [Array],
      velocity: [Array],
      player: 'ikonos33'
    }
  }
}
[2025-01-18T21:00:41.972Z] RC VERBOSE 2 {"timestamp":1737234041965,"checkpoint_crosses":{"3":["duxq"]}}
[2025-01-18T21:00:42.070Z] RC VERBOSE 2 {"timestamp":1737234042062,"checkpoint_crosses":{"3":["n0va1x"]}}
[2025-01-18T21:00:42.520Z] RC VERBOSE 2 {"timestamp":1737234042513,"checkpoint_crosses":{"3":["Miesneus"]}}
[2025-01-18T21:00:42.569Z] RC VERBOSE 18 {
  "speedTrapResult": {
    "player": "HanameYt",
    "enter": {
      "timestamp": 1737234040109,
      "position": [
        -3691.27039312889,
        7.5875,
        8495.555341981708
      ],
      "velocity": [
        0.0,
        0.0,
        0.0
      ],
      "player": "HanameYt"
    },
    "exit": {
      "timestamp": 1737234042562,
      "position": [
        -3689.722346798098,
        7.5875,
        8530.855983387271
      ],
      "velocity": [
        0.0,
        0.0,
        0.0
      ],
      "player": "HanameYt"
    }
  }
}
[2025-01-18T21:00:42.569Z] RC VERBOSE {
  speedTrapResult: {
    player: 'HanameYt',
    enter: {
      timestamp: 1737234040109,
      position: [Array],
      velocity: [Array],
      player: 'HanameYt'
    },
    exit: {
      timestamp: 1737234042562,
      position: [Array],
      velocity: [Array],
      player: 'HanameYt'
    }
  }
}
[2025-01-18T21:00:42.722Z] RC VERBOSE 18 {
  "speedTrapResult": {
    "player": "n0va1x",
    "enter": {
      "timestamp": 1737234041360,
      "position": [
        -3688.7049184142766,
        7.5875,
        8495.702288302025
      ],
      "velocity": [
        0.0,
        0.0,
        0.0
      ],
      "player": "n0va1x"
    },
    "exit": {
      "timestamp": 1737234042715,
      "position": [
        -3687.97522929151,
        7.5875,
        8531.143907474721
      ],
      "velocity": [
        0.0,
        0.0,
        0.0
      ],
      "player": "n0va1x"
    }
  }
}
[2025-01-18T21:00:42.722Z] RC VERBOSE {
  speedTrapResult: {
    player: 'n0va1x',
    enter: {
      timestamp: 1737234041360,
      position: [Array],
      velocity: [Array],
      player: 'n0va1x'
    },
    exit: {
      timestamp: 1737234042715,
      position: [Array],
      velocity: [Array],
      player: 'n0va1x'
    }
  }
}
[2025-01-18T21:00:42.771Z] RC VERBOSE 18 {
  "speedTrapResult": {
    "player": "duxq",
    "enter": {
      "timestamp": 1737234041214,
      "position": [
        -3690.6509370494596,
        7.5875,
        8495.836289688641
      ],
      "velocity": [
        0.0,
        0.0,
        0.0
      ],
      "player": "duxq"
    },
    "exit": {
      "timestamp": 1737234042764,
      "position": [
        -3691.9870633613536,
        7.5875,
        8530.73739018022
      ],
      "velocity": [
        0.0,
        0.0,
        0.0
      ],
      "player": "duxq"
    }
  }
}
[2025-01-18T21:00:42.771Z] RC VERBOSE {
  speedTrapResult: {
    player: 'duxq',
    enter: {
      timestamp: 1737234041214,
      position: [Array],
      velocity: [Array],
      player: 'duxq'
    },
    exit: {
      timestamp: 1737234042764,
      position: [Array],
      velocity: [Array],
      player: 'duxq'
    }
  }
}
[2025-01-18T21:00:42.916Z] RC VERBOSE 2 {"timestamp":1737234042910,"checkpoint_crosses":{"0":["SaishoVibes"]}}
[2025-01-18T21:00:42.916Z] RACE INFO SaishoVibes finished lap 6 with a time of 45.246
[2025-01-18T21:00:43.521Z] RC VERBOSE 2 {"timestamp":1737234043514,"checkpoint_crosses":{"3":["Terraformer9"]}}
[2025-01-18T21:00:44.022Z] RC VERBOSE 18 {
  "speedTrapResult": {
    "player": "Miesneus",
    "enter": {
      "timestamp": 1737234041659,
      "position": [
        -3693.2377796124824,
        7.5875,
        8495.495484788982
      ],
      "velocity": [
        0.0,
        0.0,
        0.0
      ],
      "player": "Miesneus"
    },
    "exit": {
      "timestamp": 1737234044015,
      "position": [
        -3688.895115662177,
        7.5875,
        8530.396143683103
      ],
      "velocity": [
        0.0,
        0.0,
        0.0
      ],
      "player": "Miesneus"
    }
  }
}
[2025-01-18T21:00:44.022Z] RC VERBOSE {
  speedTrapResult: {
    player: 'Miesneus',
    enter: {
      timestamp: 1737234041659,
      position: [Array],
      velocity: [Array],
      player: 'Miesneus'
    },
    exit: {
      timestamp: 1737234044015,
      position: [Array],
      velocity: [Array],
      player: 'Miesneus'
    }
  }
}
[2025-01-18T21:00:45.022Z] RC VERBOSE 2 {"timestamp":1737234045015,"checkpoint_crosses":{"0":["Malji"]}}
[2025-01-18T21:00:45.022Z] RACE INFO Malji finished lap 6 with a time of 47.052
[2025-01-18T21:00:45.272Z] RC VERBOSE 18 {
  "speedTrapResult": {
    "player": "Terraformer9",
    "enter": {
      "timestamp": 1737234042660,
      "position": [
        -3687.15245825699,
        7.5875,
        8495.409251823843
      ],
      "velocity": [
        0.0,
        0.0,
        0.0
      ],
      "player": "Terraformer9"
    },
    "exit": {
      "timestamp": 1737234045265,
      "position": [
        -3689.3924235128097,
        7.5875,
        8530.97596019421
      ],
      "velocity": [
        0.0,
        0.0,
        0.0
      ],
      "player": "Terraformer9"
    }
  }
}
[2025-01-18T21:00:45.273Z] RC VERBOSE {
  speedTrapResult: {
    player: 'Terraformer9',
    enter: {
      timestamp: 1737234042660,
      position: [Array],
      velocity: [Array],
      player: 'Terraformer9'
    },
    exit: {
      timestamp: 1737234045265,
      position: [Array],
      velocity: [Array],
      player: 'Terraformer9'
    }
  }
}
[2025-01-18T21:00:46.571Z] RC VERBOSE 2 {"timestamp":1737234046565,"checkpoint_crosses":{"0":["Alger1no"]}}
[2025-01-18T21:00:46.571Z] RACE INFO Alger1no finished lap 5 with a time of 57.352
[2025-01-18T21:00:46.967Z] RC VERBOSE 2 {"timestamp":1737234046961,"checkpoint_crosses":{"0":["_AmazingAstro"]}}
[2025-01-18T21:00:46.967Z] RACE INFO _AmazingAstro finished lap 6 with a time of 51.646
[2025-01-18T21:00:48.469Z] RC VERBOSE 2 {"timestamp":1737234048461,"checkpoint_crosses":{"3":["Saiyuuuu"]}}
[2025-01-18T21:00:48.487Z] RC VERBOSE 2 {"timestamp":1737234047810,"checkpoint_crosses":{"1":["CapitaoMorfetico"]}}
[2025-01-18T21:00:49.219Z] RC VERBOSE 18 {
  "speedTrapResult": {
    "player": "Saiyuuuu",
    "enter": {
      "timestamp": 1737234047614,
      "position": [
        -3688.4276836323324,
        7.5875,
        8495.103185227526
      ],
      "velocity": [
        0.0,
        0.0,
        0.0
      ],
      "player": "Saiyuuuu"
    },
    "exit": {
      "timestamp": 1737234049212,
      "position": [
        -3688.4184267423675,
        7.5875,
        8531.584653302096
      ],
      "velocity": [
        0.0,
        0.0,
        0.0
      ],
      "player": "Saiyuuuu"
    }
  }
}
[2025-01-18T21:00:49.220Z] RC VERBOSE {
  speedTrapResult: {
    player: 'Saiyuuuu',
    enter: {
      timestamp: 1737234047614,
      position: [Array],
      velocity: [Array],
      player: 'Saiyuuuu'
    },
    exit: {
      timestamp: 1737234049212,
      position: [Array],
      velocity: [Array],
      player: 'Saiyuuuu'
    }
  }
}
[2025-01-18T21:00:49.220Z] RC VERBOSE 2 {"timestamp":1737234049212,"checkpoint_crosses":{"0":["SubayAdamm"]}}
[2025-01-18T21:00:49.220Z] RACE INFO SubayAdamm finished lap 6 with a time of 48.303
[2025-01-18T21:00:51.173Z] RC VERBOSE 2 {"timestamp":1737234051166,"checkpoint_crosses":{"0":["Devaliant_"]}}
[2025-01-18T21:00:51.173Z] RACE INFO Devaliant_ finished lap 6 with a time of 51.953
[2025-01-18T21:00:52.139Z] RC VERBOSE 2 {"timestamp":1737234051460,"checkpoint_crosses":{"1":["KandaWel"]}}
[2025-01-18T21:00:52.667Z] RC VERBOSE 2 {"timestamp":1737234052660,"checkpoint_crosses":{"3":["chocolatemine7"]}}
[2025-01-18T21:00:52.770Z] RC VERBOSE 2 {"timestamp":1737234052763,"checkpoint_crosses":{"0":["n0va1x"]}}
[2025-01-18T21:00:52.770Z] RACE INFO n0va1x finished lap 6 with a time of 43.953
[2025-01-18T21:00:53.118Z] RC VERBOSE 2 {"timestamp":1737234053112,"checkpoint_crosses":{"3":["Samuelle1411"]}}
[2025-01-18T21:00:53.417Z] RC VERBOSE 18 {
  "speedTrapResult": {
    "player": "chocolatemine7",
    "enter": {
      "timestamp": 1737234051909,
      "position": [
        -3687.7800485730118,
        7.5875,
        8495.573557803285
      ],
      "velocity": [
        0.0,
        0.0,
        0.0
      ],
      "player": "chocolatemine7"
    },
    "exit": {
      "timestamp": 1737234053410,
      "position": [
        -3688.819532832832,
        7.5875,
        8530.9468814723
      ],
      "velocity": [
        0.0,
        0.0,
        0.0
      ],
      "player": "chocolatemine7"
    }
  }
}
[2025-01-18T21:00:53.417Z] RC VERBOSE {
  speedTrapResult: {
    player: 'chocolatemine7',
    enter: {
      timestamp: 1737234051909,
      position: [Array],
      velocity: [Array],
      player: 'chocolatemine7'
    },
    exit: {
      timestamp: 1737234053410,
      position: [Array],
      velocity: [Array],
      player: 'chocolatemine7'
    }
  }
}
[2025-01-18T21:00:53.820Z] RC VERBOSE 2 {"timestamp":1737234053813,"checkpoint_crosses":{"3":["MarsCitadel"]}}
[2025-01-18T21:00:53.869Z] RC VERBOSE 2 {"timestamp":1737234053862,"checkpoint_crosses":{"0":["ikonos33"]}}
[2025-01-18T21:00:53.869Z] RACE INFO ikonos33 finished lap 6 with a time of 51.598
[2025-01-18T21:00:54.022Z] RC VERBOSE 18 {
  "speedTrapResult": {
    "player": "Samuelle1411",
    "enter": {
      "timestamp": 1737234052215,
      "position": [
        -3687.5462881418784,
        7.5875,
        8495.156041814644
      ],
      "velocity": [
        0.0,
        0.0,
        0.0
      ],
      "player": "Samuelle1411"
    },
    "exit": {
      "timestamp": 1737234054014,
      "position": [
        -3688.4007803828026,
        7.5875,
        8530.771873754384
      ],
      "velocity": [
        0.0,
        0.0,
        0.0
      ],
      "player": "Samuelle1411"
    }
  }
}
[2025-01-18T21:00:54.022Z] RC VERBOSE {
  speedTrapResult: {
    player: 'Samuelle1411',
    enter: {
      timestamp: 1737234052215,
      position: [Array],
      velocity: [Array],
      player: 'Samuelle1411'
    },
    exit: {
      timestamp: 1737234054014,
      position: [Array],
      velocity: [Array],
      player: 'Samuelle1411'
    }
  }
}
[2025-01-18T21:00:54.090Z] RC VERBOSE 2 {"timestamp":1737234053410,"checkpoint_crosses":{"1":["T1AL_"]}}
[2025-01-18T21:00:54.288Z] RC VERBOSE 2 {"timestamp":1737234053610,"checkpoint_crosses":{"1":["SaishoVibes"]}}
[2025-01-18T21:00:54.618Z] RC VERBOSE 18 {
  "speedTrapResult": {
    "player": "MarsCitadel",
    "enter": {
      "timestamp": 1737234052914,
      "position": [
        -3690.30045633711,
        7.5875,
        8495.110018755819
      ],
      "velocity": [
        0.0,
        0.0,
        0.0
      ],
      "player": "MarsCitadel"
    },
    "exit": {
      "timestamp": 1737234054612,
      "position": [
        -3690.754814386937,
        7.5875,
        8530.439370351134
      ],
      "velocity": [
        0.0,
        0.0,
        0.0
      ],
      "player": "MarsCitadel"
    }
  }
}
[2025-01-18T21:00:54.618Z] RC VERBOSE {
  speedTrapResult: {
    player: 'MarsCitadel',
    enter: {
      timestamp: 1737234052914,
      position: [Array],
      velocity: [Array],
      player: 'MarsCitadel'
    },
    exit: {
      timestamp: 1737234054612,
      position: [Array],
      velocity: [Array],
      player: 'MarsCitadel'
    }
  }
}
[2025-01-18T21:00:54.772Z] RC VERBOSE 2 {"timestamp":1737234054765,"checkpoint_crosses":{"0":["HanameYt"]}}
[2025-01-18T21:00:54.772Z] RACE INFO HanameYt finished lap 6 with a time of 51.605
[2025-01-18T21:00:55.421Z] RC VERBOSE 2 {"timestamp":1737234055415,"checkpoint_crosses":{"0":["duxq"]}}
[2025-01-18T21:00:55.421Z] RACE INFO duxq finished lap 6 with a time of 59.655
[2025-01-18T21:00:55.489Z] RC VERBOSE 2 {"timestamp":1737234054810,"checkpoint_crosses":{"2":["CapitaoMorfetico"]}}
[2025-01-18T21:00:55.919Z] RC VERBOSE 2 {"timestamp":1737234055912,"checkpoint_crosses":{"3":["TheAlphaGamer787"]}}
[2025-01-18T21:00:56.419Z] RC VERBOSE 2 {"timestamp":1737234056412,"checkpoint_crosses":{"0":["Terraformer9"]}}
[2025-01-18T21:00:56.419Z] RACE INFO Terraformer9 finished lap 6 with a time of 51.952
[2025-01-18T21:00:56.589Z] RC VERBOSE 2 {"timestamp":1737234055910,"checkpoint_crosses":{"1":["Malji"]}}
[2025-01-18T21:00:56.822Z] RC VERBOSE 16 {"timestamp":1737234056815,"pit_enter_crosses":["Miesneus"]}
[2025-01-18T21:00:57.017Z] RC VERBOSE 18 {
  "speedTrapResult": {
    "player": "TheAlphaGamer787",
    "enter": {
      "timestamp": 1737234054209,
      "position": [
        -3686.5237098333846,
        7.5875,
        8495.073682877128
      ],
      "velocity": [
        0.0,
        0.0,
        0.0
      ],
      "player": "TheAlphaGamer787"
    },
    "exit": {
      "timestamp": 1737234057010,
      "position": [
        -3686.7179578039877,
        7.5875,
        8531.142524208237
      ],
      "velocity": [
        0.0,
        0.0,
        0.0
      ],
      "player": "TheAlphaGamer787"
    }
  }
}
[2025-01-18T21:00:57.017Z] RC VERBOSE {
  speedTrapResult: {
    player: 'TheAlphaGamer787',
    enter: {
      timestamp: 1737234054209,
      position: [Array],
      velocity: [Array],
      player: 'TheAlphaGamer787'
    },
    exit: {
      timestamp: 1737234057010,
      position: [Array],
      velocity: [Array],
      player: 'TheAlphaGamer787'
    }
  }
}
[2025-01-18T21:00:58.489Z] RC VERBOSE 2 {"timestamp":1737234057810,"checkpoint_crosses":{"1":["_AmazingAstro"]}}
[2025-01-18T21:00:59.921Z] RC VERBOSE 2 {"timestamp":1737234059915,"checkpoint_crosses":{"0":["Saiyuuuu"]}}
[2025-01-18T21:00:59.921Z] RACE INFO Saiyuuuu finished lap 6 with a time of 45.351
[2025-01-18T21:01:00.089Z] RC VERBOSE 2 {"timestamp":1737234059410,"checkpoint_crosses":{"2":["KandaWel"]}}
[2025-01-18T21:01:01.239Z] RC VERBOSE 2 {"timestamp":1737234060560,"checkpoint_crosses":{"2":["T1AL_"]}}
[2025-01-18T21:01:01.489Z] RC VERBOSE 2 {"timestamp":1737234060810,"checkpoint_crosses":{"1":["SubayAdamm"]}}
[2025-01-18T21:01:03.271Z] RC VERBOSE 2 {"timestamp":1737234063264,"checkpoint_crosses":{"0":["chocolatemine7"]}}
[2025-01-18T21:01:03.271Z] RACE INFO chocolatemine7 finished lap 7 with a time of 45.9
[2025-01-18T21:01:03.339Z] RC VERBOSE 2 {"timestamp":1737234062660,"checkpoint_crosses":{"2":["Malji"]}}
[2025-01-18T21:01:03.820Z] RC VERBOSE 2 {"timestamp":1737234063813,"checkpoint_crosses":{"0":["Samuelle1411"]}}
[2025-01-18T21:01:03.820Z] RACE INFO Samuelle1411 finished lap 7 with a time of 43.05
[2025-01-18T21:01:04.193Z] RC VERBOSE 2 {"timestamp":1737234063510,"checkpoint_crosses":{"1":["Devaliant_"]}}
[2025-01-18T21:01:04.772Z] RC VERBOSE 2 {"timestamp":1737234064765,"checkpoint_crosses":{"0":["MarsCitadel"]}}
[2025-01-18T21:01:04.772Z] RACE INFO MarsCitadel finished lap 7 with a time of 45.656
[2025-01-18T21:01:05.039Z] RC VERBOSE 2 {"timestamp":1737234064360,"checkpoint_crosses":{"2":["SaishoVibes"]}}
[2025-01-18T21:01:05.139Z] RC VERBOSE 2 {"timestamp":1737234064460,"checkpoint_crosses":{"1":["n0va1x"]}}
[2025-01-18T21:01:06.089Z] RC VERBOSE 2 {"timestamp":1737234065411,"checkpoint_crosses":{"2":["_AmazingAstro"]}}
[2025-01-18T21:01:06.339Z] RC VERBOSE 2 {"timestamp":1737234065660,"checkpoint_crosses":{"1":["Alger1no"]}}
[2025-01-18T21:01:07.439Z] RC VERBOSE 2 {"timestamp":1737234066761,"checkpoint_crosses":{"1":["HanameYt"]}}
[2025-01-18T21:01:08.390Z] RC VERBOSE 2 {"timestamp":1737234067711,"checkpoint_crosses":{"1":["Terraformer9"]}}
[2025-01-18T21:01:08.639Z] RC VERBOSE 2 {"timestamp":1737234067961,"checkpoint_crosses":{"2":["SubayAdamm"]}}
[2025-01-18T21:01:09.540Z] RC VERBOSE 2 {"timestamp":1737234068860,"checkpoint_crosses":{"1":["ikonos33"]}}
[2025-01-18T21:01:09.921Z] RC VERBOSE 16 {"timestamp":1737234069914,"pit_enter_crosses":["TheAlphaGamer787"]}
[2025-01-18T21:01:10.220Z] RC VERBOSE 2 {"timestamp":1737234070213,"checkpoint_crosses":{"0":["Miesneus"]}}
[2025-01-18T21:01:10.220Z] RACE INFO Miesneus finished lap 6 with a time of 76.399
[2025-01-18T21:01:10.221Z] RC VERBOSE 8 {"timestamp":1737234070213,"pit_crosses":["Miesneus"]}
[2025-01-18T21:01:10.291Z] RC VERBOSE 2 {"timestamp":1737234069610,"checkpoint_crosses":{"1":["duxq"]}}
[2025-01-18T21:01:10.616Z] RC VERBOSE 2 {"timestamp":1737234070609,"checkpoint_crosses":{"3":["CapitaoMorfetico"]}}
[2025-01-18T21:01:10.691Z] RC VERBOSE 2 {"timestamp":1737234070011,"checkpoint_crosses":{"2":["Devaliant_"]}}
[2025-01-18T21:01:11.366Z] RC VERBOSE 18 {
  "speedTrapResult": {
    "player": "CapitaoMorfetico",
    "enter": {
      "timestamp": 1737234069810,
      "position": [
        -3691.1930012033686,
        7.9,
        8495.27105279419
      ],
      "velocity": [
        0.0,
        0.0,
        0.0
      ],
      "player": "CapitaoMorfetico"
    },
    "exit": {
      "timestamp": 1737234071360,
      "position": [
        -3688.103832183268,
        7.9,
        8530.778692406298
      ],
      "velocity": [
        0.0,
        0.0,
        0.0
      ],
      "player": "CapitaoMorfetico"
    }
  }
}
[2025-01-18T21:01:11.366Z] RC VERBOSE {
  speedTrapResult: {
    player: 'CapitaoMorfetico',
    enter: {
      timestamp: 1737234069810,
      position: [Array],
      velocity: [Array],
      player: 'CapitaoMorfetico'
    },
    exit: {
      timestamp: 1737234071360,
      position: [Array],
      velocity: [Array],
      player: 'CapitaoMorfetico'
    }
  }
}
[2025-01-18T21:01:12.091Z] RC VERBOSE 2 {"timestamp":1737234071410,"checkpoint_crosses":{"1":["Saiyuuuu"]}}
[2025-01-18T21:01:12.689Z] RC VERBOSE 2 {"timestamp":1737234072011,"checkpoint_crosses":{"2":["n0va1x"]}}
[2025-01-18T21:01:14.040Z] RC VERBOSE 2 {"timestamp":1737234073361,"checkpoint_crosses":{"2":["HanameYt"]}}
[2025-01-18T21:01:14.742Z] RC VERBOSE 2 {"timestamp":1737234074061,"checkpoint_crosses":{"1":["chocolatemine7"]}}
[2025-01-18T21:01:15.143Z] RC VERBOSE 2 {"timestamp":1737234074461,"checkpoint_crosses":{"1":["Samuelle1411"]}}
[2025-01-18T21:01:16.071Z] RC VERBOSE 2 {"timestamp":1737234076064,"checkpoint_crosses":{"3":["KandaWel"]}}
[2025-01-18T21:01:16.168Z] RC VERBOSE 2 {"timestamp":1737234076162,"checkpoint_crosses":{"3":["T1AL_"]}}
[2025-01-18T21:01:16.545Z] RC VERBOSE 2 {"timestamp":1737234075861,"checkpoint_crosses":{"2":["Alger1no"]}}
[2025-01-18T21:01:16.870Z] RC VERBOSE 18 {
  "speedTrapResult": {
    "player": "KandaWel",
    "enter": {
      "timestamp": 1737234075313,
      "position": [
        -3693.7265062704837,
        7.5875,
        8495.61635450211
      ],
      "velocity": [
        0.0,
        0.0,
        0.0
      ],
      "player": "KandaWel"
    },
    "exit": {
      "timestamp": 1737234076863,
      "position": [
        -3695.236197629834,
        7.5875,
        8530.813994087091
      ],
      "velocity": [
        0.0,
        0.0,
        0.0
      ],
      "player": "KandaWel"
    }
  }
}
[2025-01-18T21:01:16.870Z] RC VERBOSE {
  speedTrapResult: {
    player: 'KandaWel',
    enter: {
      timestamp: 1737234075313,
      position: [Array],
      velocity: [Array],
      player: 'KandaWel'
    },
    exit: {
      timestamp: 1737234076863,
      position: [Array],
      velocity: [Array],
      player: 'KandaWel'
    }
  }
}
[2025-01-18T21:01:16.870Z] RC VERBOSE 18 {
  "speedTrapResult": {
    "player": "T1AL_",
    "enter": {
      "timestamp": 1737234075362,
      "position": [
        -3687.208223131363,
        7.5875,
        8495.699842563401
      ],
      "velocity": [
        0.0,
        0.0,
        0.0
      ],
      "player": "T1AL_"
    },
    "exit": {
      "timestamp": 1737234076863,
      "position": [
        -3687.766169249169,
        7.5875,
        8530.877300697777
      ],
      "velocity": [
        0.0,
        0.0,
        0.0
      ],
      "player": "T1AL_"
    }
  }
}
[2025-01-18T21:01:16.871Z] RC VERBOSE {
  speedTrapResult: {
    player: 'T1AL_',
    enter: {
      timestamp: 1737234075362,
      position: [Array],
      velocity: [Array],
      player: 'T1AL_'
    },
    exit: {
      timestamp: 1737234076863,
      position: [Array],
      velocity: [Array],
      player: 'T1AL_'
    }
  }
}
[2025-01-18T21:01:16.940Z] RC VERBOSE 2 {"timestamp":1737234076261,"checkpoint_crosses":{"2":["Terraformer9"]}}
[2025-01-18T21:01:17.089Z] RC VERBOSE 2 {"timestamp":1737234076411,"checkpoint_crosses":{"2":["ikonos33"]}}
[2025-01-18T21:01:17.218Z] RC VERBOSE 2 {"timestamp":1737234077211,"checkpoint_crosses":{"3":["Malji"]}}
[2025-01-18T21:01:17.690Z] RC VERBOSE 2 {"timestamp":1737234077011,"checkpoint_crosses":{"1":["MarsCitadel"]}}
[2025-01-18T21:01:17.968Z] RC VERBOSE 18 {
  "speedTrapResult": {
    "player": "Malji",
    "enter": {
      "timestamp": 1737234076412,
      "position": [
        -3687.796181370223,
        7.5875,
        8495.67159996321
      ],
      "velocity": [
        0.0,
        0.0,
        0.0
      ],
      "player": "Malji"
    },
    "exit": {
      "timestamp": 1737234077961,
      "position": [
        -3689.148375573265,
        7.5875,
        8530.752564560602
      ],
      "velocity": [
        0.0,
        0.0,
        0.0
      ],
      "player": "Malji"
    }
  }
}
[2025-01-18T21:01:17.968Z] RC VERBOSE {
  speedTrapResult: {
    player: 'Malji',
    enter: {
      timestamp: 1737234076412,
      position: [Array],
      velocity: [Array],
      player: 'Malji'
    },
    exit: {
      timestamp: 1737234077961,
      position: [Array],
      velocity: [Array],
      player: 'Malji'
    }
  }
}
[2025-01-18T21:01:18.920Z] RC VERBOSE 2 {"timestamp":1737234078914,"checkpoint_crosses":{"3":["SaishoVibes"]}}
[2025-01-18T21:01:19.590Z] RC VERBOSE 2 {"timestamp":1737234078911,"checkpoint_crosses":{"2":["Saiyuuuu"]}}
[2025-01-18T21:01:19.671Z] RC VERBOSE 18 {
  "speedTrapResult": {
    "player": "SaishoVibes",
    "enter": {
      "timestamp": 1737234078163,
      "position": [
        -3688.663078815502,
        7.5875,
        8495.209212651433
      ],
      "velocity": [
        0.0,
        0.0,
        0.0
      ],
      "player": "SaishoVibes"
    },
    "exit": {
      "timestamp": 1737234079664,
      "position": [
        -3688.0744447035395,
        7.5875,
        8530.526261089057
      ],
      "velocity": [
        0.0,
        0.0,
        0.0
      ],
      "player": "SaishoVibes"
    }
  }
}
[2025-01-18T21:01:19.671Z] RC VERBOSE {
  speedTrapResult: {
    player: 'SaishoVibes',
    enter: {
      timestamp: 1737234078163,
      position: [Array],
      velocity: [Array],
      player: 'SaishoVibes'
    },
    exit: {
      timestamp: 1737234079664,
      position: [Array],
      velocity: [Array],
      player: 'SaishoVibes'
    }
  }
}
[2025-01-18T21:01:19.840Z] RC VERBOSE 2 {"timestamp":1737234079161,"checkpoint_crosses":{"2":["duxq"]}}
[2025-01-18T21:01:20.317Z] RC VERBOSE 2 {"timestamp":1737234080311,"checkpoint_crosses":{"3":["_AmazingAstro"]}}
[2025-01-18T21:01:20.541Z] RC VERBOSE 2 {"timestamp":1737234079861,"checkpoint_crosses":{"1":["Miesneus"]}}
[2025-01-18T21:01:21.067Z] RC VERBOSE 18 {
  "speedTrapResult": {
    "player": "_AmazingAstro",
    "enter": {
      "timestamp": 1737234079664,
      "position": [
        -3688.250125063594,
        7.5875,
        8495.591632539812
      ],
      "velocity": [
        0.0,
        0.0,
        0.0
      ],
      "player": "_AmazingAstro"
    },
    "exit": {
      "timestamp": 1737234081061,
      "position": [
        -3688.9733756587916,
        7.5875,
        8530.974903792114
      ],
      "velocity": [
        0.0,
        0.0,
        0.0
      ],
      "player": "_AmazingAstro"
    }
  }
}
[2025-01-18T21:01:21.068Z] RC VERBOSE {
  speedTrapResult: {
    player: '_AmazingAstro',
    enter: {
      timestamp: 1737234079664,
      position: [Array],
      velocity: [Array],
      player: '_AmazingAstro'
    },
    exit: {
      timestamp: 1737234081061,
      position: [Array],
      velocity: [Array],
      player: '_AmazingAstro'
    }
  }
}
[2025-01-18T21:01:21.190Z] RC VERBOSE 2 {"timestamp":1737234080511,"checkpoint_crosses":{"2":["chocolatemine7"]}}
[2025-01-18T21:01:22.020Z] RC VERBOSE 2 {"timestamp":1737234082013,"checkpoint_crosses":{"0":["CapitaoMorfetico"]}}
[2025-01-18T21:01:22.020Z] RACE INFO CapitaoMorfetico finished lap 6 with a time of 47.053
[2025-01-18T21:01:22.190Z] RC VERBOSE 2 {"timestamp":1737234081511,"checkpoint_crosses":{"2":["Samuelle1411"]}}
[2025-01-18T21:01:22.722Z] RC VERBOSE 2 {"timestamp":1737234082715,"checkpoint_crosses":{"3":["SubayAdamm"]}}
[2025-01-18T21:01:23.222Z] RC VERBOSE 2 {"timestamp":1737234083215,"checkpoint_crosses":{"0":["TheAlphaGamer787"]}}
[2025-01-18T21:01:23.222Z] RACE INFO TheAlphaGamer787 finished lap 6 with a time of 59.805
[2025-01-18T21:01:23.224Z] RC VERBOSE 8 {"timestamp":1737234083215,"pit_crosses":["TheAlphaGamer787"]}
[2025-01-18T21:01:23.521Z] RC VERBOSE 18 {
  "speedTrapResult": {
    "player": "SubayAdamm",
    "enter": {
      "timestamp": 1737234081860,
      "position": [
        -3689.7501058671883,
        7.5875,
        8495.349104828427
      ],
      "velocity": [
        0.0,
        0.0,
        0.0
      ],
      "player": "SubayAdamm"
    },
    "exit": {
      "timestamp": 1737234083514,
      "position": [
        -3692.371964143705,
        7.5875,
        8531.05338512837
      ],
      "velocity": [
        0.0,
        0.0,
        0.0
      ],
      "player": "SubayAdamm"
    }
  }
}
[2025-01-18T21:01:23.521Z] RC VERBOSE {
  speedTrapResult: {
    player: 'SubayAdamm',
    enter: {
      timestamp: 1737234081860,
      position: [Array],
      velocity: [Array],
      player: 'SubayAdamm'
    },
    exit: {
      timestamp: 1737234083514,
      position: [Array],
      velocity: [Array],
      player: 'SubayAdamm'
    }
  }
}
[2025-01-18T21:01:24.140Z] RC VERBOSE 2 {"timestamp":1737234083461,"checkpoint_crosses":{"2":["MarsCitadel"]}}
[2025-01-18T21:01:24.917Z] RC VERBOSE 2 {"timestamp":1737234084911,"checkpoint_crosses":{"3":["Devaliant_"]}}
[2025-01-18T21:01:25.668Z] RC VERBOSE 18 {
  "speedTrapResult": {
    "player": "Devaliant_",
    "enter": {
      "timestamp": 1737234084112,
      "position": [
        -3688.818443629746,
        7.5875,
        8495.193946398085
      ],
      "velocity": [
        0.0,
        0.0,
        0.0
      ],
      "player": "Devaliant_"
    },
    "exit": {
      "timestamp": 1737234085661,
      "position": [
        -3687.876840930611,
        7.5875,
        8531.375155427468
      ],
      "velocity": [
        0.0,
        0.0,
        0.0
      ],
      "player": "Devaliant_"
    }
  }
}
[2025-01-18T21:01:25.669Z] RC VERBOSE {
  speedTrapResult: {
    player: 'Devaliant_',
    enter: {
      timestamp: 1737234084112,
      position: [Array],
      velocity: [Array],
      player: 'Devaliant_'
    },
    exit: {
      timestamp: 1737234085661,
      position: [Array],
      velocity: [Array],
      player: 'Devaliant_'
    }
  }
}
[2025-01-18T21:01:26.620Z] RC VERBOSE 2 {"timestamp":1737234086613,"checkpoint_crosses":{"3":["n0va1x"]}}
[2025-01-18T21:01:26.766Z] RC VERBOSE 2 {"timestamp":1737234086759,"checkpoint_crosses":{"0":["T1AL_"]}}
[2025-01-18T21:01:26.766Z] RACE INFO T1AL_ finished lap 7 with a time of 46.9
[2025-01-18T21:01:27.042Z] RC VERBOSE 2 {"timestamp":1737234086362,"checkpoint_crosses":{"2":["Miesneus"]}}
[2025-01-18T21:01:27.371Z] RC VERBOSE 18 {
  "speedTrapResult": {
    "player": "n0va1x",
    "enter": {
      "timestamp": 1737234085863,
      "position": [
        -3686.99020576552,
        7.5875,
        8495.330012563174
      ],
      "velocity": [
        0.0,
        0.0,
        0.0
      ],
      "player": "n0va1x"
    },
    "exit": {
      "timestamp": 1737234087364,
      "position": [
        -3688.2495189280908,
        7.5875,
        8531.429754414676
      ],
      "velocity": [
        0.0,
        0.0,
        0.0
      ],
      "player": "n0va1x"
    }
  }
}
[2025-01-18T21:01:27.371Z] RC VERBOSE {
  speedTrapResult: {
    player: 'n0va1x',
    enter: {
      timestamp: 1737234085863,
      position: [Array],
      velocity: [Array],
      player: 'n0va1x'
    },
    exit: {
      timestamp: 1737234087364,
      position: [Array],
      velocity: [Array],
      player: 'n0va1x'
    }
  }
}
[2025-01-18T21:01:28.274Z] RC VERBOSE 2 {"timestamp":1737234088268,"checkpoint_crosses":{"3":["HanameYt"]}}
[2025-01-18T21:01:28.671Z] RC VERBOSE 2 {"timestamp":1737234088663,"checkpoint_crosses":{"0":["KandaWel"]}}
[2025-01-18T21:01:28.671Z] RACE INFO KandaWel finished lap 6 with a time of 50.354
[2025-01-18T21:01:28.872Z] RC VERBOSE 2 {"timestamp":1737234088865,"checkpoint_crosses":{"0":["Malji"]}}
[2025-01-18T21:01:28.872Z] RACE INFO Malji finished lap 7 with a time of 43.85
[2025-01-18T21:01:29.121Z] RC VERBOSE 18 {
  "speedTrapResult": {
    "player": "HanameYt",
    "enter": {
      "timestamp": 1737234087614,
      "position": [
        -3687.354289615095,
        7.5875,
        8495.153604322217
      ],
      "velocity": [
        0.0,
        0.0,
        0.0
      ],
      "player": "HanameYt"
    },
    "exit": {
      "timestamp": 1737234089115,
      "position": [
        -3687.5965230098896,
        7.5875,
        8531.703843468495
      ],
      "velocity": [
        0.0,
        0.0,
        0.0
      ],
      "player": "HanameYt"
    }
  }
}
[2025-01-18T21:01:29.121Z] RC VERBOSE {
  speedTrapResult: {
    player: 'HanameYt',
    enter: {
      timestamp: 1737234087614,
      position: [Array],
      velocity: [Array],
      player: 'HanameYt'
    },
    exit: {
      timestamp: 1737234089115,
      position: [Array],
      velocity: [Array],
      player: 'HanameYt'
    }
  }
}
[2025-01-18T21:01:30.067Z] RC VERBOSE 2 {"timestamp":1737234090060,"checkpoint_crosses":{"0":["SaishoVibes"]}}
[2025-01-18T21:01:30.067Z] RACE INFO SaishoVibes finished lap 7 with a time of 47.15
[2025-01-18T21:01:30.671Z] RC VERBOSE 2 {"timestamp":1737234090664,"checkpoint_crosses":{"3":["Terraformer9"]}}
[2025-01-18T21:01:31.470Z] RC VERBOSE 18 {
  "speedTrapResult": {
    "player": "Terraformer9",
    "enter": {
      "timestamp": 1737234089866,
      "position": [
        -3687.6005703588753,
        7.5875,
        8495.10543162408
      ],
      "velocity": [
        0.0,
        0.0,
        0.0
      ],
      "player": "Terraformer9"
    },
    "exit": {
      "timestamp": 1737234091464,
      "position": [
        -3689.2182947233646,
        7.5875,
        8531.26180875256
      ],
      "velocity": [
        0.0,
        0.0,
        0.0
      ],
      "player": "Terraformer9"
    }
  }
}
[2025-01-18T21:01:31.470Z] RC VERBOSE {
  speedTrapResult: {
    player: 'Terraformer9',
    enter: {
      timestamp: 1737234089866,
      position: [Array],
      velocity: [Array],
      player: 'Terraformer9'
    },
    exit: {
      timestamp: 1737234091464,
      position: [Array],
      velocity: [Array],
      player: 'Terraformer9'
    }
  }
}
[2025-01-18T21:01:31.568Z] RC VERBOSE 2 {"timestamp":1737234091561,"checkpoint_crosses":{"0":["_AmazingAstro"]}}
[2025-01-18T21:01:31.568Z] RACE INFO _AmazingAstro finished lap 7 with a time of 44.6
[2025-01-18T21:01:33.973Z] RC VERBOSE 2 {"timestamp":1737234093965,"checkpoint_crosses":{"0":["SubayAdamm"]}}
[2025-01-18T21:01:33.973Z] RACE INFO SubayAdamm finished lap 7 with a time of 44.753
[2025-01-18T21:01:34.417Z] RC VERBOSE 2 {"timestamp":1737234094410,"checkpoint_crosses":{"3":["Alger1no"]}}
[2025-01-18T21:01:34.841Z] RC VERBOSE 2 {"timestamp":1737234094162,"checkpoint_crosses":{"1":["TheAlphaGamer787"]}}
[2025-01-18T21:01:35.216Z] RC VERBOSE 18 {
  "speedTrapResult": {
    "player": "Alger1no",
    "enter": {
      "timestamp": 1737234093611,
      "position": [
        -3691.2947109519287,
        7.5875,
        8495.400227625894
      ],
      "velocity": [
        0.0,
        0.0,
        0.0
      ],
      "player": "Alger1no"
    },
    "exit": {
      "timestamp": 1737234095209,
      "position": [
        -3688.9477606945675,
        7.5875,
        8531.33050514169
      ],
      "velocity": [
        0.0,
        0.0,
        0.0
      ],
      "player": "Alger1no"
    }
  }
}
[2025-01-18T21:01:35.217Z] RC VERBOSE {
  speedTrapResult: {
    player: 'Alger1no',
    enter: {
      timestamp: 1737234093611,
      position: [Array],
      velocity: [Array],
      player: 'Alger1no'
    },
    exit: {
      timestamp: 1737234095209,
      position: [Array],
      velocity: [Array],
      player: 'Alger1no'
    }
  }
}
[2025-01-18T21:01:35.248Z] RC VERBOSE 2 {"timestamp":1737234094562,"checkpoint_crosses":{"1":["CapitaoMorfetico"]}}
[2025-01-18T21:01:36.370Z] RC VERBOSE 2 {"timestamp":1737234096363,"checkpoint_crosses":{"0":["Devaliant_"]}}
[2025-01-18T21:01:36.370Z] RACE INFO Devaliant_ finished lap 7 with a time of 45.197
[2025-01-18T21:01:36.418Z] RC VERBOSE 2 {"timestamp":1737234096412,"checkpoint_crosses":{"3":["duxq"]}}
[2025-01-18T21:01:37.217Z] RC VERBOSE 18 {
  "speedTrapResult": {
    "player": "duxq",
    "enter": {
      "timestamp": 1737234095564,
      "position": [
        -3690.204388284108,
        7.5875,
        8495.213318481761
      ],
      "velocity": [
        0.0,
        0.0,
        0.0
      ],
      "player": "duxq"
    },
    "exit": {
      "timestamp": 1737234097211,
      "position": [
        -3689.2028165631978,
        7.5875,
        8531.81820205846
      ],
      "velocity": [
        0.0,
        0.0,
        0.0
      ],
      "player": "duxq"
    }
  }
}
[2025-01-18T21:01:37.217Z] RC VERBOSE {
  speedTrapResult: {
    player: 'duxq',
    enter: {
      timestamp: 1737234095564,
      position: [Array],
      velocity: [Array],
      player: 'duxq'
    },
    exit: {
      timestamp: 1737234097211,
      position: [Array],
      velocity: [Array],
      player: 'duxq'
    }
  }
}
[2025-01-18T21:01:37.621Z] RC VERBOSE 2 {"timestamp":1737234097614,"checkpoint_crosses":{"3":["Saiyuuuu"]}}
[2025-01-18T21:01:37.720Z] RC VERBOSE 2 {"timestamp":1737234097713,"checkpoint_crosses":{"0":["n0va1x"]}}
[2025-01-18T21:01:37.720Z] RACE INFO n0va1x finished lap 7 with a time of 44.95
[2025-01-18T21:01:37.968Z] RC VERBOSE 2 {"timestamp":1737234097961,"checkpoint_crosses":{"3":["Samuelle1411"]}}
[2025-01-18T21:01:38.469Z] RC VERBOSE 18 {
  "speedTrapResult": {
    "player": "Saiyuuuu",
    "enter": {
      "timestamp": 1737234096759,
      "position": [
        -3691.1297891053214,
        7.5875,
        8495.47134415449
      ],
      "velocity": [
        0.0,
        0.0,
        0.0
      ],
      "player": "Saiyuuuu"
    },
    "exit": {
      "timestamp": 1737234098462,
      "position": [
        -3687.900994852081,
        7.5875,
        8531.52514080473
      ],
      "velocity": [
        0.0,
        0.0,
        0.0
      ],
      "player": "Saiyuuuu"
    }
  }
}
[2025-01-18T21:01:38.469Z] RC VERBOSE {
  speedTrapResult: {
    player: 'Saiyuuuu',
    enter: {
      timestamp: 1737234096759,
      position: [Array],
      velocity: [Array],
      player: 'Saiyuuuu'
    },
    exit: {
      timestamp: 1737234098462,
      position: [Array],
      velocity: [Array],
      player: 'Saiyuuuu'
    }
  }
}
[2025-01-18T21:01:38.645Z] RC VERBOSE 2 {"timestamp":1737234097963,"checkpoint_crosses":{"1":["T1AL_"]}}
[2025-01-18T21:01:38.767Z] RC VERBOSE 18 {
  "speedTrapResult": {
    "player": "Samuelle1411",
    "enter": {
      "timestamp": 1737234096961,
      "position": [
        -3687.6166347074422,
        7.5875,
        8495.33515684627
      ],
      "velocity": [
        0.0,
        0.0,
        0.0
      ],
      "player": "Samuelle1411"
    },
    "exit": {
      "timestamp": 1737234098760,
      "position": [
        -3688.6374722657756,
        7.5875,
        8531.133845619326
      ],
      "velocity": [
        0.0,
        0.0,
        0.0
      ],
      "player": "Samuelle1411"
    }
  }
}
[2025-01-18T21:01:38.768Z] RC VERBOSE {
  speedTrapResult: {
    player: 'Samuelle1411',
    enter: {
      timestamp: 1737234096961,
      position: [Array],
      velocity: [Array],
      player: 'Samuelle1411'
    },
    exit: {
      timestamp: 1737234098760,
      position: [Array],
      velocity: [Array],
      player: 'Samuelle1411'
    }
  }
}
[2025-01-18T21:01:39.374Z] RC VERBOSE 2 {"timestamp":1737234099365,"checkpoint_crosses":{"0":["HanameYt"]}}
[2025-01-18T21:01:39.374Z] RACE INFO HanameYt finished lap 7 with a time of 44.6
[2025-01-18T21:01:39.469Z] RC VERBOSE 2 {"timestamp":1737234099462,"checkpoint_crosses":{"3":["chocolatemine7"]}}
[2025-01-18T21:01:40.018Z] RC VERBOSE 2 {"timestamp":1737234100011,"checkpoint_crosses":{"3":["ikonos33"]}}
[2025-01-18T21:01:40.268Z] RC VERBOSE 18 {
  "speedTrapResult": {
    "player": "chocolatemine7",
    "enter": {
      "timestamp": 1737234098614,
      "position": [
        -3689.4058073642154,
        7.5875,
        8495.102313336667
      ],
      "velocity": [
        0.0,
        0.0,
        0.0
      ],
      "player": "chocolatemine7"
    },
    "exit": {
      "timestamp": 1737234100262,
      "position": [
        -3692.452806787947,
        7.5875,
        8530.727495045434
      ],
      "velocity": [
        0.0,
        0.0,
        0.0
      ],
      "player": "chocolatemine7"
    }
  }
}
[2025-01-18T21:01:40.268Z] RC VERBOSE {
  speedTrapResult: {
    player: 'chocolatemine7',
    enter: {
      timestamp: 1737234098614,
      position: [Array],
      velocity: [Array],
      player: 'chocolatemine7'
    },
    exit: {
      timestamp: 1737234100262,
      position: [Array],
      velocity: [Array],
      player: 'chocolatemine7'
    }
  }
}
[2025-01-18T21:01:40.641Z] RC VERBOSE 2 {"timestamp":1737234099962,"checkpoint_crosses":{"1":["Malji"]}}
[2025-01-18T21:01:40.817Z] RC VERBOSE 18 {
  "speedTrapResult": {
    "player": "ikonos33",
    "enter": {
      "timestamp": 1737234099115,
      "position": [
        -3691.952470946894,
        7.5875,
        8495.375887866961
      ],
      "velocity": [
        0.0,
        0.0,
        0.0
      ],
      "player": "ikonos33"
    },
    "exit": {
      "timestamp": 1737234100811,
      "position": [
        -3695.3904669304034,
        7.5875,
        8531.135665322487
      ],
      "velocity": [
        0.0,
        0.0,
        0.0
      ],
      "player": "ikonos33"
    }
  }
}
[2025-01-18T21:01:40.817Z] RC VERBOSE {
  speedTrapResult: {
    player: 'ikonos33',
    enter: {
      timestamp: 1737234099115,
      position: [Array],
      velocity: [Array],
      player: 'ikonos33'
    },
    exit: {
      timestamp: 1737234100811,
      position: [Array],
      velocity: [Array],
      player: 'ikonos33'
    }
  }
}
[2025-01-18T21:01:41.019Z] RC VERBOSE 2 {"timestamp":1737234101012,"checkpoint_crosses":{"3":["Miesneus"]}}
[2025-01-18T21:01:41.242Z] RC VERBOSE 2 {"timestamp":1737234100563,"checkpoint_crosses":{"2":["TheAlphaGamer787"]}}
[2025-01-18T21:01:41.470Z] RC VERBOSE 2 {"timestamp":1737234101464,"checkpoint_crosses":{"0":["Terraformer9"]}}
[2025-01-18T21:01:41.471Z] RACE INFO Terraformer9 finished lap 7 with a time of 45.052
[2025-01-18T21:01:41.672Z] RC VERBOSE 18 {
  "speedTrapResult": {
    "player": "Miesneus",
    "enter": {
      "timestamp": 1737234100616,
      "position": [
        -3687.5670226081334,
        7.5875,
        8496.488292778762
      ],
      "velocity": [
        0.0,
        0.0,
        0.0
      ],
      "player": "Miesneus"
    },
    "exit": {
      "timestamp": 1737234101666,
      "position": [
        -3688.733759210003,
        7.5875,
        8530.9138592577
      ],
      "velocity": [
        0.0,
        0.0,
        0.0
      ],
      "player": "Miesneus"
    }
  }
}
[2025-01-18T21:01:41.672Z] RC VERBOSE {
  speedTrapResult: {
    player: 'Miesneus',
    enter: {
      timestamp: 1737234100616,
      position: [Array],
      velocity: [Array],
      player: 'Miesneus'
    },
    exit: {
      timestamp: 1737234101666,
      position: [Array],
      velocity: [Array],
      player: 'Miesneus'
    }
  }
}
[2025-01-18T21:01:42.093Z] RC VERBOSE 2 {"timestamp":1737234101413,"checkpoint_crosses":{"1":["KandaWel"]}}
[2025-01-18T21:01:42.180Z] RC VERBOSE 2 {"timestamp":1737234101463,"checkpoint_crosses":{"1":["SaishoVibes"]}}
[2025-01-18T21:01:43.192Z] RC VERBOSE 2 {"timestamp":1737234102512,"checkpoint_crosses":{"2":["CapitaoMorfetico"]}}
[2025-01-18T21:01:43.368Z] RC VERBOSE 2 {"timestamp":1737234103361,"checkpoint_crosses":{"3":["MarsCitadel"]}}
[2025-01-18T21:01:43.842Z] RC VERBOSE 2 {"timestamp":1737234103163,"checkpoint_crosses":{"1":["_AmazingAstro"]}}
[2025-01-18T21:01:44.167Z] RC VERBOSE 18 {
  "speedTrapResult": {
    "player": "MarsCitadel",
    "enter": {
      "timestamp": 1737234102212,
      "position": [
        -3685.877996584133,
        7.5875,
        8495.284571180135
      ],
      "velocity": [
        0.0,
        0.0,
        0.0
      ],
      "player": "MarsCitadel"
    },
    "exit": {
      "timestamp": 1737234104160,
      "position": [
        -3688.586546713026,
        7.5875,
        8530.75728262686
      ],
      "velocity": [
        0.0,
        0.0,
        0.0
      ],
      "player": "MarsCitadel"
    }
  }
}
[2025-01-18T21:01:44.167Z] RC VERBOSE {
  speedTrapResult: {
    player: 'MarsCitadel',
    enter: {
      timestamp: 1737234102212,
      position: [Array],
      velocity: [Array],
      player: 'MarsCitadel'
    },
    exit: {
      timestamp: 1737234104160,
      position: [Array],
      velocity: [Array],
      player: 'MarsCitadel'
    }
  }
}
[2025-01-18T21:01:45.142Z] RC VERBOSE 2 {"timestamp":1737234104462,"checkpoint_crosses":{"2":["T1AL_"]}}
[2025-01-18T21:01:46.342Z] RC VERBOSE 2 {"timestamp":1737234105663,"checkpoint_crosses":{"1":["SubayAdamm"]}}
[2025-01-18T21:01:47.242Z] RC VERBOSE 2 {"timestamp":1737234106563,"checkpoint_crosses":{"2":["Malji"]}}
[2025-01-18T21:01:47.871Z] RC VERBOSE 2 {"timestamp":1737234107863,"checkpoint_crosses":{"0":["Alger1no"]}}
[2025-01-18T21:01:47.871Z] RACE INFO Alger1no finished lap 6 with a time of 61.298
[2025-01-18T21:01:48.420Z] RC VERBOSE 2 {"timestamp":1737234108412,"checkpoint_crosses":{"0":["duxq"]}}
[2025-01-18T21:01:48.420Z] RACE INFO duxq finished lap 7 with a time of 52.997
[2025-01-18T21:01:48.492Z] RC VERBOSE 2 {"timestamp":1737234107813,"checkpoint_crosses":{"1":["Devaliant_"]}}
[2025-01-18T21:01:49.316Z] RC VERBOSE 2 {"timestamp":1737234109309,"checkpoint_crosses":{"0":["Samuelle1411"]}}
[2025-01-18T21:01:49.316Z] RACE INFO Samuelle1411 finished lap 8 with a time of 45.496
[2025-01-18T21:01:49.393Z] RC VERBOSE 2 {"timestamp":1737234108713,"checkpoint_crosses":{"2":["SaishoVibes"]}}
[2025-01-18T21:01:49.873Z] RC VERBOSE 2 {"timestamp":1737234109866,"checkpoint_crosses":{"0":["Saiyuuuu"]}}
[2025-01-18T21:01:49.873Z] RACE INFO Saiyuuuu finished lap 7 with a time of 49.951
[2025-01-18T21:01:50.042Z] RC VERBOSE 2 {"timestamp":1737234109363,"checkpoint_crosses":{"2":["KandaWel"]}}
[2025-01-18T21:01:50.144Z] RC VERBOSE 2 {"timestamp":1737234109463,"checkpoint_crosses":{"1":["n0va1x"]}}
[2025-01-18T21:01:50.992Z] RC VERBOSE 2 {"timestamp":1737234110263,"checkpoint_crosses":{"2":["_AmazingAstro"]}}
[2025-01-18T21:01:51.492Z] RC VERBOSE 2 {"timestamp":1737234110813,"checkpoint_crosses":{"1":["HanameYt"]}}
[2025-01-18T21:01:51.919Z] RC VERBOSE 2 {"timestamp":1737234111909,"checkpoint_crosses":{"0":["Miesneus"]}}
[2025-01-18T21:01:51.919Z] RACE INFO Miesneus finished lap 7 with a time of 41.696
[2025-01-18T21:01:51.922Z] RACE INFO Miesneus just aquired a new fastest lap 41696 on lap 7
[2025-01-18T21:01:52.972Z] RC VERBOSE 16 {"timestamp":1737234112964,"pit_enter_crosses":["chocolatemine7"]}
[2025-01-18T21:01:53.494Z] RC VERBOSE 2 {"timestamp":1737234112813,"checkpoint_crosses":{"1":["Terraformer9"]}}
[2025-01-18T21:01:53.701Z] RC VERBOSE 2 {"timestamp":1737234113013,"checkpoint_crosses":{"2":["SubayAdamm"]}}
[2025-01-18T21:01:53.916Z] RC VERBOSE 16 {"timestamp":1737234113909,"pit_enter_crosses":["ikonos33"]}
[2025-01-18T21:01:54.869Z] RC VERBOSE 2 {"timestamp":1737234114862,"checkpoint_crosses":{"3":["TheAlphaGamer787"]}}
[2025-01-18T21:01:55.093Z] RC VERBOSE 2 {"timestamp":1737234114413,"checkpoint_crosses":{"2":["Devaliant_"]}}
[2025-01-18T21:01:55.570Z] RC VERBOSE 18 {
  "speedTrapResult": {
    "player": "TheAlphaGamer787",
    "enter": {
      "timestamp": 1737234114112,
      "position": [
        -3686.8791982111134,
        7.5875,
        8495.523365460876
      ],
      "velocity": [
        0.0,
        0.0,
        0.0
      ],
      "player": "TheAlphaGamer787"
    },
    "exit": {
      "timestamp": 1737234115564,
      "position": [
        -3686.962176616619,
        7.5875,
        8530.576342175056
      ],
      "velocity": [
        0.0,
        0.0,
        0.0
      ],
      "player": "TheAlphaGamer787"
    }
  }
}
[2025-01-18T21:01:55.571Z] RC VERBOSE {
  speedTrapResult: {
    player: 'TheAlphaGamer787',
    enter: {
      timestamp: 1737234114112,
      position: [Array],
      velocity: [Array],
      player: 'TheAlphaGamer787'
    },
    exit: {
      timestamp: 1737234115564,
      position: [Array],
      velocity: [Array],
      player: 'TheAlphaGamer787'
    }
  }
}
[2025-01-18T21:01:55.918Z] RC VERBOSE 16 {"timestamp":1737234115911,"pit_enter_crosses":["MarsCitadel"]}
[2025-01-18T21:01:56.544Z] RC VERBOSE 2 {"timestamp":1737234115863,"checkpoint_crosses":{"2":["n0va1x"]}}
[2025-01-18T21:01:57.747Z] RC VERBOSE 2 {"timestamp":1737234117063,"checkpoint_crosses":{"2":["HanameYt"]}}
[2025-01-18T21:02:00.095Z] RC VERBOSE 2 {"timestamp":1737234119414,"checkpoint_crosses":{"2":["Terraformer9"]}}
[2025-01-18T21:02:00.943Z] RC VERBOSE 2 {"timestamp":1737234120263,"checkpoint_crosses":{"1":["duxq"]}}
[2025-01-18T21:02:01.018Z] RC VERBOSE 2 {"timestamp":1737234121012,"checkpoint_crosses":{"3":["Malji"]}}
[2025-01-18T21:02:01.817Z] RC VERBOSE 18 {
  "speedTrapResult": {
    "player": "Malji",
    "enter": {
      "timestamp": 1737234120310,
      "position": [
        -3687.8573089740757,
        7.5875,
        8495.820185022572
      ],
      "velocity": [
        0.0,
        0.0,
        0.0
      ],
      "player": "Malji"
    },
    "exit": {
      "timestamp": 1737234121811,
      "position": [
        -3690.9255572599745,
        7.5875,
        8531.131243960157
      ],
      "velocity": [
        0.0,
        0.0,
        0.0
      ],
      "player": "Malji"
    }
  }
}
[2025-01-18T21:02:01.818Z] RC VERBOSE {
  speedTrapResult: {
    player: 'Malji',
    enter: {
      timestamp: 1737234120310,
      position: [Array],
      velocity: [Array],
      player: 'Malji'
    },
    exit: {
      timestamp: 1737234121811,
      position: [Array],
      velocity: [Array],
      player: 'Malji'
    }
  }
}
[2025-01-18T21:02:02.145Z] RC VERBOSE 2 {"timestamp":1737234121465,"checkpoint_crosses":{"1":["Samuelle1411"]}}
[2025-01-18T21:02:02.770Z] RC VERBOSE 2 {"timestamp":1737234122762,"checkpoint_crosses":{"3":["T1AL_"]}}
[2025-01-18T21:02:03.494Z] RC VERBOSE 2 {"timestamp":1737234122813,"checkpoint_crosses":{"1":["Saiyuuuu"]}}
[2025-01-18T21:02:03.569Z] RC VERBOSE 18 {
  "speedTrapResult": {
    "player": "T1AL_",
    "enter": {
      "timestamp": 1737234121860,
      "position": [
        -3689.6356264548745,
        7.5875,
        8495.096905872822
      ],
      "velocity": [
        0.0,
        0.0,
        0.0
      ],
      "player": "T1AL_"
    },
    "exit": {
      "timestamp": 1737234123562,
      "position": [
        -3689.455997705991,
        7.5875,
        8530.53153232877
      ],
      "velocity": [
        0.0,
        0.0,
        0.0
      ],
      "player": "T1AL_"
    }
  }
}
[2025-01-18T21:02:03.569Z] RC VERBOSE {
  speedTrapResult: {
    player: 'T1AL_',
    enter: {
      timestamp: 1737234121860,
      position: [Array],
      velocity: [Array],
      player: 'T1AL_'
    },
    exit: {
      timestamp: 1737234123562,
      position: [Array],
      velocity: [Array],
      player: 'T1AL_'
    }
  }
}
[2025-01-18T21:02:04.267Z] RC VERBOSE 2 {"timestamp":1737234124260,"checkpoint_crosses":{"3":["SaishoVibes"]}}
[2025-01-18T21:02:05.070Z] RC VERBOSE 18 {
  "speedTrapResult": {
    "player": "SaishoVibes",
    "enter": {
      "timestamp": 1737234123361,
      "position": [
        -3689.711006865945,
        7.5875,
        8495.449447252739
      ],
      "velocity": [
        0.0,
        0.0,
        0.0
      ],
      "player": "SaishoVibes"
    },
    "exit": {
      "timestamp": 1737234125063,
      "position": [
        -3692.3453627157096,
        7.5875,
        8530.7181863449
      ],
      "velocity": [
        0.0,
        0.0,
        0.0
      ],
      "player": "SaishoVibes"
    }
  }
}
[2025-01-18T21:02:05.070Z] RC VERBOSE {
  speedTrapResult: {
    player: 'SaishoVibes',
    enter: {
      timestamp: 1737234123361,
      position: [Array],
      velocity: [Array],
      player: 'SaishoVibes'
    },
    exit: {
      timestamp: 1737234125063,
      position: [Array],
      velocity: [Array],
      player: 'SaishoVibes'
    }
  }
}
[2025-01-18T21:02:05.243Z] RC VERBOSE 2 {"timestamp":1737234124564,"checkpoint_crosses":{"1":["Miesneus"]}}
[2025-01-18T21:02:05.369Z] RC VERBOSE 2 {"timestamp":1737234125362,"checkpoint_crosses":{"3":["CapitaoMorfetico"]}}
[2025-01-18T21:02:06.070Z] RC VERBOSE 18 {
  "speedTrapResult": {
    "player": "CapitaoMorfetico",
    "enter": {
      "timestamp": 1737234124562,
      "position": [
        -3689.428257457401,
        7.9,
        8495.790884278034
      ],
      "velocity": [
        0.0,
        0.0,
        0.0
      ],
      "player": "CapitaoMorfetico"
    },
    "exit": {
      "timestamp": 1737234126064,
      "position": [
        -3687.8559518963502,
        7.9,
        8530.710280024006
      ],
      "velocity": [
        0.0,
        0.0,
        0.0
      ],
      "player": "CapitaoMorfetico"
    }
  }
}
[2025-01-18T21:02:06.071Z] RC VERBOSE {
  speedTrapResult: {
    player: 'CapitaoMorfetico',
    enter: {
      timestamp: 1737234124562,
      position: [Array],
      velocity: [Array],
      player: 'CapitaoMorfetico'
    },
    exit: {
      timestamp: 1737234126064,
      position: [Array],
      velocity: [Array],
      player: 'CapitaoMorfetico'
    }
  }
}
[2025-01-18T21:02:06.120Z] RC VERBOSE 2 {"timestamp":1737234126112,"checkpoint_crosses":{"0":["chocolatemine7"]}}
[2025-01-18T21:02:06.120Z] RACE INFO chocolatemine7 finished lap 8 with a time of 62.848
[2025-01-18T21:02:06.121Z] RC VERBOSE 8 {"timestamp":1737234126112,"pit_crosses":["chocolatemine7"]}
[2025-01-18T21:02:07.120Z] RC VERBOSE 2 {"timestamp":1737234127113,"checkpoint_crosses":{"3":["KandaWel"]}}
[2025-01-18T21:02:07.370Z] RC VERBOSE 16 {"timestamp":1737234127363,"pit_enter_crosses":["TheAlphaGamer787"]}
[2025-01-18T21:02:07.493Z] RC VERBOSE 2 {"timestamp":1737234126814,"checkpoint_crosses":{"2":["duxq"]}}
[2025-01-18T21:02:07.572Z] RC VERBOSE 2 {"timestamp":1737234127565,"checkpoint_crosses":{"0":["ikonos33"]}}
[2025-01-18T21:02:07.572Z] RACE INFO ikonos33 finished lap 7 with a time of 73.703
[2025-01-18T21:02:07.573Z] RC VERBOSE 8 {"timestamp":1737234127565,"pit_crosses":["ikonos33"]}
[2025-01-18T21:02:07.920Z] RC VERBOSE 18 {
  "speedTrapResult": {
    "player": "KandaWel",
    "enter": {
      "timestamp": 1737234126314,
      "position": [
        -3688.7614259678107,
        7.5875,
        8495.120139512073
      ],
      "velocity": [
        0.0,
        0.0,
        0.0
      ],
      "player": "KandaWel"
    },
    "exit": {
      "timestamp": 1737234127914,
      "position": [
        -3694.4049139461254,
        7.5875,
        8531.704922204352
      ],
      "velocity": [
        0.0,
        0.0,
        0.0
      ],
      "player": "KandaWel"
    }
  }
}
[2025-01-18T21:02:07.920Z] RC VERBOSE {
  speedTrapResult: {
    player: 'KandaWel',
    enter: {
      timestamp: 1737234126314,
      position: [Array],
      velocity: [Array],
      player: 'KandaWel'
    },
    exit: {
      timestamp: 1737234127914,
      position: [Array],
      velocity: [Array],
      player: 'KandaWel'
    }
  }
}
[2025-01-18T21:02:08.166Z] RC VERBOSE 2 {"timestamp":1737234128160,"checkpoint_crosses":{"3":["_AmazingAstro"]}}
[2025-01-18T21:02:08.419Z] RC VERBOSE 2 {"timestamp":1737234127715,"checkpoint_crosses":{"1":["Alger1no"]}}
[2025-01-18T21:02:08.501Z] RC VERBOSE 2 {"timestamp":1737234127804,"checkpoint_crosses":{"2":["Samuelle1411"]}}
[2025-01-18T21:02:08.969Z] RC VERBOSE 18 {
  "speedTrapResult": {
    "player": "_AmazingAstro",
    "enter": {
      "timestamp": 1737234127462,
      "position": [
        -3688.0331354767727,
        7.5875,
        8495.65585467069
      ],
      "velocity": [
        0.0,
        0.0,
        0.0
      ],
      "player": "_AmazingAstro"
    },
    "exit": {
      "timestamp": 1737234128962,
      "position": [
        -3689.477241046476,
        7.5875,
        8531.854689416641
      ],
      "velocity": [
        0.0,
        0.0,
        0.0
      ],
      "player": "_AmazingAstro"
    }
  }
}
[2025-01-18T21:02:08.969Z] RC VERBOSE {
  speedTrapResult: {
    player: '_AmazingAstro',
    enter: {
      timestamp: 1737234127462,
      position: [Array],
      velocity: [Array],
      player: '_AmazingAstro'
    },
    exit: {
      timestamp: 1737234128962,
      position: [Array],
      velocity: [Array],
      player: '_AmazingAstro'
    }
  }
}
[2025-01-18T21:02:09.469Z] RC VERBOSE 2 {"timestamp":1737234129462,"checkpoint_crosses":{"0":["MarsCitadel"]}}
[2025-01-18T21:02:09.469Z] RACE INFO MarsCitadel finished lap 8 with a time of 64.697
[2025-01-18T21:02:09.470Z] RC VERBOSE 8 {"timestamp":1737234129462,"pit_crosses":["MarsCitadel"]}
[2025-01-18T21:02:10.066Z] RC VERBOSE 2 {"timestamp":1737234130059,"checkpoint_crosses":{"3":["SubayAdamm"]}}
[2025-01-18T21:02:10.569Z] RC VERBOSE 2 {"timestamp":1737234130560,"checkpoint_crosses":{"3":["Devaliant_"]}}
[2025-01-18T21:02:10.969Z] RC VERBOSE 18 {
  "speedTrapResult": {
    "player": "SubayAdamm",
    "enter": {
      "timestamp": 1737234129164,
      "position": [
        -3689.688861727862,
        7.5875,
        8495.396472823302
      ],
      "velocity": [
        0.0,
        0.0,
        0.0
      ],
      "player": "SubayAdamm"
    },
    "exit": {
      "timestamp": 1737234130963,
      "position": [
        -3692.434330072886,
        7.5875,
        8530.6777792584
      ],
      "velocity": [
        0.0,
        0.0,
        0.0
      ],
      "player": "SubayAdamm"
    }
  }
}
[2025-01-18T21:02:10.969Z] RC VERBOSE {
  speedTrapResult: {
    player: 'SubayAdamm',
    enter: {
      timestamp: 1737234129164,
      position: [Array],
      velocity: [Array],
      player: 'SubayAdamm'
    },
    exit: {
      timestamp: 1737234130963,
      position: [Array],
      velocity: [Array],
      player: 'SubayAdamm'
    }
  }
}
[2025-01-18T21:02:10.994Z] RC VERBOSE 2 {"timestamp":1737234130314,"checkpoint_crosses":{"2":["Saiyuuuu"]}}
[2025-01-18T21:02:11.317Z] RC VERBOSE 18 {
  "speedTrapResult": {
    "player": "Devaliant_",
    "enter": {
      "timestamp": 1737234129614,
      "position": [
        -3691.2499725643297,
        7.5875,
        8495.160745759777
      ],
      "velocity": [
        0.0,
        0.0,
        0.0
      ],
      "player": "Devaliant_"
    },
    "exit": {
      "timestamp": 1737234131311,
      "position": [
        -3687.6133636094464,
        7.5875,
        8531.152341267174
      ],
      "velocity": [
        0.0,
        0.0,
        0.0
      ],
      "player": "Devaliant_"
    }
  }
}
[2025-01-18T21:02:11.317Z] RC VERBOSE {
  speedTrapResult: {
    player: 'Devaliant_',
    enter: {
      timestamp: 1737234129614,
      position: [Array],
      velocity: [Array],
      player: 'Devaliant_'
    },
    exit: {
      timestamp: 1737234131311,
      position: [Array],
      velocity: [Array],
      player: 'Devaliant_'
    }
  }
}
[2025-01-18T21:02:12.018Z] RC VERBOSE 2 {"timestamp":1737234132012,"checkpoint_crosses":{"0":["Malji"]}}
[2025-01-18T21:02:12.018Z] RACE INFO Malji finished lap 8 with a time of 43.147
[2025-01-18T21:02:12.721Z] RC VERBOSE 2 {"timestamp":1737234132714,"checkpoint_crosses":{"3":["HanameYt"]}}
[2025-01-18T21:02:13.415Z] RC VERBOSE 18 {
  "speedTrapResult": {
    "player": "HanameYt",
    "enter": {
      "timestamp": 1737234131963,
      "position": [
        -3687.6659471325925,
        7.5875,
        8495.445988752266
      ],
      "velocity": [
        0.0,
        0.0,
        0.0
      ],
      "player": "HanameYt"
    },
    "exit": {
      "timestamp": 1737234133409,
      "position": [
        -3688.47466509506,
        7.5875,
        8531.666841104237
      ],
      "velocity": [
        0.0,
        0.0,
        0.0
      ],
      "player": "HanameYt"
    }
  }
}
[2025-01-18T21:02:13.415Z] RC VERBOSE {
  speedTrapResult: {
    player: 'HanameYt',
    enter: {
      timestamp: 1737234131963,
      position: [Array],
      velocity: [Array],
      player: 'HanameYt'
    },
    exit: {
      timestamp: 1737234133409,
      position: [Array],
      velocity: [Array],
      player: 'HanameYt'
    }
  }
}
[2025-01-18T21:02:13.944Z] RC VERBOSE 2 {"timestamp":1737234133263,"checkpoint_crosses":{"2":["Miesneus"]}}
[2025-01-18T21:02:14.222Z] RC VERBOSE 2 {"timestamp":1737234134215,"checkpoint_crosses":{"0":["T1AL_"]}}
[2025-01-18T21:02:14.222Z] RACE INFO T1AL_ finished lap 8 with a time of 47.456
[2025-01-18T21:02:14.771Z] RC VERBOSE 2 {"timestamp":1737234134764,"checkpoint_crosses":{"3":["Terraformer9"]}}
[2025-01-18T21:02:15.668Z] RC VERBOSE 18 {
  "speedTrapResult": {
    "player": "Terraformer9",
    "enter": {
      "timestamp": 1737234133861,
      "position": [
        -3688.8763670380145,
        7.5875,
        8495.658162403754
      ],
      "velocity": [
        0.0,
        0.0,
        0.0
      ],
      "player": "Terraformer9"
    },
    "exit": {
      "timestamp": 1737234135662,
      "position": [
        -3690.2352303450925,
        7.5875,
        8530.95018747828
      ],
      "velocity": [
        0.0,
        0.0,
        0.0
      ],
      "player": "Terraformer9"
    }
  }
}
[2025-01-18T21:02:15.668Z] RC VERBOSE {
  speedTrapResult: {
    player: 'Terraformer9',
    enter: {
      timestamp: 1737234133861,
      position: [Array],
      velocity: [Array],
      player: 'Terraformer9'
    },
    exit: {
      timestamp: 1737234135662,
      position: [Array],
      velocity: [Array],
      player: 'Terraformer9'
    }
  }
}
[2025-01-18T21:02:15.894Z] RC VERBOSE 2 {"timestamp":1737234135215,"checkpoint_crosses":{"2":["Alger1no"]}}
[2025-01-18T21:02:16.168Z] RC VERBOSE 2 {"timestamp":1737234136161,"checkpoint_crosses":{"3":["n0va1x"]}}
[2025-01-18T21:02:16.344Z] RC VERBOSE 2 {"timestamp":1737234135664,"checkpoint_crosses":{"1":["chocolatemine7"]}}
[2025-01-18T21:02:17.171Z] RC VERBOSE 18 {
  "speedTrapResult": {
    "player": "n0va1x",
    "enter": {
      "timestamp": 1737234134514,
      "position": [
        -3690.429596926447,
        7.5875,
        8495.389428818458
      ],
      "velocity": [
        0.0,
        0.0,
        0.0
      ],
      "player": "n0va1x"
    },
    "exit": {
      "timestamp": 1737234137165,
      "position": [
        -3688.757135458091,
        7.5875,
        8530.575191480712
      ],
      "velocity": [
        0.0,
        0.0,
        0.0
      ],
      "player": "n0va1x"
    }
  }
}
[2025-01-18T21:02:17.172Z] RC VERBOSE {
  speedTrapResult: {
    player: 'n0va1x',
    enter: {
      timestamp: 1737234134514,
      position: [Array],
      velocity: [Array],
      player: 'n0va1x'
    },
    exit: {
      timestamp: 1737234137165,
      position: [Array],
      velocity: [Array],
      player: 'n0va1x'
    }
  }
}
[2025-01-18T21:02:17.370Z] RC VERBOSE 16 {"timestamp":1737234137363,"pit_enter_crosses":["SaishoVibes"]}
[2025-01-18T21:02:17.798Z] RC VERBOSE 2 {"timestamp":1737234137105,"checkpoint_crosses":{"1":["ikonos33"]}}
